/*******************************************************************************
 * Size: 32 px
 * Bpp: 4
 * Opts: --font ui/fonts/Montserrat-Bold.ttf --size 32 --bpp 4 --format lvgl --no-compress --no-prefilter --lv-font-name ui_font_montserrat_bold_32 --range 0x20-0x7F,0xA1-0xFF --symbols IniciarPararContinuarFinalizarConfigurar redCancelar -o ui/fonts/lv_font_montserrat_bold_32.c
 ******************************************************************************/

#ifdef LV_LVGL_H_INCLUDE_SIMPLE
#include "lvgl.h"
#else
#include "lvgl/lvgl.h"
#endif

#ifndef UI_FONT_MONTSERRAT_BOLD_32
#define UI_FONT_MONTSERRAT_BOLD_32 1
#endif

#if UI_FONT_MONTSERRAT_BOLD_32

/*-----------------
 *    BITMAPS
 *----------------*/

/*Store the image of the glyphs*/
static LV_ATTRIBUTE_LARGE_CONST const uint8_t glyph_bitmap[] = {
    /* U+0020 " " */

    /* U+0021 "!" */
    0x5f, 0xff, 0xff, 0x93, 0xff, 0xff, 0xf8, 0x2f,
    0xff, 0xff, 0x71, 0xff, 0xff, 0xf6, 0xf, 0xff,
    0xff, 0x50, 0xff, 0xff, 0xf3, 0xe, 0xff, 0xff,
    0x20, 0xdf, 0xff, 0xf1, 0xc, 0xff, 0xff, 0x0,
    0xbf, 0xff, 0xf0, 0xa, 0xff, 0xfe, 0x0, 0x9f,
    0xff, 0xd0, 0x8, 0xff, 0xfc, 0x0, 0x7f, 0xff,
    0xb0, 0x6, 0xff, 0xfa, 0x0, 0x1, 0x11, 0x0,
    0x0, 0x0, 0x0, 0x0, 0x2b, 0xec, 0x40, 0x1e,
    0xff, 0xff, 0x45, 0xff, 0xff, 0xf9, 0x5f, 0xff,
    0xff, 0x91, 0xef, 0xff, 0xf4, 0x2, 0xcf, 0xd5,
    0x0,

    /* U+0022 "\"" */
    0x6f, 0xff, 0xc0, 0xd, 0xff, 0xf6, 0x6f, 0xff,
    0xc0, 0xc, 0xff, 0xf5, 0x5f, 0xff, 0xb0, 0xc,
    0xff, 0xf5, 0x5f, 0xff, 0xb0, 0xb, 0xff, 0xf4,
    0x4f, 0xff, 0xa0, 0xb, 0xff, 0xf3, 0x3f, 0xff,
    0x90, 0xa, 0xff, 0xf3, 0x3f, 0xff, 0x90, 0x9,
    0xff, 0xf2, 0x2f, 0xff, 0x80, 0x9, 0xff, 0xf2,
    0x2f, 0xff, 0x80, 0x8, 0xff, 0xf1, 0x5, 0x55,
    0x20, 0x3, 0x55, 0x50,

    /* U+0023 "#" */
    0x0, 0x0, 0x0, 0x1f, 0xff, 0x70, 0x0, 0xc,
    0xff, 0xc0, 0x0, 0x0, 0x0, 0x0, 0x3, 0xff,
    0xf5, 0x0, 0x0, 0xef, 0xfa, 0x0, 0x0, 0x0,
    0x0, 0x0, 0x5f, 0xff, 0x30, 0x0, 0xf, 0xff,
    0x80, 0x0, 0x0, 0x0, 0x0, 0x7, 0xff, 0xf1,
    0x0, 0x2, 0xff, 0xf6, 0x0, 0x0, 0x0, 0x0,
    0x0, 0x9f, 0xff, 0x0, 0x0, 0x5f, 0xff, 0x40,
    0x0, 0x0, 0x4f, 0xff, 0xff, 0xff, 0xff, 0xff,
    0xff, 0xff, 0xff, 0xff, 0xf6, 0x4, 0xff, 0xff,
    0xff, 0xff, 0xff, 0xff, 0xff, 0xff, 0xff, 0xff,
    0x60, 0x4f, 0xff, 0xff, 0xff, 0xff, 0xff, 0xff,
    0xff, 0xff, 0xff, 0xf6, 0x2, 0x99, 0x9a, 0xff,
    0xfc, 0x99, 0x99, 0xef, 0xfe, 0x99, 0x99, 0x30,
    0x0, 0x0, 0x3f, 0xff, 0x60, 0x0, 0xe, 0xff,
    0xb0, 0x0, 0x0, 0x0, 0x0, 0x5, 0xff, 0xf4,
    0x0, 0x0, 0xff, 0xf9, 0x0, 0x0, 0x0, 0x0,
    0x0, 0x7f, 0xff, 0x20, 0x0, 0x2f, 0xff, 0x70,
    0x0, 0x0, 0x0, 0x0, 0x9, 0xff, 0xf0, 0x0,
    0x4, 0xff, 0xf5, 0x0, 0x0, 0x0, 0x0, 0x0,
    0xbf, 0xfe, 0x0, 0x0, 0x6f, 0xff, 0x30, 0x0,
    0x0, 0x5f, 0xff, 0xff, 0xff, 0xff, 0xff, 0xff,
    0xff, 0xff, 0xff, 0xf5, 0x5, 0xff, 0xff, 0xff,
    0xff, 0xff, 0xff, 0xff, 0xff, 0xff, 0xff, 0x50,
    0x5f, 0xff, 0xff, 0xff, 0xff, 0xff, 0xff, 0xff,
    0xff, 0xff, 0xf5, 0x3, 0x99, 0x9a, 0xff, 0xfc,
    0x99, 0x99, 0xff, 0xfe, 0x99, 0x99, 0x20, 0x0,
    0x0, 0x4f, 0xff, 0x50, 0x0, 0xf, 0xff, 0xa0,
    0x0, 0x0, 0x0, 0x0, 0x6, 0xff, 0xf3, 0x0,
    0x1, 0xff, 0xf8, 0x0, 0x0, 0x0, 0x0, 0x0,
    0x8f, 0xff, 0x10, 0x0, 0x3f, 0xff, 0x60, 0x0,
    0x0, 0x0, 0x0, 0xa, 0xff, 0xf0, 0x0, 0x5,
    0xff, 0xf4, 0x0, 0x0, 0x0, 0x0, 0x0, 0xcf,
    0xfd, 0x0, 0x0, 0x7f, 0xff, 0x20, 0x0, 0x0,
    0x0,

    /* U+0024 "$" */
    0x0, 0x0, 0x0, 0x0, 0x3f, 0xff, 0x0, 0x0,
    0x0, 0x0, 0x0, 0x0, 0x0, 0x0, 0x3f, 0xff,
    0x0, 0x0, 0x0, 0x0, 0x0, 0x0, 0x0, 0x0,
    0x3f, 0xff, 0x0, 0x0, 0x0, 0x0, 0x0, 0x0,
    0x0, 0x0, 0x3f, 0xff, 0x0, 0x0, 0x0, 0x0,
    0x0, 0x0, 0x2, 0x8b, 0xef, 0xff, 0xfe, 0xb7,
    0x20, 0x0, 0x0, 0x0, 0x9f, 0xff, 0xff, 0xff,
    0xff, 0xff, 0xfb, 0x20, 0x0, 0xd, 0xff, 0xff,
    0xff, 0xff, 0xff, 0xff, 0xff, 0x40, 0x0, 0xaf,
    0xff, 0xff, 0xff, 0xff, 0xff, 0xff, 0xfe, 0x0,
    0x2, 0xff, 0xff, 0xfc, 0x8f, 0xff, 0x37, 0xbf,
    0xf7, 0x0, 0x7, 0xff, 0xff, 0xd0, 0x3f, 0xff,
    0x0, 0x1, 0x91, 0x0, 0x9, 0xff, 0xff, 0x80,
    0x3f, 0xff, 0x0, 0x0, 0x0, 0x0, 0x9, 0xff,
    0xff, 0xc0, 0x3f, 0xff, 0x0, 0x0, 0x0, 0x0,
    0x7, 0xff, 0xff, 0xfc, 0x7f, 0xff, 0x0, 0x0,
    0x0, 0x0, 0x1, 0xff, 0xff, 0xff, 0xff, 0xff,
    0x40, 0x0, 0x0, 0x0, 0x0, 0x6f, 0xff, 0xff,
    0xff, 0xff, 0xff, 0xb5, 0x0, 0x0, 0x0, 0x5,
    0xef, 0xff, 0xff, 0xff, 0xff, 0xff, 0xd3, 0x0,
    0x0, 0x0, 0x17, 0xdf, 0xff, 0xff, 0xff, 0xff,
    0xff, 0x40, 0x0, 0x0, 0x0, 0x1, 0x7f, 0xff,
    0xff, 0xff, 0xff, 0xe0, 0x0, 0x0, 0x0, 0x0,
    0x3f, 0xff, 0x7e, 0xff, 0xff, 0xf4, 0x0, 0x0,
    0x0, 0x0, 0x3f, 0xff, 0x1, 0xef, 0xff, 0xf7,
    0x0, 0x20, 0x0, 0x0, 0x3f, 0xff, 0x0, 0xaf,
    0xff, 0xf7, 0x0, 0xcd, 0x60, 0x0, 0x3f, 0xff,
    0x0, 0xef, 0xff, 0xf5, 0x3, 0xff, 0xfe, 0xa5,
    0x5f, 0xff, 0x6d, 0xff, 0xff, 0xf0, 0xa, 0xff,
    0xff, 0xff, 0xff, 0xff, 0xff, 0xff, 0xff, 0x70,
    0xd, 0xff, 0xff, 0xff, 0xff, 0xff, 0xff, 0xff,
    0xfa, 0x0, 0x0, 0x8e, 0xff, 0xff, 0xff, 0xff,
    0xff, 0xff, 0x70, 0x0, 0x0, 0x0, 0x59, 0xce,
    0xff, 0xff, 0xda, 0x60, 0x0, 0x0, 0x0, 0x0,
    0x0, 0x0, 0x3f, 0xff, 0x0, 0x0, 0x0, 0x0,
    0x0, 0x0, 0x0, 0x0, 0x3f, 0xff, 0x0, 0x0,
    0x0, 0x0, 0x0, 0x0, 0x0, 0x0, 0x3f, 0xff,
    0x0, 0x0, 0x0, 0x0, 0x0, 0x0, 0x0, 0x0,
    0x3f, 0xff, 0x0, 0x0, 0x0, 0x0,

    /* U+0025 "%" */
    0x0, 0x3, 0xae, 0xfe, 0x92, 0x0, 0x0, 0x0,
    0x0, 0x8, 0xff, 0xf4, 0x0, 0x0, 0x0, 0x6f,
    0xff, 0xff, 0xff, 0x40, 0x0, 0x0, 0x0, 0x3f,
    0xff, 0x90, 0x0, 0x0, 0x3, 0xff, 0xfe, 0xcf,
    0xff, 0xf1, 0x0, 0x0, 0x0, 0xdf, 0xfd, 0x0,
    0x0, 0x0, 0xb, 0xff, 0xc0, 0x1, 0xef, 0xf8,
    0x0, 0x0, 0x8, 0xff, 0xf4, 0x0, 0x0, 0x0,
    0xf, 0xff, 0x50, 0x0, 0x7f, 0xfd, 0x0, 0x0,
    0x3f, 0xff, 0x90, 0x0, 0x0, 0x0, 0x1f, 0xff,
    0x20, 0x0, 0x4f, 0xfe, 0x0, 0x0, 0xdf, 0xfd,
    0x0, 0x0, 0x0, 0x0, 0x1f, 0xff, 0x20, 0x0,
    0x4f, 0xfe, 0x0, 0x8, 0xff, 0xf4, 0x0, 0x0,
    0x0, 0x0, 0xf, 0xff, 0x40, 0x0, 0x7f, 0xfd,
    0x0, 0x3f, 0xff, 0x90, 0x0, 0x0, 0x0, 0x0,
    0xb, 0xff, 0xc0, 0x1, 0xef, 0xf8, 0x0, 0xdf,
    0xfe, 0x0, 0x0, 0x0, 0x0, 0x0, 0x3, 0xff,
    0xfe, 0xcf, 0xff, 0xf1, 0x8, 0xff, 0xf4, 0x0,
    0x0, 0x0, 0x0, 0x0, 0x0, 0x7f, 0xff, 0xff,
    0xff, 0x40, 0x3f, 0xff, 0x90, 0x4, 0x9a, 0x96,
    0x0, 0x0, 0x0, 0x3, 0xae, 0xfe, 0x92, 0x0,
    0xdf, 0xfe, 0x0, 0xbf, 0xff, 0xff, 0xd2, 0x0,
    0x0, 0x0, 0x0, 0x0, 0x0, 0x8, 0xff, 0xf4,
    0xb, 0xff, 0xff, 0xff, 0xfe, 0x10, 0x0, 0x0,
    0x0, 0x0, 0x0, 0x3f, 0xff, 0x90, 0x4f, 0xff,
    0x71, 0x4e, 0xff, 0x90, 0x0, 0x0, 0x0, 0x0,
    0x0, 0xdf, 0xfe, 0x0, 0xaf, 0xfb, 0x0, 0x6,
    0xff, 0xe0, 0x0, 0x0, 0x0, 0x0, 0x8, 0xff,
    0xf4, 0x0, 0xdf, 0xf6, 0x0, 0x2, 0xff, 0xf1,
    0x0, 0x0, 0x0, 0x0, 0x3f, 0xff, 0x90, 0x0,
    0xef, 0xf5, 0x0, 0x0, 0xff, 0xf2, 0x0, 0x0,
    0x0, 0x0, 0xdf, 0xfe, 0x0, 0x0, 0xdf, 0xf6,
    0x0, 0x1, 0xff, 0xf2, 0x0, 0x0, 0x0, 0x8,
    0xff, 0xf4, 0x0, 0x0, 0xbf, 0xf9, 0x0, 0x4,
    0xff, 0xf0, 0x0, 0x0, 0x0, 0x3f, 0xff, 0x90,
    0x0, 0x0, 0x6f, 0xff, 0x20, 0xc, 0xff, 0xb0,
    0x0, 0x0, 0x0, 0xdf, 0xfe, 0x0, 0x0, 0x0,
    0xe, 0xff, 0xfc, 0xef, 0xff, 0x30, 0x0, 0x0,
    0x8, 0xff, 0xf4, 0x0, 0x0, 0x0, 0x3, 0xef,
    0xff, 0xff, 0xf6, 0x0, 0x0, 0x0, 0x3f, 0xff,
    0x90, 0x0, 0x0, 0x0, 0x0, 0x19, 0xef, 0xea,
    0x30, 0x0,

    /* U+0026 "&" */
    0x0, 0x0, 0x1, 0x7b, 0xef, 0xfd, 0x92, 0x0,
    0x0, 0x0, 0x0, 0x0, 0x0, 0x4e, 0xff, 0xff,
    0xff, 0xff, 0x80, 0x0, 0x0, 0x0, 0x0, 0x3,
    0xff, 0xff, 0xff, 0xff, 0xff, 0xf6, 0x0, 0x0,
    0x0, 0x0, 0xc, 0xff, 0xff, 0xc8, 0x9f, 0xff,
    0xfe, 0x0, 0x0, 0x0, 0x0, 0x1f, 0xff, 0xfa,
    0x0, 0x4, 0xff, 0xff, 0x10, 0x0, 0x0, 0x0,
    0x3f, 0xff, 0xf5, 0x0, 0x1, 0xff, 0xff, 0x20,
    0x0, 0x0, 0x0, 0x1f, 0xff, 0xf8, 0x0, 0x6,
    0xff, 0xff, 0x0, 0x0, 0x0, 0x0, 0xc, 0xff,
    0xff, 0x20, 0x6f, 0xff, 0xf9, 0x0, 0x0, 0x0,
    0x0, 0x4, 0xff, 0xff, 0xeb, 0xff, 0xff, 0xc0,
    0x0, 0x0, 0x0, 0x0, 0x0, 0x8f, 0xff, 0xff,
    0xff, 0xfb, 0x0, 0x0, 0x0, 0x0, 0x0, 0x0,
    0x6f, 0xff, 0xff, 0xff, 0x60, 0x0, 0x0, 0x0,
    0x0, 0x0, 0x1b, 0xff, 0xff, 0xff, 0xff, 0x80,
    0x0, 0x1c, 0x72, 0x0, 0x2, 0xef, 0xff, 0xfe,
    0xff, 0xff, 0xfa, 0x0, 0x5f, 0xff, 0xc0, 0xd,
    0xff, 0xff, 0xa0, 0x5f, 0xff, 0xff, 0xb0, 0xbf,
    0xff, 0xa0, 0x6f, 0xff, 0xfa, 0x0, 0x4, 0xff,
    0xff, 0xfc, 0xff, 0xff, 0x50, 0xbf, 0xff, 0xf2,
    0x0, 0x0, 0x3e, 0xff, 0xff, 0xff, 0xfe, 0x0,
    0xdf, 0xff, 0xf1, 0x0, 0x0, 0x2, 0xef, 0xff,
    0xff, 0xf6, 0x0, 0xcf, 0xff, 0xf7, 0x0, 0x0,
    0x0, 0x2f, 0xff, 0xff, 0xf4, 0x0, 0x9f, 0xff,
    0xff, 0x93, 0x10, 0x26, 0xdf, 0xff, 0xff, 0xff,
    0x40, 0x2f, 0xff, 0xff, 0xff, 0xff, 0xff, 0xff,
    0xff, 0xff, 0xff, 0xf4, 0x4, 0xff, 0xff, 0xff,
    0xff, 0xff, 0xff, 0xfd, 0xbf, 0xff, 0xd1, 0x0,
    0x3c, 0xff, 0xff, 0xff, 0xff, 0xff, 0x80, 0xa,
    0xff, 0x20, 0x0, 0x0, 0x48, 0xce, 0xff, 0xda,
    0x60, 0x0, 0x0, 0x94, 0x0,

    /* U+0027 "'" */
    0x6f, 0xff, 0xc6, 0xff, 0xfc, 0x5f, 0xff, 0xb5,
    0xff, 0xfb, 0x4f, 0xff, 0xa3, 0xff, 0xf9, 0x3f,
    0xff, 0x92, 0xff, 0xf8, 0x2f, 0xff, 0x80, 0x55,
    0x52,

    /* U+0028 "(" */
    0x0, 0x0, 0xbd, 0xdd, 0xc0, 0x0, 0x6, 0xff,
    0xff, 0x60, 0x0, 0xe, 0xff, 0xfe, 0x0, 0x0,
    0x6f, 0xff, 0xf8, 0x0, 0x0, 0xbf, 0xff, 0xf2,
    0x0, 0x1, 0xff, 0xff, 0xc0, 0x0, 0x6, 0xff,
    0xff, 0x70, 0x0, 0xb, 0xff, 0xff, 0x30, 0x0,
    0xf, 0xff, 0xff, 0x0, 0x0, 0x2f, 0xff, 0xfd,
    0x0, 0x0, 0x4f, 0xff, 0xfa, 0x0, 0x0, 0x6f,
    0xff, 0xf7, 0x0, 0x0, 0x8f, 0xff, 0xf6, 0x0,
    0x0, 0x9f, 0xff, 0xf5, 0x0, 0x0, 0xaf, 0xff,
    0xf4, 0x0, 0x0, 0xaf, 0xff, 0xf3, 0x0, 0x0,
    0xaf, 0xff, 0xf4, 0x0, 0x0, 0x9f, 0xff, 0xf5,
    0x0, 0x0, 0x8f, 0xff, 0xf6, 0x0, 0x0, 0x7f,
    0xff, 0xf7, 0x0, 0x0, 0x5f, 0xff, 0xf9, 0x0,
    0x0, 0x2f, 0xff, 0xfc, 0x0, 0x0, 0xf, 0xff,
    0xff, 0x0, 0x0, 0xc, 0xff, 0xff, 0x20, 0x0,
    0x7, 0xff, 0xff, 0x60, 0x0, 0x2, 0xff, 0xff,
    0xb0, 0x0, 0x0, 0xcf, 0xff, 0xf1, 0x0, 0x0,
    0x7f, 0xff, 0xf7, 0x0, 0x0, 0xe, 0xff, 0xfd,
    0x0, 0x0, 0x7, 0xff, 0xff, 0x50, 0x0, 0x0,
    0xef, 0xff, 0xd0,

    /* U+0029 ")" */
    0x6d, 0xdd, 0xd4, 0x0, 0x0, 0xe, 0xff, 0xfc,
    0x0, 0x0, 0x8, 0xff, 0xff, 0x50, 0x0, 0x1,
    0xff, 0xff, 0xd0, 0x0, 0x0, 0xbf, 0xff, 0xf3,
    0x0, 0x0, 0x5f, 0xff, 0xf8, 0x0, 0x0, 0xf,
    0xff, 0xfe, 0x0, 0x0, 0xc, 0xff, 0xff, 0x20,
    0x0, 0x8, 0xff, 0xff, 0x60, 0x0, 0x6, 0xff,
    0xff, 0x90, 0x0, 0x3, 0xff, 0xff, 0xc0, 0x0,
    0x0, 0xff, 0xff, 0xe0, 0x0, 0x0, 0xff, 0xff,
    0xf0, 0x0, 0x0, 0xef, 0xff, 0xf0, 0x0, 0x0,
    0xdf, 0xff, 0xf1, 0x0, 0x0, 0xcf, 0xff, 0xf1,
    0x0, 0x0, 0xdf, 0xff, 0xf1, 0x0, 0x0, 0xef,
    0xff, 0xf1, 0x0, 0x0, 0xff, 0xff, 0xf0, 0x0,
    0x0, 0xff, 0xff, 0xe0, 0x0, 0x2, 0xff, 0xff,
    0xc0, 0x0, 0x5, 0xff, 0xff, 0x90, 0x0, 0x8,
    0xff, 0xff, 0x60, 0x0, 0xb, 0xff, 0xff, 0x30,
    0x0, 0xf, 0xff, 0xfe, 0x0, 0x0, 0x4f, 0xff,
    0xf9, 0x0, 0x0, 0xaf, 0xff, 0xf4, 0x0, 0x0,
    0xff, 0xff, 0xe0, 0x0, 0x7, 0xff, 0xff, 0x60,
    0x0, 0xe, 0xff, 0xfd, 0x0, 0x0, 0x6f, 0xff,
    0xf5, 0x0, 0x0,

    /* U+002A "*" */
    0x0, 0x0, 0x0, 0x0, 0x0, 0x0, 0x0, 0x0,
    0x0, 0x8, 0xff, 0x70, 0x0, 0x0, 0x0, 0x0,
    0x8, 0xff, 0x60, 0x0, 0x0, 0x7, 0xd3, 0x8,
    0xff, 0x60, 0x4e, 0x40, 0x1e, 0xff, 0x99, 0xff,
    0x8b, 0xff, 0xd0, 0x5f, 0xff, 0xff, 0xff, 0xff,
    0xff, 0xf3, 0x2, 0xbf, 0xff, 0xff, 0xff, 0xfa,
    0x10, 0x0, 0x8, 0xff, 0xff, 0xff, 0x60, 0x0,
    0x2, 0xbf, 0xff, 0xff, 0xff, 0xfa, 0x10, 0x5f,
    0xff, 0xff, 0xff, 0xff, 0xff, 0xf3, 0x1e, 0xff,
    0x99, 0xff, 0x7a, 0xff, 0xd0, 0x6, 0xc3, 0x8,
    0xff, 0x60, 0x4d, 0x40, 0x0, 0x0, 0x8, 0xff,
    0x60, 0x0, 0x0, 0x0, 0x0, 0x8, 0xff, 0x70,
    0x0, 0x0,

    /* U+002B "+" */
    0x0, 0x0, 0x0, 0x13, 0x33, 0x20, 0x0, 0x0,
    0x0, 0x0, 0x0, 0x7, 0xff, 0xfa, 0x0, 0x0,
    0x0, 0x0, 0x0, 0x0, 0x7f, 0xff, 0xa0, 0x0,
    0x0, 0x0, 0x0, 0x0, 0x7, 0xff, 0xfa, 0x0,
    0x0, 0x0, 0x0, 0x0, 0x0, 0x7f, 0xff, 0xa0,
    0x0, 0x0, 0x0, 0x0, 0x0, 0x7, 0xff, 0xfa,
    0x0, 0x0, 0x0, 0xf, 0xff, 0xff, 0xff, 0xff,
    0xff, 0xff, 0xff, 0x30, 0xff, 0xff, 0xff, 0xff,
    0xff, 0xff, 0xff, 0xf3, 0xf, 0xff, 0xff, 0xff,
    0xff, 0xff, 0xff, 0xff, 0x30, 0xff, 0xff, 0xff,
    0xff, 0xff, 0xff, 0xff, 0xf3, 0x0, 0x0, 0x0,
    0x7f, 0xff, 0xa0, 0x0, 0x0, 0x0, 0x0, 0x0,
    0x7, 0xff, 0xfa, 0x0, 0x0, 0x0, 0x0, 0x0,
    0x0, 0x7f, 0xff, 0xa0, 0x0, 0x0, 0x0, 0x0,
    0x0, 0x7, 0xff, 0xfa, 0x0, 0x0, 0x0, 0x0,
    0x0, 0x0, 0x7f, 0xff, 0xa0, 0x0, 0x0, 0x0,
    0x0, 0x0, 0x7, 0xff, 0xfa, 0x0, 0x0, 0x0,

    /* U+002C "," */
    0x0, 0x12, 0x0, 0x0, 0xaf, 0xfe, 0x30, 0x8f,
    0xff, 0xfe, 0xc, 0xff, 0xff, 0xf3, 0xcf, 0xff,
    0xff, 0x37, 0xff, 0xff, 0xf0, 0x9, 0xff, 0xfb,
    0x0, 0x6f, 0xff, 0x50, 0xa, 0xff, 0xe0, 0x0,
    0xef, 0xf9, 0x0, 0x2f, 0xff, 0x20, 0x6, 0xff,
    0xc0, 0x0,

    /* U+002D "-" */
    0x2, 0x22, 0x22, 0x22, 0x21, 0x5f, 0xff, 0xff,
    0xff, 0xfb, 0x5f, 0xff, 0xff, 0xff, 0xfb, 0x5f,
    0xff, 0xff, 0xff, 0xfb, 0x5f, 0xff, 0xff, 0xff,
    0xfb,

    /* U+002E "." */
    0x0, 0x45, 0x10, 0x1, 0xdf, 0xff, 0x50, 0xaf,
    0xff, 0xff, 0x1d, 0xff, 0xff, 0xf3, 0xcf, 0xff,
    0xff, 0x26, 0xff, 0xff, 0xc0, 0x6, 0xde, 0xa1,
    0x0,

    /* U+002F "/" */
    0x0, 0x0, 0x0, 0x0, 0x0, 0xa, 0xff, 0xfc,
    0x0, 0x0, 0x0, 0x0, 0x0, 0xf, 0xff, 0xf7,
    0x0, 0x0, 0x0, 0x0, 0x0, 0x5f, 0xff, 0xf1,
    0x0, 0x0, 0x0, 0x0, 0x0, 0xbf, 0xff, 0xc0,
    0x0, 0x0, 0x0, 0x0, 0x0, 0xff, 0xff, 0x60,
    0x0, 0x0, 0x0, 0x0, 0x6, 0xff, 0xff, 0x10,
    0x0, 0x0, 0x0, 0x0, 0xb, 0xff, 0xfb, 0x0,
    0x0, 0x0, 0x0, 0x0, 0x1f, 0xff, 0xf6, 0x0,
    0x0, 0x0, 0x0, 0x0, 0x6f, 0xff, 0xf1, 0x0,
    0x0, 0x0, 0x0, 0x0, 0xbf, 0xff, 0xb0, 0x0,
    0x0, 0x0, 0x0, 0x1, 0xff, 0xff, 0x50, 0x0,
    0x0, 0x0, 0x0, 0x6, 0xff, 0xff, 0x0, 0x0,
    0x0, 0x0, 0x0, 0xc, 0xff, 0xfb, 0x0, 0x0,
    0x0, 0x0, 0x0, 0x1f, 0xff, 0xf5, 0x0, 0x0,
    0x0, 0x0, 0x0, 0x7f, 0xff, 0xf0, 0x0, 0x0,
    0x0, 0x0, 0x0, 0xcf, 0xff, 0xa0, 0x0, 0x0,
    0x0, 0x0, 0x2, 0xff, 0xff, 0x50, 0x0, 0x0,
    0x0, 0x0, 0x7, 0xff, 0xff, 0x0, 0x0, 0x0,
    0x0, 0x0, 0xc, 0xff, 0xfa, 0x0, 0x0, 0x0,
    0x0, 0x0, 0x2f, 0xff, 0xf4, 0x0, 0x0, 0x0,
    0x0, 0x0, 0x7f, 0xff, 0xf0, 0x0, 0x0, 0x0,
    0x0, 0x0, 0xdf, 0xff, 0xa0, 0x0, 0x0, 0x0,
    0x0, 0x2, 0xff, 0xff, 0x40, 0x0, 0x0, 0x0,
    0x0, 0x8, 0xff, 0xfe, 0x0, 0x0, 0x0, 0x0,
    0x0, 0xd, 0xff, 0xf9, 0x0, 0x0, 0x0, 0x0,
    0x0, 0x3f, 0xff, 0xf4, 0x0, 0x0, 0x0, 0x0,
    0x0, 0x8f, 0xff, 0xe0, 0x0, 0x0, 0x0, 0x0,
    0x0, 0xdf, 0xff, 0x90, 0x0, 0x0, 0x0, 0x0,
    0x3, 0xff, 0xff, 0x30, 0x0, 0x0, 0x0, 0x0,
    0x8, 0xff, 0xfe, 0x0, 0x0, 0x0, 0x0, 0x0,
    0xe, 0xff, 0xf8, 0x0, 0x0, 0x0, 0x0, 0x0,

    /* U+0030 "0" */
    0x0, 0x0, 0x0, 0x6b, 0xef, 0xfd, 0xa4, 0x0,
    0x0, 0x0, 0x0, 0x0, 0x5e, 0xff, 0xff, 0xff,
    0xff, 0xc2, 0x0, 0x0, 0x0, 0x7, 0xff, 0xff,
    0xff, 0xff, 0xff, 0xff, 0x30, 0x0, 0x0, 0x5f,
    0xff, 0xff, 0xff, 0xff, 0xff, 0xff, 0xf2, 0x0,
    0x1, 0xff, 0xff, 0xff, 0xc9, 0x9e, 0xff, 0xff,
    0xfc, 0x0, 0x9, 0xff, 0xff, 0xf6, 0x0, 0x0,
    0xaf, 0xff, 0xff, 0x40, 0xf, 0xff, 0xff, 0x80,
    0x0, 0x0, 0xc, 0xff, 0xff, 0xa0, 0x4f, 0xff,
    0xff, 0x10, 0x0, 0x0, 0x5, 0xff, 0xff, 0xf0,
    0x7f, 0xff, 0xfc, 0x0, 0x0, 0x0, 0x0, 0xff,
    0xff, 0xf3, 0xaf, 0xff, 0xf9, 0x0, 0x0, 0x0,
    0x0, 0xef, 0xff, 0xf5, 0xbf, 0xff, 0xf8, 0x0,
    0x0, 0x0, 0x0, 0xdf, 0xff, 0xf6, 0xbf, 0xff,
    0xf8, 0x0, 0x0, 0x0, 0x0, 0xcf, 0xff, 0xf7,
    0xbf, 0xff, 0xf8, 0x0, 0x0, 0x0, 0x0, 0xdf,
    0xff, 0xf6, 0xaf, 0xff, 0xf9, 0x0, 0x0, 0x0,
    0x0, 0xef, 0xff, 0xf5, 0x7f, 0xff, 0xfc, 0x0,
    0x0, 0x0, 0x0, 0xff, 0xff, 0xf3, 0x4f, 0xff,
    0xff, 0x10, 0x0, 0x0, 0x5, 0xff, 0xff, 0xf0,
    0xf, 0xff, 0xff, 0x80, 0x0, 0x0, 0xc, 0xff,
    0xff, 0xb0, 0x9, 0xff, 0xff, 0xf5, 0x0, 0x0,
    0x9f, 0xff, 0xff, 0x40, 0x1, 0xff, 0xff, 0xff,
    0xc8, 0x9e, 0xff, 0xff, 0xfc, 0x0, 0x0, 0x6f,
    0xff, 0xff, 0xff, 0xff, 0xff, 0xff, 0xf2, 0x0,
    0x0, 0x7, 0xff, 0xff, 0xff, 0xff, 0xff, 0xff,
    0x40, 0x0, 0x0, 0x0, 0x5e, 0xff, 0xff, 0xff,
    0xff, 0xc2, 0x0, 0x0, 0x0, 0x0, 0x0, 0x6b,
    0xef, 0xfd, 0xa4, 0x0, 0x0, 0x0,

    /* U+0031 "1" */
    0xcf, 0xff, 0xff, 0xff, 0xfe, 0xcf, 0xff, 0xff,
    0xff, 0xfe, 0xcf, 0xff, 0xff, 0xff, 0xfe, 0xcf,
    0xff, 0xff, 0xff, 0xfe, 0x34, 0x44, 0x7f, 0xff,
    0xfe, 0x0, 0x0, 0x4f, 0xff, 0xfe, 0x0, 0x0,
    0x4f, 0xff, 0xfe, 0x0, 0x0, 0x4f, 0xff, 0xfe,
    0x0, 0x0, 0x4f, 0xff, 0xfe, 0x0, 0x0, 0x4f,
    0xff, 0xfe, 0x0, 0x0, 0x4f, 0xff, 0xfe, 0x0,
    0x0, 0x4f, 0xff, 0xfe, 0x0, 0x0, 0x4f, 0xff,
    0xfe, 0x0, 0x0, 0x4f, 0xff, 0xfe, 0x0, 0x0,
    0x4f, 0xff, 0xfe, 0x0, 0x0, 0x4f, 0xff, 0xfe,
    0x0, 0x0, 0x4f, 0xff, 0xfe, 0x0, 0x0, 0x4f,
    0xff, 0xfe, 0x0, 0x0, 0x4f, 0xff, 0xfe, 0x0,
    0x0, 0x4f, 0xff, 0xfe, 0x0, 0x0, 0x4f, 0xff,
    0xfe, 0x0, 0x0, 0x4f, 0xff, 0xfe, 0x0, 0x0,
    0x4f, 0xff, 0xfe,

    /* U+0032 "2" */
    0x0, 0x0, 0x38, 0xce, 0xff, 0xdb, 0x61, 0x0,
    0x0, 0x0, 0x2c, 0xff, 0xff, 0xff, 0xff, 0xff,
    0x70, 0x0, 0x5, 0xff, 0xff, 0xff, 0xff, 0xff,
    0xff, 0xf9, 0x0, 0x4f, 0xff, 0xff, 0xff, 0xff,
    0xff, 0xff, 0xff, 0x60, 0x8f, 0xff, 0xff, 0xc9,
    0x89, 0xef, 0xff, 0xff, 0xe0, 0x3, 0xdf, 0xd3,
    0x0, 0x0, 0xa, 0xff, 0xff, 0xf2, 0x0, 0x7,
    0x10, 0x0, 0x0, 0x2, 0xff, 0xff, 0xf3, 0x0,
    0x0, 0x0, 0x0, 0x0, 0x0, 0xff, 0xff, 0xf3,
    0x0, 0x0, 0x0, 0x0, 0x0, 0x3, 0xff, 0xff,
    0xf0, 0x0, 0x0, 0x0, 0x0, 0x0, 0xa, 0xff,
    0xff, 0xb0, 0x0, 0x0, 0x0, 0x0, 0x0, 0x6f,
    0xff, 0xff, 0x30, 0x0, 0x0, 0x0, 0x0, 0x6,
    0xff, 0xff, 0xf9, 0x0, 0x0, 0x0, 0x0, 0x0,
    0x7f, 0xff, 0xff, 0xb0, 0x0, 0x0, 0x0, 0x0,
    0x8, 0xff, 0xff, 0xfb, 0x0, 0x0, 0x0, 0x0,
    0x0, 0x9f, 0xff, 0xff, 0xb0, 0x0, 0x0, 0x0,
    0x0, 0xa, 0xff, 0xff, 0xfa, 0x0, 0x0, 0x0,
    0x0, 0x0, 0xbf, 0xff, 0xff, 0x90, 0x0, 0x0,
    0x0, 0x0, 0xb, 0xff, 0xff, 0xf8, 0x0, 0x0,
    0x0, 0x0, 0x1, 0xcf, 0xff, 0xff, 0xc5, 0x55,
    0x55, 0x55, 0x55, 0xc, 0xff, 0xff, 0xff, 0xff,
    0xff, 0xff, 0xff, 0xff, 0xf, 0xff, 0xff, 0xff,
    0xff, 0xff, 0xff, 0xff, 0xff, 0xf, 0xff, 0xff,
    0xff, 0xff, 0xff, 0xff, 0xff, 0xff, 0xf, 0xff,
    0xff, 0xff, 0xff, 0xff, 0xff, 0xff, 0xff,

    /* U+0033 "3" */
    0x0, 0xef, 0xff, 0xff, 0xff, 0xff, 0xff, 0xff,
    0xfc, 0x0, 0xe, 0xff, 0xff, 0xff, 0xff, 0xff,
    0xff, 0xff, 0xc0, 0x0, 0xef, 0xff, 0xff, 0xff,
    0xff, 0xff, 0xff, 0xfc, 0x0, 0xe, 0xff, 0xff,
    0xff, 0xff, 0xff, 0xff, 0xff, 0xa0, 0x0, 0x44,
    0x44, 0x44, 0x44, 0x4c, 0xff, 0xff, 0xc0, 0x0,
    0x0, 0x0, 0x0, 0x0, 0x7, 0xff, 0xff, 0xd1,
    0x0, 0x0, 0x0, 0x0, 0x0, 0x5, 0xff, 0xff,
    0xe2, 0x0, 0x0, 0x0, 0x0, 0x0, 0x4, 0xff,
    0xff, 0xf3, 0x0, 0x0, 0x0, 0x0, 0x0, 0x2,
    0xff, 0xff, 0xf5, 0x0, 0x0, 0x0, 0x0, 0x0,
    0x0, 0xef, 0xff, 0xff, 0x94, 0x0, 0x0, 0x0,
    0x0, 0x0, 0xf, 0xff, 0xff, 0xff, 0xfd, 0x30,
    0x0, 0x0, 0x0, 0x0, 0xff, 0xff, 0xff, 0xff,
    0xff, 0x40, 0x0, 0x0, 0x0, 0xe, 0xee, 0xff,
    0xff, 0xff, 0xfe, 0x0, 0x0, 0x0, 0x0, 0x0,
    0x0, 0x2a, 0xff, 0xff, 0xf6, 0x0, 0x0, 0x0,
    0x0, 0x0, 0x0, 0xc, 0xff, 0xff, 0xa0, 0x0,
    0x0, 0x0, 0x0, 0x0, 0x0, 0x7f, 0xff, 0xfc,
    0x0, 0x13, 0x0, 0x0, 0x0, 0x0, 0x9, 0xff,
    0xff, 0xb0, 0x8, 0xf9, 0x20, 0x0, 0x0, 0x5,
    0xff, 0xff, 0xf8, 0x1, 0xff, 0xff, 0xda, 0x88,
    0x9d, 0xff, 0xff, 0xff, 0x20, 0x8f, 0xff, 0xff,
    0xff, 0xff, 0xff, 0xff, 0xff, 0xa0, 0xc, 0xff,
    0xff, 0xff, 0xff, 0xff, 0xff, 0xff, 0xc0, 0x0,
    0x6, 0xdf, 0xff, 0xff, 0xff, 0xff, 0xff, 0x80,
    0x0, 0x0, 0x0, 0x37, 0xbd, 0xef, 0xfd, 0xb7,
    0x10, 0x0, 0x0,

    /* U+0034 "4" */
    0x0, 0x0, 0x0, 0x0, 0x0, 0xc, 0xff, 0xff,
    0xa0, 0x0, 0x0, 0x0, 0x0, 0x0, 0x0, 0x0,
    0x8f, 0xff, 0xfd, 0x0, 0x0, 0x0, 0x0, 0x0,
    0x0, 0x0, 0x4, 0xff, 0xff, 0xf3, 0x0, 0x0,
    0x0, 0x0, 0x0, 0x0, 0x0, 0x1e, 0xff, 0xff,
    0x70, 0x0, 0x0, 0x0, 0x0, 0x0, 0x0, 0x0,
    0xbf, 0xff, 0xfc, 0x0, 0x0, 0x0, 0x0, 0x0,
    0x0, 0x0, 0x7, 0xff, 0xff, 0xe1, 0x0, 0x0,
    0x0, 0x0, 0x0, 0x0, 0x0, 0x3f, 0xff, 0xff,
    0x50, 0x0, 0x0, 0x0, 0x0, 0x0, 0x0, 0x1,
    0xef, 0xff, 0xf9, 0x0, 0x0, 0x0, 0x0, 0x0,
    0x0, 0x0, 0xa, 0xff, 0xff, 0xd0, 0x0, 0x0,
    0x0, 0x0, 0x0, 0x0, 0x0, 0x6f, 0xff, 0xff,
    0x30, 0x7, 0x99, 0x99, 0x10, 0x0, 0x0, 0x2,
    0xff, 0xff, 0xf7, 0x0, 0xc, 0xff, 0xff, 0x10,
    0x0, 0x0, 0xd, 0xff, 0xff, 0xc0, 0x0, 0xc,
    0xff, 0xff, 0x10, 0x0, 0x0, 0x9f, 0xff, 0xfe,
    0x10, 0x0, 0xc, 0xff, 0xff, 0x10, 0x0, 0x5,
    0xff, 0xff, 0xfa, 0x55, 0x55, 0x5d, 0xff, 0xff,
    0x65, 0x54, 0xf, 0xff, 0xff, 0xff, 0xff, 0xff,
    0xff, 0xff, 0xff, 0xff, 0xfc, 0xf, 0xff, 0xff,
    0xff, 0xff, 0xff, 0xff, 0xff, 0xff, 0xff, 0xfc,
    0xf, 0xff, 0xff, 0xff, 0xff, 0xff, 0xff, 0xff,
    0xff, 0xff, 0xfc, 0xf, 0xff, 0xff, 0xff, 0xff,
    0xff, 0xff, 0xff, 0xff, 0xff, 0xfc, 0x0, 0x0,
    0x0, 0x0, 0x0, 0x0, 0xf, 0xff, 0xff, 0x10,
    0x0, 0x0, 0x0, 0x0, 0x0, 0x0, 0x0, 0xf,
    0xff, 0xff, 0x10, 0x0, 0x0, 0x0, 0x0, 0x0,
    0x0, 0x0, 0xf, 0xff, 0xff, 0x10, 0x0, 0x0,
    0x0, 0x0, 0x0, 0x0, 0x0, 0xf, 0xff, 0xff,
    0x10, 0x0, 0x0, 0x0, 0x0, 0x0, 0x0, 0x0,
    0xf, 0xff, 0xff, 0x10, 0x0,

    /* U+0035 "5" */
    0x0, 0xe, 0xff, 0xff, 0xff, 0xff, 0xff, 0xff,
    0xc0, 0x0, 0x0, 0xff, 0xff, 0xff, 0xff, 0xff,
    0xff, 0xfc, 0x0, 0x0, 0x1f, 0xff, 0xff, 0xff,
    0xff, 0xff, 0xff, 0xc0, 0x0, 0x3, 0xff, 0xff,
    0xff, 0xff, 0xff, 0xff, 0xfc, 0x0, 0x0, 0x4f,
    0xff, 0xf9, 0x44, 0x44, 0x44, 0x44, 0x30, 0x0,
    0x6, 0xff, 0xff, 0x50, 0x0, 0x0, 0x0, 0x0,
    0x0, 0x0, 0x7f, 0xff, 0xf3, 0x0, 0x0, 0x0,
    0x0, 0x0, 0x0, 0x9, 0xff, 0xff, 0x20, 0x0,
    0x0, 0x0, 0x0, 0x0, 0x0, 0xaf, 0xff, 0xff,
    0xff, 0xec, 0x95, 0x0, 0x0, 0x0, 0xc, 0xff,
    0xff, 0xff, 0xff, 0xff, 0xfe, 0x50, 0x0, 0x0,
    0xdf, 0xff, 0xff, 0xff, 0xff, 0xff, 0xff, 0x60,
    0x0, 0xf, 0xff, 0xff, 0xff, 0xff, 0xff, 0xff,
    0xff, 0x20, 0x0, 0x45, 0x55, 0x55, 0x56, 0xaf,
    0xff, 0xff, 0xf9, 0x0, 0x0, 0x0, 0x0, 0x0,
    0x0, 0x1c, 0xff, 0xff, 0xf0, 0x0, 0x0, 0x0,
    0x0, 0x0, 0x0, 0x3f, 0xff, 0xff, 0x10, 0x0,
    0x0, 0x0, 0x0, 0x0, 0x1, 0xff, 0xff, 0xf2,
    0x0, 0x50, 0x0, 0x0, 0x0, 0x0, 0x4f, 0xff,
    0xff, 0x0, 0x3f, 0xd6, 0x0, 0x0, 0x0, 0x2d,
    0xff, 0xff, 0xc0, 0xa, 0xff, 0xff, 0xb9, 0x89,
    0xbf, 0xff, 0xff, 0xf6, 0x2, 0xff, 0xff, 0xff,
    0xff, 0xff, 0xff, 0xff, 0xfd, 0x0, 0x6f, 0xff,
    0xff, 0xff, 0xff, 0xff, 0xff, 0xfe, 0x20, 0x0,
    0x3b, 0xff, 0xff, 0xff, 0xff, 0xff, 0xfb, 0x10,
    0x0, 0x0, 0x1, 0x6a, 0xde, 0xff, 0xec, 0x83,
    0x0, 0x0, 0x0,

    /* U+0036 "6" */
    0x0, 0x0, 0x0, 0x5, 0xad, 0xef, 0xfd, 0xb7,
    0x20, 0x0, 0x0, 0x0, 0x7e, 0xff, 0xff, 0xff,
    0xff, 0xff, 0x80, 0x0, 0x1, 0xcf, 0xff, 0xff,
    0xff, 0xff, 0xff, 0xf6, 0x0, 0x0, 0xdf, 0xff,
    0xff, 0xff, 0xff, 0xff, 0xfe, 0x0, 0x0, 0xaf,
    0xff, 0xff, 0xfa, 0x76, 0x68, 0xbf, 0x60, 0x0,
    0x4f, 0xff, 0xff, 0xa1, 0x0, 0x0, 0x0, 0x10,
    0x0, 0xc, 0xff, 0xff, 0xa0, 0x0, 0x0, 0x0,
    0x0, 0x0, 0x1, 0xff, 0xff, 0xf1, 0x0, 0x0,
    0x0, 0x0, 0x0, 0x0, 0x6f, 0xff, 0xfb, 0x4,
    0xad, 0xfe, 0xd9, 0x30, 0x0, 0x8, 0xff, 0xff,
    0xab, 0xff, 0xff, 0xff, 0xff, 0xb1, 0x0, 0xaf,
    0xff, 0xff, 0xff, 0xff, 0xff, 0xff, 0xff, 0xd1,
    0xb, 0xff, 0xff, 0xff, 0xff, 0xff, 0xff, 0xff,
    0xff, 0xb0, 0xbf, 0xff, 0xff, 0xfc, 0x31, 0x14,
    0xdf, 0xff, 0xff, 0x3a, 0xff, 0xff, 0xfb, 0x0,
    0x0, 0x0, 0xdf, 0xff, 0xf8, 0x9f, 0xff, 0xff,
    0x30, 0x0, 0x0, 0x6, 0xff, 0xff, 0xb5, 0xff,
    0xff, 0xf1, 0x0, 0x0, 0x0, 0x4f, 0xff, 0xfb,
    0x2f, 0xff, 0xff, 0x30, 0x0, 0x0, 0x6, 0xff,
    0xff, 0xa0, 0xbf, 0xff, 0xfa, 0x0, 0x0, 0x0,
    0xdf, 0xff, 0xf7, 0x4, 0xff, 0xff, 0xfb, 0x30,
    0x14, 0xdf, 0xff, 0xff, 0x10, 0x9, 0xff, 0xff,
    0xff, 0xff, 0xff, 0xff, 0xff, 0x70, 0x0, 0xa,
    0xff, 0xff, 0xff, 0xff, 0xff, 0xff, 0xa0, 0x0,
    0x0, 0x7, 0xef, 0xff, 0xff, 0xff, 0xff, 0x60,
    0x0, 0x0, 0x0, 0x0, 0x6a, 0xdf, 0xfd, 0xb6,
    0x10, 0x0, 0x0,

    /* U+0037 "7" */
    0x2f, 0xff, 0xff, 0xff, 0xff, 0xff, 0xff, 0xff,
    0xff, 0xc2, 0xff, 0xff, 0xff, 0xff, 0xff, 0xff,
    0xff, 0xff, 0xfc, 0x2f, 0xff, 0xff, 0xff, 0xff,
    0xff, 0xff, 0xff, 0xff, 0xc2, 0xff, 0xff, 0xff,
    0xff, 0xff, 0xff, 0xff, 0xff, 0xfb, 0x2f, 0xff,
    0xfa, 0x55, 0x55, 0x55, 0x8f, 0xff, 0xff, 0x52,
    0xff, 0xff, 0x70, 0x0, 0x0, 0xa, 0xff, 0xff,
    0xe0, 0x2f, 0xff, 0xf7, 0x0, 0x0, 0x1, 0xff,
    0xff, 0xf7, 0x2, 0xff, 0xff, 0x70, 0x0, 0x0,
    0x8f, 0xff, 0xff, 0x10, 0x1, 0x11, 0x10, 0x0,
    0x0, 0xe, 0xff, 0xff, 0xa0, 0x0, 0x0, 0x0,
    0x0, 0x0, 0x5, 0xff, 0xff, 0xf3, 0x0, 0x0,
    0x0, 0x0, 0x0, 0x0, 0xcf, 0xff, 0xfc, 0x0,
    0x0, 0x0, 0x0, 0x0, 0x0, 0x3f, 0xff, 0xff,
    0x50, 0x0, 0x0, 0x0, 0x0, 0x0, 0xa, 0xff,
    0xff, 0xe0, 0x0, 0x0, 0x0, 0x0, 0x0, 0x1,
    0xff, 0xff, 0xf8, 0x0, 0x0, 0x0, 0x0, 0x0,
    0x0, 0x8f, 0xff, 0xff, 0x10, 0x0, 0x0, 0x0,
    0x0, 0x0, 0xe, 0xff, 0xff, 0xa0, 0x0, 0x0,
    0x0, 0x0, 0x0, 0x6, 0xff, 0xff, 0xf3, 0x0,
    0x0, 0x0, 0x0, 0x0, 0x0, 0xcf, 0xff, 0xfc,
    0x0, 0x0, 0x0, 0x0, 0x0, 0x0, 0x3f, 0xff,
    0xff, 0x60, 0x0, 0x0, 0x0, 0x0, 0x0, 0xa,
    0xff, 0xff, 0xe0, 0x0, 0x0, 0x0, 0x0, 0x0,
    0x1, 0xff, 0xff, 0xf8, 0x0, 0x0, 0x0, 0x0,
    0x0, 0x0, 0x8f, 0xff, 0xff, 0x10, 0x0, 0x0,
    0x0, 0x0, 0x0, 0xe, 0xff, 0xff, 0xa0, 0x0,
    0x0, 0x0, 0x0,

    /* U+0038 "8" */
    0x0, 0x0, 0x5, 0xad, 0xef, 0xed, 0xa6, 0x10,
    0x0, 0x0, 0x0, 0x6e, 0xff, 0xff, 0xff, 0xff,
    0xfe, 0x70, 0x0, 0x0, 0x8f, 0xff, 0xff, 0xff,
    0xff, 0xff, 0xff, 0xa0, 0x0, 0x5f, 0xff, 0xff,
    0xff, 0xff, 0xff, 0xff, 0xff, 0x70, 0xc, 0xff,
    0xff, 0xf6, 0x10, 0x5, 0xef, 0xff, 0xfe, 0x0,
    0xff, 0xff, 0xf5, 0x0, 0x0, 0x3, 0xff, 0xff,
    0xf2, 0xf, 0xff, 0xff, 0x20, 0x0, 0x0, 0xf,
    0xff, 0xff, 0x20, 0xef, 0xff, 0xf6, 0x0, 0x0,
    0x4, 0xff, 0xff, 0xf0, 0x8, 0xff, 0xff, 0xf7,
    0x10, 0x16, 0xef, 0xff, 0xfa, 0x0, 0xc, 0xff,
    0xff, 0xff, 0xff, 0xff, 0xff, 0xfe, 0x10, 0x0,
    0xc, 0xff, 0xff, 0xff, 0xff, 0xff, 0xfd, 0x10,
    0x0, 0xa, 0xff, 0xff, 0xff, 0xff, 0xff, 0xff,
    0xfb, 0x10, 0xa, 0xff, 0xff, 0xff, 0xcb, 0xcf,
    0xff, 0xff, 0xfb, 0x4, 0xff, 0xff, 0xf9, 0x10,
    0x0, 0x7, 0xff, 0xff, 0xf6, 0xaf, 0xff, 0xfb,
    0x0, 0x0, 0x0, 0x9, 0xff, 0xff, 0xcc, 0xff,
    0xff, 0x60, 0x0, 0x0, 0x0, 0x4f, 0xff, 0xfe,
    0xdf, 0xff, 0xf7, 0x0, 0x0, 0x0, 0x5, 0xff,
    0xff, 0xfb, 0xff, 0xff, 0xd0, 0x0, 0x0, 0x0,
    0xbf, 0xff, 0xfd, 0x6f, 0xff, 0xff, 0xc4, 0x0,
    0x4, 0xcf, 0xff, 0xff, 0x80, 0xdf, 0xff, 0xff,
    0xff, 0xff, 0xff, 0xff, 0xff, 0xe0, 0x1, 0xdf,
    0xff, 0xff, 0xff, 0xff, 0xff, 0xff, 0xe2, 0x0,
    0x1, 0x8f, 0xff, 0xff, 0xff, 0xff, 0xff, 0x91,
    0x0, 0x0, 0x0, 0x16, 0xad, 0xef, 0xed, 0xb6,
    0x10, 0x0, 0x0,

    /* U+0039 "9" */
    0x0, 0x0, 0x5, 0xad, 0xef, 0xec, 0x82, 0x0,
    0x0, 0x0, 0x0, 0x4, 0xdf, 0xff, 0xff, 0xff,
    0xff, 0xa1, 0x0, 0x0, 0x0, 0x6f, 0xff, 0xff,
    0xff, 0xff, 0xff, 0xfe, 0x20, 0x0, 0x4, 0xff,
    0xff, 0xff, 0xff, 0xff, 0xff, 0xff, 0xe1, 0x0,
    0xd, 0xff, 0xff, 0xe6, 0x20, 0x26, 0xef, 0xff,
    0xfa, 0x0, 0x2f, 0xff, 0xff, 0x20, 0x0, 0x0,
    0x2f, 0xff, 0xff, 0x20, 0x4f, 0xff, 0xfc, 0x0,
    0x0, 0x0, 0xb, 0xff, 0xff, 0x80, 0x5f, 0xff,
    0xfc, 0x0, 0x0, 0x0, 0xb, 0xff, 0xff, 0xb0,
    0x3f, 0xff, 0xff, 0x20, 0x0, 0x0, 0x2f, 0xff,
    0xff, 0xf0, 0xf, 0xff, 0xff, 0xe6, 0x10, 0x16,
    0xef, 0xff, 0xff, 0xf0, 0x8, 0xff, 0xff, 0xff,
    0xff, 0xff, 0xff, 0xff, 0xff, 0xf1, 0x0, 0xbf,
    0xff, 0xff, 0xff, 0xff, 0xff, 0xff, 0xff, 0xf1,
    0x0, 0x8, 0xff, 0xff, 0xff, 0xff, 0xe6, 0xff,
    0xff, 0xf1, 0x0, 0x0, 0x28, 0xce, 0xfe, 0xc7,
    0x4, 0xff, 0xff, 0xf0, 0x0, 0x0, 0x0, 0x0,
    0x0, 0x0, 0x8, 0xff, 0xff, 0xc0, 0x0, 0x0,
    0x0, 0x0, 0x0, 0x0, 0xe, 0xff, 0xff, 0x80,
    0x0, 0x0, 0x0, 0x0, 0x0, 0x0, 0x8f, 0xff,
    0xff, 0x20, 0x0, 0x4, 0x0, 0x0, 0x0, 0x9,
    0xff, 0xff, 0xfb, 0x0, 0x0, 0x1f, 0xe9, 0x75,
    0x69, 0xef, 0xff, 0xff, 0xf2, 0x0, 0x0, 0x8f,
    0xff, 0xff, 0xff, 0xff, 0xff, 0xff, 0x40, 0x0,
    0x1, 0xff, 0xff, 0xff, 0xff, 0xff, 0xff, 0xf5,
    0x0, 0x0, 0x3, 0xef, 0xff, 0xff, 0xff, 0xff,
    0xfa, 0x20, 0x0, 0x0, 0x0, 0x5, 0xad, 0xef,
    0xfe, 0xb7, 0x20, 0x0, 0x0, 0x0,

    /* U+003A ":" */
    0x7, 0xde, 0xa1, 0x6, 0xff, 0xff, 0xc0, 0xcf,
    0xff, 0xff, 0x2d, 0xff, 0xff, 0xf3, 0x9f, 0xff,
    0xfe, 0x1, 0xcf, 0xff, 0x50, 0x0, 0x45, 0x10,
    0x0, 0x0, 0x0, 0x0, 0x0, 0x0, 0x0, 0x0,
    0x0, 0x0, 0x0, 0x0, 0x0, 0x0, 0x0, 0x4,
    0x51, 0x0, 0x1d, 0xff, 0xf5, 0xa, 0xff, 0xff,
    0xf1, 0xdf, 0xff, 0xff, 0x3c, 0xff, 0xff, 0xf2,
    0x6f, 0xff, 0xfc, 0x0, 0x6d, 0xea, 0x10,

    /* U+003B ";" */
    0x7, 0xde, 0xa1, 0x6, 0xff, 0xff, 0xc0, 0xcf,
    0xff, 0xff, 0x2d, 0xff, 0xff, 0xf3, 0x9f, 0xff,
    0xfe, 0x1, 0xcf, 0xff, 0x50, 0x0, 0x45, 0x10,
    0x0, 0x0, 0x0, 0x0, 0x0, 0x0, 0x0, 0x0,
    0x0, 0x0, 0x0, 0x0, 0x0, 0x0, 0x0, 0x1,
    0x20, 0x0, 0xa, 0xff, 0xe3, 0x8, 0xff, 0xff,
    0xe0, 0xcf, 0xff, 0xff, 0x3c, 0xff, 0xff, 0xf3,
    0x7f, 0xff, 0xff, 0x0, 0x9f, 0xff, 0xb0, 0x6,
    0xff, 0xf5, 0x0, 0xaf, 0xfe, 0x0, 0xe, 0xff,
    0x90, 0x2, 0xff, 0xf2, 0x0, 0x6f, 0xfc, 0x0,
    0x0,

    /* U+003C "<" */
    0x0, 0x0, 0x0, 0x0, 0x0, 0x0, 0x0, 0x5,
    0x20, 0x0, 0x0, 0x0, 0x0, 0x0, 0x3, 0x9f,
    0xf3, 0x0, 0x0, 0x0, 0x0, 0x0, 0x6c, 0xff,
    0xff, 0x30, 0x0, 0x0, 0x0, 0x3a, 0xff, 0xff,
    0xff, 0xf3, 0x0, 0x0, 0x17, 0xdf, 0xff, 0xff,
    0xff, 0xfb, 0x10, 0x4, 0xaf, 0xff, 0xff, 0xff,
    0xfd, 0x71, 0x0, 0xe, 0xff, 0xff, 0xff, 0xfe,
    0x93, 0x0, 0x0, 0x0, 0xff, 0xff, 0xff, 0xb5,
    0x0, 0x0, 0x0, 0x0, 0xf, 0xff, 0xfe, 0x40,
    0x0, 0x0, 0x0, 0x0, 0x0, 0xff, 0xff, 0xff,
    0xd7, 0x10, 0x0, 0x0, 0x0, 0xc, 0xff, 0xff,
    0xff, 0xff, 0xb5, 0x0, 0x0, 0x0, 0x3, 0x9f,
    0xff, 0xff, 0xff, 0xfe, 0x93, 0x0, 0x0, 0x0,
    0x6, 0xcf, 0xff, 0xff, 0xff, 0xfd, 0x20, 0x0,
    0x0, 0x0, 0x28, 0xef, 0xff, 0xff, 0xf3, 0x0,
    0x0, 0x0, 0x0, 0x0, 0x5b, 0xff, 0xff, 0x30,
    0x0, 0x0, 0x0, 0x0, 0x0, 0x2, 0x8e, 0xf3,
    0x0, 0x0, 0x0, 0x0, 0x0, 0x0, 0x0, 0x4,
    0x10,

    /* U+003D "=" */
    0xf, 0xff, 0xff, 0xff, 0xff, 0xff, 0xff, 0xff,
    0x30, 0xff, 0xff, 0xff, 0xff, 0xff, 0xff, 0xff,
    0xf3, 0xf, 0xff, 0xff, 0xff, 0xff, 0xff, 0xff,
    0xff, 0x30, 0xff, 0xff, 0xff, 0xff, 0xff, 0xff,
    0xff, 0xf3, 0x0, 0x0, 0x0, 0x0, 0x0, 0x0,
    0x0, 0x0, 0x0, 0x0, 0x0, 0x0, 0x0, 0x0,
    0x0, 0x0, 0x0, 0x0, 0x0, 0x0, 0x0, 0x0,
    0x0, 0x0, 0x0, 0x0, 0x0, 0x0, 0x0, 0x0,
    0x0, 0x0, 0x0, 0x0, 0xf, 0xff, 0xff, 0xff,
    0xff, 0xff, 0xff, 0xff, 0x30, 0xff, 0xff, 0xff,
    0xff, 0xff, 0xff, 0xff, 0xf3, 0xf, 0xff, 0xff,
    0xff, 0xff, 0xff, 0xff, 0xff, 0x30, 0xff, 0xff,
    0xff, 0xff, 0xff, 0xff, 0xff, 0xf3, 0x0, 0x0,
    0x0, 0x0, 0x0, 0x0, 0x0, 0x0, 0x0,

    /* U+003E ">" */
    0x7, 0x10, 0x0, 0x0, 0x0, 0x0, 0x0, 0x0,
    0x0, 0xff, 0xa4, 0x0, 0x0, 0x0, 0x0, 0x0,
    0x0, 0xf, 0xff, 0xfe, 0x71, 0x0, 0x0, 0x0,
    0x0, 0x0, 0xff, 0xff, 0xff, 0xfb, 0x50, 0x0,
    0x0, 0x0, 0xa, 0xff, 0xff, 0xff, 0xff, 0xe8,
    0x20, 0x0, 0x0, 0x0, 0x6c, 0xff, 0xff, 0xff,
    0xff, 0xc5, 0x0, 0x0, 0x0, 0x2, 0x8e, 0xff,
    0xff, 0xff, 0xfe, 0x20, 0x0, 0x0, 0x0, 0x4,
    0xaf, 0xff, 0xff, 0xf3, 0x0, 0x0, 0x0, 0x0,
    0x0, 0x2d, 0xff, 0xff, 0x30, 0x0, 0x0, 0x0,
    0x5, 0xbf, 0xff, 0xff, 0xf3, 0x0, 0x0, 0x3,
    0x9f, 0xff, 0xff, 0xff, 0xfe, 0x20, 0x1, 0x7d,
    0xff, 0xff, 0xff, 0xff, 0xa4, 0x0, 0xb, 0xff,
    0xff, 0xff, 0xff, 0xd7, 0x10, 0x0, 0x0, 0xff,
    0xff, 0xff, 0xfa, 0x30, 0x0, 0x0, 0x0, 0xf,
    0xff, 0xfc, 0x61, 0x0, 0x0, 0x0, 0x0, 0x0,
    0xff, 0x93, 0x0, 0x0, 0x0, 0x0, 0x0, 0x0,
    0x6, 0x0, 0x0, 0x0, 0x0, 0x0, 0x0, 0x0,
    0x0,

    /* U+003F "?" */
    0x0, 0x0, 0x3, 0x8c, 0xef, 0xfe, 0xc8, 0x30,
    0x0, 0x0, 0x0, 0x1b, 0xff, 0xff, 0xff, 0xff,
    0xff, 0xa1, 0x0, 0x0, 0x5f, 0xff, 0xff, 0xff,
    0xff, 0xff, 0xff, 0xd1, 0x0, 0x4f, 0xff, 0xff,
    0xff, 0xff, 0xff, 0xff, 0xff, 0x90, 0xa, 0xff,
    0xff, 0xfa, 0x65, 0x7c, 0xff, 0xff, 0xff, 0x0,
    0x4, 0xdf, 0xd2, 0x0, 0x0, 0x9, 0xff, 0xff,
    0xf2, 0x0, 0x0, 0x61, 0x0, 0x0, 0x0, 0x2f,
    0xff, 0xff, 0x10, 0x0, 0x0, 0x0, 0x0, 0x0,
    0x3, 0xff, 0xff, 0xe0, 0x0, 0x0, 0x0, 0x0,
    0x0, 0x0, 0xcf, 0xff, 0xf8, 0x0, 0x0, 0x0,
    0x0, 0x0, 0x0, 0xbf, 0xff, 0xfd, 0x0, 0x0,
    0x0, 0x0, 0x0, 0x1, 0xcf, 0xff, 0xfd, 0x10,
    0x0, 0x0, 0x0, 0x0, 0x0, 0xbf, 0xff, 0xfc,
    0x10, 0x0, 0x0, 0x0, 0x0, 0x0, 0x7f, 0xff,
    0xfc, 0x10, 0x0, 0x0, 0x0, 0x0, 0x0, 0xd,
    0xff, 0xff, 0x20, 0x0, 0x0, 0x0, 0x0, 0x0,
    0x0, 0xdd, 0xdd, 0xb0, 0x0, 0x0, 0x0, 0x0,
    0x0, 0x0, 0x0, 0x0, 0x0, 0x0, 0x0, 0x0,
    0x0, 0x0, 0x0, 0x0, 0x0, 0x0, 0x0, 0x0,
    0x0, 0x0, 0x0, 0x0, 0x0, 0x4, 0xce, 0xb2,
    0x0, 0x0, 0x0, 0x0, 0x0, 0x0, 0x3, 0xff,
    0xff, 0xe1, 0x0, 0x0, 0x0, 0x0, 0x0, 0x0,
    0x9f, 0xff, 0xff, 0x50, 0x0, 0x0, 0x0, 0x0,
    0x0, 0x9, 0xff, 0xff, 0xf5, 0x0, 0x0, 0x0,
    0x0, 0x0, 0x0, 0x3f, 0xff, 0xfe, 0x10, 0x0,
    0x0, 0x0, 0x0, 0x0, 0x0, 0x5d, 0xfc, 0x20,
    0x0, 0x0, 0x0,

    /* U+0040 "@" */
    0x0, 0x0, 0x0, 0x0, 0x0, 0x48, 0xbd, 0xff,
    0xfe, 0xc9, 0x61, 0x0, 0x0, 0x0, 0x0, 0x0,
    0x0, 0x0, 0x0, 0x7, 0xef, 0xff, 0xff, 0xff,
    0xff, 0xff, 0xfa, 0x20, 0x0, 0x0, 0x0, 0x0,
    0x0, 0x0, 0x6f, 0xff, 0xff, 0xff, 0xff, 0xff,
    0xff, 0xff, 0xff, 0xa0, 0x0, 0x0, 0x0, 0x0,
    0x0, 0xaf, 0xff, 0xff, 0xc7, 0x43, 0x22, 0x36,
    0x9e, 0xff, 0xff, 0xd2, 0x0, 0x0, 0x0, 0x0,
    0xcf, 0xff, 0xfa, 0x20, 0x0, 0x0, 0x0, 0x0,
    0x5, 0xdf, 0xff, 0xf2, 0x0, 0x0, 0x0, 0xaf,
    0xff, 0xe4, 0x0, 0x0, 0x0, 0x0, 0x0, 0x0,
    0x0, 0x8f, 0xff, 0xe1, 0x0, 0x0, 0x7f, 0xff,
    0xe1, 0x0, 0x5, 0xbe, 0xfe, 0xb4, 0x9, 0xff,
    0xfb, 0x5f, 0xff, 0xb0, 0x0, 0x1e, 0xff, 0xf2,
    0x0, 0x1c, 0xff, 0xff, 0xff, 0xfa, 0xaf, 0xff,
    0xb0, 0x7f, 0xff, 0x40, 0x8, 0xff, 0xf6, 0x0,
    0xd, 0xff, 0xff, 0xff, 0xff, 0xff, 0xff, 0xfb,
    0x0, 0xcf, 0xfc, 0x0, 0xef, 0xfd, 0x0, 0x9,
    0xff, 0xff, 0xff, 0xdf, 0xff, 0xff, 0xff, 0xb0,
    0x4, 0xff, 0xf2, 0x3f, 0xff, 0x70, 0x2, 0xff,
    0xff, 0xf5, 0x0, 0x6, 0xff, 0xff, 0xfb, 0x0,
    0xe, 0xff, 0x77, 0xff, 0xf2, 0x0, 0x7f, 0xff,
    0xf5, 0x0, 0x0, 0x6, 0xff, 0xff, 0xb0, 0x0,
    0xaf, 0xfa, 0x9f, 0xff, 0x0, 0xb, 0xff, 0xfd,
    0x0, 0x0, 0x0, 0xe, 0xff, 0xfb, 0x0, 0x7,
    0xff, 0xcb, 0xff, 0xe0, 0x0, 0xdf, 0xff, 0x90,
    0x0, 0x0, 0x0, 0xaf, 0xff, 0xb0, 0x0, 0x6f,
    0xfd, 0xbf, 0xfd, 0x0, 0xe, 0xff, 0xf8, 0x0,
    0x0, 0x0, 0x9, 0xff, 0xfb, 0x0, 0x6, 0xff,
    0xdb, 0xff, 0xe0, 0x0, 0xdf, 0xff, 0x80, 0x0,
    0x0, 0x0, 0x9f, 0xff, 0xb0, 0x0, 0x6f, 0xfc,
    0x9f, 0xff, 0x0, 0xb, 0xff, 0xfc, 0x0, 0x0,
    0x0, 0xd, 0xff, 0xfb, 0x0, 0x8, 0xff, 0xa7,
    0xff, 0xf3, 0x0, 0x7f, 0xff, 0xf3, 0x0, 0x0,
    0x4, 0xff, 0xff, 0xc0, 0x0, 0xcf, 0xf7, 0x3f,
    0xff, 0x70, 0x1, 0xff, 0xff, 0xe2, 0x0, 0x3,
    0xef, 0xff, 0xff, 0x0, 0x4f, 0xff, 0x20, 0xef,
    0xfd, 0x0, 0x8, 0xff, 0xff, 0xfc, 0xac, 0xff,
    0xff, 0xff, 0xfd, 0xaf, 0xff, 0xb0, 0x8, 0xff,
    0xf6, 0x0, 0xc, 0xff, 0xff, 0xff, 0xff, 0xfa,
    0xdf, 0xff, 0xff, 0xff, 0xf2, 0x0, 0xe, 0xff,
    0xf2, 0x0, 0xb, 0xff, 0xff, 0xff, 0xfb, 0x4,
    0xff, 0xff, 0xff, 0xf4, 0x0, 0x0, 0x6f, 0xff,
    0xd1, 0x0, 0x5, 0xbe, 0xfe, 0xb5, 0x0, 0x3,
    0xae, 0xfd, 0x91, 0x0, 0x0, 0x0, 0xaf, 0xff,
    0xe3, 0x0, 0x0, 0x0, 0x0, 0x0, 0x0, 0x0,
    0x0, 0x0, 0x0, 0x0, 0x0, 0x0, 0xcf, 0xff,
    0xf9, 0x20, 0x0, 0x0, 0x0, 0x0, 0x3, 0x0,
    0x0, 0x0, 0x0, 0x0, 0x0, 0x0, 0xaf, 0xff,
    0xff, 0xc8, 0x53, 0x23, 0x46, 0x9e, 0xf3, 0x0,
    0x0, 0x0, 0x0, 0x0, 0x0, 0x0, 0x6f, 0xff,
    0xff, 0xff, 0xff, 0xff, 0xff, 0xff, 0x90, 0x0,
    0x0, 0x0, 0x0, 0x0, 0x0, 0x0, 0x18, 0xef,
    0xff, 0xff, 0xff, 0xff, 0xff, 0xf8, 0x0, 0x0,
    0x0, 0x0, 0x0, 0x0, 0x0, 0x0, 0x0, 0x48,
    0xbe, 0xff, 0xfe, 0xc9, 0x50, 0x0, 0x0, 0x0,
    0x0, 0x0,

    /* U+0041 "A" */
    0x0, 0x0, 0x0, 0x0, 0x0, 0x8f, 0xff, 0xff,
    0x10, 0x0, 0x0, 0x0, 0x0, 0x0, 0x0, 0x0,
    0x0, 0x0, 0xef, 0xff, 0xff, 0x70, 0x0, 0x0,
    0x0, 0x0, 0x0, 0x0, 0x0, 0x0, 0x6, 0xff,
    0xff, 0xff, 0xe0, 0x0, 0x0, 0x0, 0x0, 0x0,
    0x0, 0x0, 0x0, 0xd, 0xff, 0xff, 0xff, 0xf5,
    0x0, 0x0, 0x0, 0x0, 0x0, 0x0, 0x0, 0x0,
    0x4f, 0xff, 0xff, 0xff, 0xfc, 0x0, 0x0, 0x0,
    0x0, 0x0, 0x0, 0x0, 0x0, 0xaf, 0xff, 0xfc,
    0xff, 0xff, 0x30, 0x0, 0x0, 0x0, 0x0, 0x0,
    0x0, 0x2, 0xff, 0xff, 0xb4, 0xff, 0xff, 0xa0,
    0x0, 0x0, 0x0, 0x0, 0x0, 0x0, 0x8, 0xff,
    0xff, 0x40, 0xdf, 0xff, 0xf1, 0x0, 0x0, 0x0,
    0x0, 0x0, 0x0, 0xf, 0xff, 0xfe, 0x0, 0x7f,
    0xff, 0xf8, 0x0, 0x0, 0x0, 0x0, 0x0, 0x0,
    0x6f, 0xff, 0xf7, 0x0, 0x1f, 0xff, 0xfe, 0x0,
    0x0, 0x0, 0x0, 0x0, 0x0, 0xdf, 0xff, 0xf1,
    0x0, 0xa, 0xff, 0xff, 0x60, 0x0, 0x0, 0x0,
    0x0, 0x4, 0xff, 0xff, 0xa0, 0x0, 0x3, 0xff,
    0xff, 0xd0, 0x0, 0x0, 0x0, 0x0, 0xb, 0xff,
    0xff, 0x40, 0x0, 0x0, 0xdf, 0xff, 0xf4, 0x0,
    0x0, 0x0, 0x0, 0x2f, 0xff, 0xfd, 0x0, 0x0,
    0x0, 0x6f, 0xff, 0xfb, 0x0, 0x0, 0x0, 0x0,
    0x9f, 0xff, 0xff, 0xff, 0xff, 0xff, 0xff, 0xff,
    0xff, 0x20, 0x0, 0x0, 0x1, 0xff, 0xff, 0xff,
    0xff, 0xff, 0xff, 0xff, 0xff, 0xff, 0x80, 0x0,
    0x0, 0x7, 0xff, 0xff, 0xff, 0xff, 0xff, 0xff,
    0xff, 0xff, 0xff, 0xf0, 0x0, 0x0, 0xe, 0xff,
    0xff, 0xff, 0xff, 0xff, 0xff, 0xff, 0xff, 0xff,
    0xf6, 0x0, 0x0, 0x5f, 0xff, 0xfd, 0x0, 0x0,
    0x0, 0x0, 0x0, 0x6f, 0xff, 0xfd, 0x0, 0x0,
    0xcf, 0xff, 0xf6, 0x0, 0x0, 0x0, 0x0, 0x0,
    0xf, 0xff, 0xff, 0x40, 0x3, 0xff, 0xff, 0xf1,
    0x0, 0x0, 0x0, 0x0, 0x0, 0x9, 0xff, 0xff,
    0xb0, 0xa, 0xff, 0xff, 0xa0, 0x0, 0x0, 0x0,
    0x0, 0x0, 0x3, 0xff, 0xff, 0xf2, 0x1f, 0xff,
    0xff, 0x30, 0x0, 0x0, 0x0, 0x0, 0x0, 0x0,
    0xcf, 0xff, 0xf9,

    /* U+0042 "B" */
    0x5f, 0xff, 0xff, 0xff, 0xff, 0xff, 0xfe, 0xb8,
    0x20, 0x0, 0x0, 0x5f, 0xff, 0xff, 0xff, 0xff,
    0xff, 0xff, 0xff, 0xfa, 0x10, 0x0, 0x5f, 0xff,
    0xff, 0xff, 0xff, 0xff, 0xff, 0xff, 0xff, 0xd0,
    0x0, 0x5f, 0xff, 0xff, 0xff, 0xff, 0xff, 0xff,
    0xff, 0xff, 0xf8, 0x0, 0x5f, 0xff, 0xfd, 0x0,
    0x0, 0x1, 0x28, 0xff, 0xff, 0xfe, 0x0, 0x5f,
    0xff, 0xfd, 0x0, 0x0, 0x0, 0x0, 0x7f, 0xff,
    0xff, 0x0, 0x5f, 0xff, 0xfd, 0x0, 0x0, 0x0,
    0x0, 0x3f, 0xff, 0xff, 0x0, 0x5f, 0xff, 0xfd,
    0x0, 0x0, 0x0, 0x0, 0x6f, 0xff, 0xfc, 0x0,
    0x5f, 0xff, 0xfd, 0x0, 0x0, 0x0, 0x6, 0xff,
    0xff, 0xf6, 0x0, 0x5f, 0xff, 0xff, 0xee, 0xee,
    0xef, 0xff, 0xff, 0xff, 0xa0, 0x0, 0x5f, 0xff,
    0xff, 0xff, 0xff, 0xff, 0xff, 0xff, 0xf9, 0x0,
    0x0, 0x5f, 0xff, 0xff, 0xff, 0xff, 0xff, 0xff,
    0xff, 0xff, 0x90, 0x0, 0x5f, 0xff, 0xff, 0xff,
    0xff, 0xff, 0xff, 0xff, 0xff, 0xfb, 0x0, 0x5f,
    0xff, 0xfd, 0x0, 0x0, 0x0, 0x2, 0x8f, 0xff,
    0xff, 0x70, 0x5f, 0xff, 0xfd, 0x0, 0x0, 0x0,
    0x0, 0x6, 0xff, 0xff, 0xe0, 0x5f, 0xff, 0xfd,
    0x0, 0x0, 0x0, 0x0, 0x1, 0xff, 0xff, 0xf1,
    0x5f, 0xff, 0xfd, 0x0, 0x0, 0x0, 0x0, 0x1,
    0xff, 0xff, 0xf2, 0x5f, 0xff, 0xfd, 0x0, 0x0,
    0x0, 0x0, 0x6, 0xff, 0xff, 0xf1, 0x5f, 0xff,
    0xfd, 0x0, 0x0, 0x0, 0x13, 0x8f, 0xff, 0xff,
    0xe0, 0x5f, 0xff, 0xff, 0xff, 0xff, 0xff, 0xff,
    0xff, 0xff, 0xff, 0x70, 0x5f, 0xff, 0xff, 0xff,
    0xff, 0xff, 0xff, 0xff, 0xff, 0xfb, 0x0, 0x5f,
    0xff, 0xff, 0xff, 0xff, 0xff, 0xff, 0xff, 0xff,
    0x80, 0x0, 0x5f, 0xff, 0xff, 0xff, 0xff, 0xff,
    0xff, 0xda, 0x71, 0x0, 0x0,

    /* U+0043 "C" */
    0x0, 0x0, 0x0, 0x1, 0x6a, 0xde, 0xff, 0xda,
    0x50, 0x0, 0x0, 0x0, 0x0, 0x1, 0x9f, 0xff,
    0xff, 0xff, 0xff, 0xff, 0x70, 0x0, 0x0, 0x0,
    0x5f, 0xff, 0xff, 0xff, 0xff, 0xff, 0xff, 0xfd,
    0x20, 0x0, 0x7, 0xff, 0xff, 0xff, 0xff, 0xff,
    0xff, 0xff, 0xff, 0xe2, 0x0, 0x5f, 0xff, 0xff,
    0xff, 0xdb, 0x9a, 0xcf, 0xff, 0xff, 0xe3, 0x1,
    0xff, 0xff, 0xff, 0xc3, 0x0, 0x0, 0x2, 0xaf,
    0xfe, 0x20, 0x9, 0xff, 0xff, 0xf8, 0x0, 0x0,
    0x0, 0x0, 0x6, 0xd1, 0x0, 0xf, 0xff, 0xff,
    0xb0, 0x0, 0x0, 0x0, 0x0, 0x0, 0x0, 0x0,
    0x5f, 0xff, 0xff, 0x20, 0x0, 0x0, 0x0, 0x0,
    0x0, 0x0, 0x0, 0x8f, 0xff, 0xfc, 0x0, 0x0,
    0x0, 0x0, 0x0, 0x0, 0x0, 0x0, 0xaf, 0xff,
    0xf9, 0x0, 0x0, 0x0, 0x0, 0x0, 0x0, 0x0,
    0x0, 0xbf, 0xff, 0xf8, 0x0, 0x0, 0x0, 0x0,
    0x0, 0x0, 0x0, 0x0, 0xaf, 0xff, 0xf9, 0x0,
    0x0, 0x0, 0x0, 0x0, 0x0, 0x0, 0x0, 0x8f,
    0xff, 0xfc, 0x0, 0x0, 0x0, 0x0, 0x0, 0x0,
    0x0, 0x0, 0x5f, 0xff, 0xff, 0x20, 0x0, 0x0,
    0x0, 0x0, 0x0, 0x0, 0x0, 0xf, 0xff, 0xff,
    0xb0, 0x0, 0x0, 0x0, 0x0, 0x0, 0x0, 0x0,
    0xa, 0xff, 0xff, 0xf8, 0x0, 0x0, 0x0, 0x0,
    0x6, 0xd2, 0x0, 0x1, 0xff, 0xff, 0xff, 0xb3,
    0x0, 0x0, 0x2, 0xaf, 0xfe, 0x30, 0x0, 0x6f,
    0xff, 0xff, 0xff, 0xda, 0x9a, 0xcf, 0xff, 0xff,
    0xf3, 0x0, 0x8, 0xff, 0xff, 0xff, 0xff, 0xff,
    0xff, 0xff, 0xff, 0xe1, 0x0, 0x0, 0x5f, 0xff,
    0xff, 0xff, 0xff, 0xff, 0xff, 0xfd, 0x10, 0x0,
    0x0, 0x2, 0x9f, 0xff, 0xff, 0xff, 0xff, 0xff,
    0x70, 0x0, 0x0, 0x0, 0x0, 0x1, 0x6a, 0xde,
    0xff, 0xda, 0x60, 0x0, 0x0,

    /* U+0044 "D" */
    0x5f, 0xff, 0xff, 0xff, 0xff, 0xff, 0xec, 0x94,
    0x0, 0x0, 0x0, 0x0, 0x5f, 0xff, 0xff, 0xff,
    0xff, 0xff, 0xff, 0xff, 0xe6, 0x0, 0x0, 0x0,
    0x5f, 0xff, 0xff, 0xff, 0xff, 0xff, 0xff, 0xff,
    0xff, 0xc2, 0x0, 0x0, 0x5f, 0xff, 0xff, 0xff,
    0xff, 0xff, 0xff, 0xff, 0xff, 0xfe, 0x20, 0x0,
    0x5f, 0xff, 0xfe, 0x66, 0x66, 0x67, 0x9e, 0xff,
    0xff, 0xff, 0xe1, 0x0, 0x5f, 0xff, 0xfd, 0x0,
    0x0, 0x0, 0x0, 0x5e, 0xff, 0xff, 0xf9, 0x0,
    0x5f, 0xff, 0xfd, 0x0, 0x0, 0x0, 0x0, 0x1,
    0xdf, 0xff, 0xff, 0x20, 0x5f, 0xff, 0xfd, 0x0,
    0x0, 0x0, 0x0, 0x0, 0x2f, 0xff, 0xff, 0x80,
    0x5f, 0xff, 0xfd, 0x0, 0x0, 0x0, 0x0, 0x0,
    0xa, 0xff, 0xff, 0xd0, 0x5f, 0xff, 0xfd, 0x0,
    0x0, 0x0, 0x0, 0x0, 0x5, 0xff, 0xff, 0xf0,
    0x5f, 0xff, 0xfd, 0x0, 0x0, 0x0, 0x0, 0x0,
    0x2, 0xff, 0xff, 0xf2, 0x5f, 0xff, 0xfd, 0x0,
    0x0, 0x0, 0x0, 0x0, 0x1, 0xff, 0xff, 0xf2,
    0x5f, 0xff, 0xfd, 0x0, 0x0, 0x0, 0x0, 0x0,
    0x2, 0xff, 0xff, 0xf2, 0x5f, 0xff, 0xfd, 0x0,
    0x0, 0x0, 0x0, 0x0, 0x5, 0xff, 0xff, 0xf0,
    0x5f, 0xff, 0xfd, 0x0, 0x0, 0x0, 0x0, 0x0,
    0xa, 0xff, 0xff, 0xd0, 0x5f, 0xff, 0xfd, 0x0,
    0x0, 0x0, 0x0, 0x0, 0x2f, 0xff, 0xff, 0x80,
    0x5f, 0xff, 0xfd, 0x0, 0x0, 0x0, 0x0, 0x1,
    0xdf, 0xff, 0xff, 0x20, 0x5f, 0xff, 0xfd, 0x0,
    0x0, 0x0, 0x0, 0x5e, 0xff, 0xff, 0xf9, 0x0,
    0x5f, 0xff, 0xfe, 0x66, 0x66, 0x67, 0x9e, 0xff,
    0xff, 0xff, 0xe1, 0x0, 0x5f, 0xff, 0xff, 0xff,
    0xff, 0xff, 0xff, 0xff, 0xff, 0xfe, 0x20, 0x0,
    0x5f, 0xff, 0xff, 0xff, 0xff, 0xff, 0xff, 0xff,
    0xff, 0xc2, 0x0, 0x0, 0x5f, 0xff, 0xff, 0xff,
    0xff, 0xff, 0xff, 0xff, 0xe6, 0x0, 0x0, 0x0,
    0x5f, 0xff, 0xff, 0xff, 0xff, 0xff, 0xec, 0x94,
    0x0, 0x0, 0x0, 0x0,

    /* U+0045 "E" */
    0x5f, 0xff, 0xff, 0xff, 0xff, 0xff, 0xff, 0xff,
    0xf9, 0x5f, 0xff, 0xff, 0xff, 0xff, 0xff, 0xff,
    0xff, 0xf9, 0x5f, 0xff, 0xff, 0xff, 0xff, 0xff,
    0xff, 0xff, 0xf9, 0x5f, 0xff, 0xff, 0xff, 0xff,
    0xff, 0xff, 0xff, 0xf9, 0x5f, 0xff, 0xfd, 0x44,
    0x44, 0x44, 0x44, 0x44, 0x42, 0x5f, 0xff, 0xfd,
    0x0, 0x0, 0x0, 0x0, 0x0, 0x0, 0x5f, 0xff,
    0xfd, 0x0, 0x0, 0x0, 0x0, 0x0, 0x0, 0x5f,
    0xff, 0xfd, 0x0, 0x0, 0x0, 0x0, 0x0, 0x0,
    0x5f, 0xff, 0xfd, 0x0, 0x0, 0x0, 0x0, 0x0,
    0x0, 0x5f, 0xff, 0xff, 0xff, 0xff, 0xff, 0xff,
    0xff, 0x30, 0x5f, 0xff, 0xff, 0xff, 0xff, 0xff,
    0xff, 0xff, 0x30, 0x5f, 0xff, 0xff, 0xff, 0xff,
    0xff, 0xff, 0xff, 0x30, 0x5f, 0xff, 0xff, 0xff,
    0xff, 0xff, 0xff, 0xff, 0x30, 0x5f, 0xff, 0xfd,
    0x22, 0x22, 0x22, 0x22, 0x22, 0x0, 0x5f, 0xff,
    0xfd, 0x0, 0x0, 0x0, 0x0, 0x0, 0x0, 0x5f,
    0xff, 0xfd, 0x0, 0x0, 0x0, 0x0, 0x0, 0x0,
    0x5f, 0xff, 0xfd, 0x0, 0x0, 0x0, 0x0, 0x0,
    0x0, 0x5f, 0xff, 0xfd, 0x0, 0x0, 0x0, 0x0,
    0x0, 0x0, 0x5f, 0xff, 0xfd, 0x44, 0x44, 0x44,
    0x44, 0x44, 0x44, 0x5f, 0xff, 0xff, 0xff, 0xff,
    0xff, 0xff, 0xff, 0xff, 0x5f, 0xff, 0xff, 0xff,
    0xff, 0xff, 0xff, 0xff, 0xff, 0x5f, 0xff, 0xff,
    0xff, 0xff, 0xff, 0xff, 0xff, 0xff, 0x5f, 0xff,
    0xff, 0xff, 0xff, 0xff, 0xff, 0xff, 0xff,

    /* U+0046 "F" */
    0x5f, 0xff, 0xff, 0xff, 0xff, 0xff, 0xff, 0xff,
    0xf9, 0x5f, 0xff, 0xff, 0xff, 0xff, 0xff, 0xff,
    0xff, 0xf9, 0x5f, 0xff, 0xff, 0xff, 0xff, 0xff,
    0xff, 0xff, 0xf9, 0x5f, 0xff, 0xff, 0xff, 0xff,
    0xff, 0xff, 0xff, 0xf9, 0x5f, 0xff, 0xfe, 0x44,
    0x44, 0x44, 0x44, 0x44, 0x42, 0x5f, 0xff, 0xfd,
    0x0, 0x0, 0x0, 0x0, 0x0, 0x0, 0x5f, 0xff,
    0xfd, 0x0, 0x0, 0x0, 0x0, 0x0, 0x0, 0x5f,
    0xff, 0xfd, 0x0, 0x0, 0x0, 0x0, 0x0, 0x0,
    0x5f, 0xff, 0xfd, 0x0, 0x0, 0x0, 0x0, 0x0,
    0x0, 0x5f, 0xff, 0xfd, 0x0, 0x0, 0x0, 0x0,
    0x0, 0x0, 0x5f, 0xff, 0xff, 0xff, 0xff, 0xff,
    0xff, 0xff, 0x30, 0x5f, 0xff, 0xff, 0xff, 0xff,
    0xff, 0xff, 0xff, 0x30, 0x5f, 0xff, 0xff, 0xff,
    0xff, 0xff, 0xff, 0xff, 0x30, 0x5f, 0xff, 0xff,
    0xff, 0xff, 0xff, 0xff, 0xff, 0x30, 0x5f, 0xff,
    0xfe, 0x44, 0x44, 0x44, 0x44, 0x44, 0x0, 0x5f,
    0xff, 0xfd, 0x0, 0x0, 0x0, 0x0, 0x0, 0x0,
    0x5f, 0xff, 0xfd, 0x0, 0x0, 0x0, 0x0, 0x0,
    0x0, 0x5f, 0xff, 0xfd, 0x0, 0x0, 0x0, 0x0,
    0x0, 0x0, 0x5f, 0xff, 0xfd, 0x0, 0x0, 0x0,
    0x0, 0x0, 0x0, 0x5f, 0xff, 0xfd, 0x0, 0x0,
    0x0, 0x0, 0x0, 0x0, 0x5f, 0xff, 0xfd, 0x0,
    0x0, 0x0, 0x0, 0x0, 0x0, 0x5f, 0xff, 0xfd,
    0x0, 0x0, 0x0, 0x0, 0x0, 0x0, 0x5f, 0xff,
    0xfd, 0x0, 0x0, 0x0, 0x0, 0x0, 0x0,

    /* U+0047 "G" */
    0x0, 0x0, 0x0, 0x1, 0x6a, 0xde, 0xff, 0xdb,
    0x71, 0x0, 0x0, 0x0, 0x0, 0x1, 0x9f, 0xff,
    0xff, 0xff, 0xff, 0xff, 0xa1, 0x0, 0x0, 0x0,
    0x5f, 0xff, 0xff, 0xff, 0xff, 0xff, 0xff, 0xff,
    0x50, 0x0, 0x7, 0xff, 0xff, 0xff, 0xff, 0xff,
    0xff, 0xff, 0xff, 0xf6, 0x0, 0x5f, 0xff, 0xff,
    0xff, 0xeb, 0x9a, 0xcf, 0xff, 0xff, 0xf6, 0x1,
    0xff, 0xff, 0xff, 0xc4, 0x0, 0x0, 0x0, 0x7f,
    0xff, 0x50, 0x9, 0xff, 0xff, 0xf9, 0x0, 0x0,
    0x0, 0x0, 0x2, 0xc3, 0x0, 0xf, 0xff, 0xff,
    0xb0, 0x0, 0x0, 0x0, 0x0, 0x0, 0x0, 0x0,
    0x5f, 0xff, 0xff, 0x20, 0x0, 0x0, 0x0, 0x0,
    0x0, 0x0, 0x0, 0x8f, 0xff, 0xfc, 0x0, 0x0,
    0x0, 0x0, 0x0, 0x0, 0x0, 0x0, 0xaf, 0xff,
    0xf9, 0x0, 0x0, 0x0, 0x0, 0x0, 0x0, 0x0,
    0x0, 0xbf, 0xff, 0xf8, 0x0, 0x0, 0x0, 0x0,
    0x0, 0x2d, 0xdd, 0xd7, 0xaf, 0xff, 0xf9, 0x0,
    0x0, 0x0, 0x0, 0x0, 0x3f, 0xff, 0xf8, 0x8f,
    0xff, 0xfc, 0x0, 0x0, 0x0, 0x0, 0x0, 0x3f,
    0xff, 0xf8, 0x5f, 0xff, 0xff, 0x20, 0x0, 0x0,
    0x0, 0x0, 0x3f, 0xff, 0xf8, 0xf, 0xff, 0xff,
    0xb0, 0x0, 0x0, 0x0, 0x0, 0x3f, 0xff, 0xf8,
    0xa, 0xff, 0xff, 0xf9, 0x0, 0x0, 0x0, 0x0,
    0x3f, 0xff, 0xf8, 0x1, 0xff, 0xff, 0xff, 0xc3,
    0x0, 0x0, 0x0, 0x6f, 0xff, 0xf8, 0x0, 0x6f,
    0xff, 0xff, 0xff, 0xda, 0x99, 0xbe, 0xff, 0xff,
    0xf8, 0x0, 0x7, 0xff, 0xff, 0xff, 0xff, 0xff,
    0xff, 0xff, 0xff, 0xf8, 0x0, 0x0, 0x5f, 0xff,
    0xff, 0xff, 0xff, 0xff, 0xff, 0xff, 0xb1, 0x0,
    0x0, 0x1, 0x9f, 0xff, 0xff, 0xff, 0xff, 0xff,
    0xc5, 0x0, 0x0, 0x0, 0x0, 0x1, 0x6a, 0xde,
    0xfe, 0xda, 0x62, 0x0, 0x0,

    /* U+0048 "H" */
    0x5f, 0xff, 0xfd, 0x0, 0x0, 0x0, 0x0, 0x0,
    0xff, 0xff, 0xf3, 0x5f, 0xff, 0xfd, 0x0, 0x0,
    0x0, 0x0, 0x0, 0xff, 0xff, 0xf3, 0x5f, 0xff,
    0xfd, 0x0, 0x0, 0x0, 0x0, 0x0, 0xff, 0xff,
    0xf3, 0x5f, 0xff, 0xfd, 0x0, 0x0, 0x0, 0x0,
    0x0, 0xff, 0xff, 0xf3, 0x5f, 0xff, 0xfd, 0x0,
    0x0, 0x0, 0x0, 0x0, 0xff, 0xff, 0xf3, 0x5f,
    0xff, 0xfd, 0x0, 0x0, 0x0, 0x0, 0x0, 0xff,
    0xff, 0xf3, 0x5f, 0xff, 0xfd, 0x0, 0x0, 0x0,
    0x0, 0x0, 0xff, 0xff, 0xf3, 0x5f, 0xff, 0xfd,
    0x0, 0x0, 0x0, 0x0, 0x0, 0xff, 0xff, 0xf3,
    0x5f, 0xff, 0xfd, 0x0, 0x0, 0x0, 0x0, 0x0,
    0xff, 0xff, 0xf3, 0x5f, 0xff, 0xff, 0xff, 0xff,
    0xff, 0xff, 0xff, 0xff, 0xff, 0xf3, 0x5f, 0xff,
    0xff, 0xff, 0xff, 0xff, 0xff, 0xff, 0xff, 0xff,
    0xf3, 0x5f, 0xff, 0xff, 0xff, 0xff, 0xff, 0xff,
    0xff, 0xff, 0xff, 0xf3, 0x5f, 0xff, 0xff, 0xff,
    0xff, 0xff, 0xff, 0xff, 0xff, 0xff, 0xf3, 0x5f,
    0xff, 0xfe, 0x88, 0x88, 0x88, 0x88, 0x88, 0xff,
    0xff, 0xf3, 0x5f, 0xff, 0xfd, 0x0, 0x0, 0x0,
    0x0, 0x0, 0xff, 0xff, 0xf3, 0x5f, 0xff, 0xfd,
    0x0, 0x0, 0x0, 0x0, 0x0, 0xff, 0xff, 0xf3,
    0x5f, 0xff, 0xfd, 0x0, 0x0, 0x0, 0x0, 0x0,
    0xff, 0xff, 0xf3, 0x5f, 0xff, 0xfd, 0x0, 0x0,
    0x0, 0x0, 0x0, 0xff, 0xff, 0xf3, 0x5f, 0xff,
    0xfd, 0x0, 0x0, 0x0, 0x0, 0x0, 0xff, 0xff,
    0xf3, 0x5f, 0xff, 0xfd, 0x0, 0x0, 0x0, 0x0,
    0x0, 0xff, 0xff, 0xf3, 0x5f, 0xff, 0xfd, 0x0,
    0x0, 0x0, 0x0, 0x0, 0xff, 0xff, 0xf3, 0x5f,
    0xff, 0xfd, 0x0, 0x0, 0x0, 0x0, 0x0, 0xff,
    0xff, 0xf3, 0x5f, 0xff, 0xfd, 0x0, 0x0, 0x0,
    0x0, 0x0, 0xff, 0xff, 0xf3,

    /* U+0049 "I" */
    0x5f, 0xff, 0xfd, 0x5f, 0xff, 0xfd, 0x5f, 0xff,
    0xfd, 0x5f, 0xff, 0xfd, 0x5f, 0xff, 0xfd, 0x5f,
    0xff, 0xfd, 0x5f, 0xff, 0xfd, 0x5f, 0xff, 0xfd,
    0x5f, 0xff, 0xfd, 0x5f, 0xff, 0xfd, 0x5f, 0xff,
    0xfd, 0x5f, 0xff, 0xfd, 0x5f, 0xff, 0xfd, 0x5f,
    0xff, 0xfd, 0x5f, 0xff, 0xfd, 0x5f, 0xff, 0xfd,
    0x5f, 0xff, 0xfd, 0x5f, 0xff, 0xfd, 0x5f, 0xff,
    0xfd, 0x5f, 0xff, 0xfd, 0x5f, 0xff, 0xfd, 0x5f,
    0xff, 0xfd, 0x5f, 0xff, 0xfd,

    /* U+004A "J" */
    0x0, 0x2f, 0xff, 0xff, 0xff, 0xff, 0xff, 0xfd,
    0x0, 0x2f, 0xff, 0xff, 0xff, 0xff, 0xff, 0xfd,
    0x0, 0x2f, 0xff, 0xff, 0xff, 0xff, 0xff, 0xfd,
    0x0, 0x2f, 0xff, 0xff, 0xff, 0xff, 0xff, 0xfd,
    0x0, 0x4, 0x44, 0x44, 0x44, 0x7f, 0xff, 0xfd,
    0x0, 0x0, 0x0, 0x0, 0x0, 0x4f, 0xff, 0xfd,
    0x0, 0x0, 0x0, 0x0, 0x0, 0x4f, 0xff, 0xfd,
    0x0, 0x0, 0x0, 0x0, 0x0, 0x4f, 0xff, 0xfd,
    0x0, 0x0, 0x0, 0x0, 0x0, 0x4f, 0xff, 0xfd,
    0x0, 0x0, 0x0, 0x0, 0x0, 0x4f, 0xff, 0xfd,
    0x0, 0x0, 0x0, 0x0, 0x0, 0x4f, 0xff, 0xfd,
    0x0, 0x0, 0x0, 0x0, 0x0, 0x4f, 0xff, 0xfd,
    0x0, 0x0, 0x0, 0x0, 0x0, 0x4f, 0xff, 0xfd,
    0x0, 0x0, 0x0, 0x0, 0x0, 0x4f, 0xff, 0xfd,
    0x0, 0x0, 0x0, 0x0, 0x0, 0x4f, 0xff, 0xfd,
    0x0, 0x0, 0x0, 0x0, 0x0, 0x5f, 0xff, 0xfc,
    0x0, 0x8, 0x0, 0x0, 0x0, 0x8f, 0xff, 0xfb,
    0x0, 0xbf, 0x90, 0x0, 0x1, 0xef, 0xff, 0xf8,
    0x9, 0xff, 0xfe, 0x86, 0x8e, 0xff, 0xff, 0xf3,
    0x4f, 0xff, 0xff, 0xff, 0xff, 0xff, 0xff, 0xc0,
    0xa, 0xff, 0xff, 0xff, 0xff, 0xff, 0xff, 0x20,
    0x0, 0x7f, 0xff, 0xff, 0xff, 0xff, 0xd3, 0x0,
    0x0, 0x1, 0x6b, 0xdf, 0xfd, 0xa5, 0x0, 0x0,

    /* U+004B "K" */
    0x5f, 0xff, 0xfd, 0x0, 0x0, 0x0, 0x0, 0xb,
    0xff, 0xff, 0xe2, 0x5, 0xff, 0xff, 0xd0, 0x0,
    0x0, 0x0, 0xa, 0xff, 0xff, 0xf2, 0x0, 0x5f,
    0xff, 0xfd, 0x0, 0x0, 0x0, 0x9, 0xff, 0xff,
    0xf4, 0x0, 0x5, 0xff, 0xff, 0xd0, 0x0, 0x0,
    0x7, 0xff, 0xff, 0xf5, 0x0, 0x0, 0x5f, 0xff,
    0xfd, 0x0, 0x0, 0x6, 0xff, 0xff, 0xf6, 0x0,
    0x0, 0x5, 0xff, 0xff, 0xd0, 0x0, 0x5, 0xff,
    0xff, 0xf8, 0x0, 0x0, 0x0, 0x5f, 0xff, 0xfd,
    0x0, 0x4, 0xff, 0xff, 0xf9, 0x0, 0x0, 0x0,
    0x5, 0xff, 0xff, 0xd0, 0x3, 0xff, 0xff, 0xfa,
    0x0, 0x0, 0x0, 0x0, 0x5f, 0xff, 0xfd, 0x2,
    0xef, 0xff, 0xfc, 0x0, 0x0, 0x0, 0x0, 0x5,
    0xff, 0xff, 0xd2, 0xef, 0xff, 0xfd, 0x0, 0x0,
    0x0, 0x0, 0x0, 0x5f, 0xff, 0xfe, 0xdf, 0xff,
    0xff, 0x70, 0x0, 0x0, 0x0, 0x0, 0x5, 0xff,
    0xff, 0xff, 0xff, 0xff, 0xff, 0x30, 0x0, 0x0,
    0x0, 0x0, 0x5f, 0xff, 0xff, 0xff, 0xff, 0xff,
    0xfd, 0x10, 0x0, 0x0, 0x0, 0x5, 0xff, 0xff,
    0xff, 0xff, 0xff, 0xff, 0xfb, 0x0, 0x0, 0x0,
    0x0, 0x5f, 0xff, 0xff, 0xff, 0x5c, 0xff, 0xff,
    0xf7, 0x0, 0x0, 0x0, 0x5, 0xff, 0xff, 0xff,
    0x50, 0x1e, 0xff, 0xff, 0xf4, 0x0, 0x0, 0x0,
    0x5f, 0xff, 0xff, 0x70, 0x0, 0x3f, 0xff, 0xff,
    0xe1, 0x0, 0x0, 0x5, 0xff, 0xff, 0xd0, 0x0,
    0x0, 0x6f, 0xff, 0xff, 0xc0, 0x0, 0x0, 0x5f,
    0xff, 0xfd, 0x0, 0x0, 0x0, 0x9f, 0xff, 0xff,
    0x80, 0x0, 0x5, 0xff, 0xff, 0xd0, 0x0, 0x0,
    0x0, 0xcf, 0xff, 0xff, 0x50, 0x0, 0x5f, 0xff,
    0xfd, 0x0, 0x0, 0x0, 0x1, 0xef, 0xff, 0xff,
    0x20, 0x5, 0xff, 0xff, 0xd0, 0x0, 0x0, 0x0,
    0x3, 0xff, 0xff, 0xfd, 0x0, 0x5f, 0xff, 0xfd,
    0x0, 0x0, 0x0, 0x0, 0x6, 0xff, 0xff, 0xfa,
    0x0,

    /* U+004C "L" */
    0x5f, 0xff, 0xfd, 0x0, 0x0, 0x0, 0x0, 0x0,
    0x0, 0x5f, 0xff, 0xfd, 0x0, 0x0, 0x0, 0x0,
    0x0, 0x0, 0x5f, 0xff, 0xfd, 0x0, 0x0, 0x0,
    0x0, 0x0, 0x0, 0x5f, 0xff, 0xfd, 0x0, 0x0,
    0x0, 0x0, 0x0, 0x0, 0x5f, 0xff, 0xfd, 0x0,
    0x0, 0x0, 0x0, 0x0, 0x0, 0x5f, 0xff, 0xfd,
    0x0, 0x0, 0x0, 0x0, 0x0, 0x0, 0x5f, 0xff,
    0xfd, 0x0, 0x0, 0x0, 0x0, 0x0, 0x0, 0x5f,
    0xff, 0xfd, 0x0, 0x0, 0x0, 0x0, 0x0, 0x0,
    0x5f, 0xff, 0xfd, 0x0, 0x0, 0x0, 0x0, 0x0,
    0x0, 0x5f, 0xff, 0xfd, 0x0, 0x0, 0x0, 0x0,
    0x0, 0x0, 0x5f, 0xff, 0xfd, 0x0, 0x0, 0x0,
    0x0, 0x0, 0x0, 0x5f, 0xff, 0xfd, 0x0, 0x0,
    0x0, 0x0, 0x0, 0x0, 0x5f, 0xff, 0xfd, 0x0,
    0x0, 0x0, 0x0, 0x0, 0x0, 0x5f, 0xff, 0xfd,
    0x0, 0x0, 0x0, 0x0, 0x0, 0x0, 0x5f, 0xff,
    0xfd, 0x0, 0x0, 0x0, 0x0, 0x0, 0x0, 0x5f,
    0xff, 0xfd, 0x0, 0x0, 0x0, 0x0, 0x0, 0x0,
    0x5f, 0xff, 0xfd, 0x0, 0x0, 0x0, 0x0, 0x0,
    0x0, 0x5f, 0xff, 0xfd, 0x0, 0x0, 0x0, 0x0,
    0x0, 0x0, 0x5f, 0xff, 0xfe, 0x55, 0x55, 0x55,
    0x55, 0x55, 0x50, 0x5f, 0xff, 0xff, 0xff, 0xff,
    0xff, 0xff, 0xff, 0xf1, 0x5f, 0xff, 0xff, 0xff,
    0xff, 0xff, 0xff, 0xff, 0xf1, 0x5f, 0xff, 0xff,
    0xff, 0xff, 0xff, 0xff, 0xff, 0xf1, 0x5f, 0xff,
    0xff, 0xff, 0xff, 0xff, 0xff, 0xff, 0xf1,

    /* U+004D "M" */
    0x5f, 0xff, 0xf3, 0x0, 0x0, 0x0, 0x0, 0x0,
    0x0, 0x0, 0xb, 0xff, 0xfd, 0x5f, 0xff, 0xfc,
    0x0, 0x0, 0x0, 0x0, 0x0, 0x0, 0x0, 0x4f,
    0xff, 0xfd, 0x5f, 0xff, 0xff, 0x60, 0x0, 0x0,
    0x0, 0x0, 0x0, 0x0, 0xdf, 0xff, 0xfd, 0x5f,
    0xff, 0xff, 0xe1, 0x0, 0x0, 0x0, 0x0, 0x0,
    0x7, 0xff, 0xff, 0xfd, 0x5f, 0xff, 0xff, 0xf9,
    0x0, 0x0, 0x0, 0x0, 0x0, 0x1e, 0xff, 0xff,
    0xfd, 0x5f, 0xff, 0xff, 0xff, 0x20, 0x0, 0x0,
    0x0, 0x0, 0x9f, 0xff, 0xff, 0xfd, 0x5f, 0xff,
    0xff, 0xff, 0xb0, 0x0, 0x0, 0x0, 0x2, 0xff,
    0xff, 0xff, 0xfd, 0x5f, 0xff, 0xff, 0xff, 0xf5,
    0x0, 0x0, 0x0, 0xb, 0xff, 0xff, 0xff, 0xfd,
    0x5f, 0xff, 0xff, 0xff, 0xfe, 0x0, 0x0, 0x0,
    0x5f, 0xff, 0xff, 0xff, 0xfd, 0x5f, 0xff, 0xfe,
    0xff, 0xff, 0x80, 0x0, 0x0, 0xdf, 0xff, 0xdf,
    0xff, 0xfd, 0x5f, 0xff, 0xf8, 0xdf, 0xff, 0xf2,
    0x0, 0x7, 0xff, 0xff, 0x4f, 0xff, 0xfd, 0x5f,
    0xff, 0xf8, 0x4f, 0xff, 0xfa, 0x0, 0x1f, 0xff,
    0xfb, 0xf, 0xff, 0xfd, 0x5f, 0xff, 0xf8, 0xb,
    0xff, 0xff, 0x40, 0xaf, 0xff, 0xf2, 0xf, 0xff,
    0xfe, 0x5f, 0xff, 0xf8, 0x2, 0xff, 0xff, 0xd3,
    0xff, 0xff, 0x80, 0xf, 0xff, 0xfe, 0x5f, 0xff,
    0xf8, 0x0, 0x8f, 0xff, 0xff, 0xff, 0xfe, 0x0,
    0xf, 0xff, 0xfe, 0x5f, 0xff, 0xf8, 0x0, 0xe,
    0xff, 0xff, 0xff, 0xf5, 0x0, 0xf, 0xff, 0xfe,
    0x5f, 0xff, 0xf8, 0x0, 0x5, 0xff, 0xff, 0xff,
    0xc0, 0x0, 0xf, 0xff, 0xfe, 0x5f, 0xff, 0xf8,
    0x0, 0x0, 0xbf, 0xff, 0xff, 0x30, 0x0, 0xf,
    0xff, 0xfe, 0x5f, 0xff, 0xf8, 0x0, 0x0, 0x2f,
    0xff, 0xfa, 0x0, 0x0, 0xf, 0xff, 0xfe, 0x5f,
    0xff, 0xf8, 0x0, 0x0, 0x8, 0xff, 0xf1, 0x0,
    0x0, 0xf, 0xff, 0xfe, 0x5f, 0xff, 0xf8, 0x0,
    0x0, 0x0, 0x99, 0x50, 0x0, 0x0, 0xf, 0xff,
    0xfe, 0x5f, 0xff, 0xf8, 0x0, 0x0, 0x0, 0x0,
    0x0, 0x0, 0x0, 0xf, 0xff, 0xfe, 0x5f, 0xff,
    0xf8, 0x0, 0x0, 0x0, 0x0, 0x0, 0x0, 0x0,
    0xf, 0xff, 0xfe,

    /* U+004E "N" */
    0x5f, 0xff, 0xf5, 0x0, 0x0, 0x0, 0x0, 0x0,
    0xef, 0xff, 0xf3, 0x5f, 0xff, 0xff, 0x20, 0x0,
    0x0, 0x0, 0x0, 0xef, 0xff, 0xf3, 0x5f, 0xff,
    0xff, 0xd1, 0x0, 0x0, 0x0, 0x0, 0xef, 0xff,
    0xf3, 0x5f, 0xff, 0xff, 0xfb, 0x0, 0x0, 0x0,
    0x0, 0xef, 0xff, 0xf3, 0x5f, 0xff, 0xff, 0xff,
    0x80, 0x0, 0x0, 0x0, 0xef, 0xff, 0xf3, 0x5f,
    0xff, 0xff, 0xff, 0xf5, 0x0, 0x0, 0x0, 0xef,
    0xff, 0xf3, 0x5f, 0xff, 0xff, 0xff, 0xff, 0x20,
    0x0, 0x0, 0xef, 0xff, 0xf3, 0x5f, 0xff, 0xff,
    0xff, 0xff, 0xd0, 0x0, 0x0, 0xef, 0xff, 0xf3,
    0x5f, 0xff, 0xff, 0xff, 0xff, 0xfb, 0x0, 0x0,
    0xef, 0xff, 0xf3, 0x5f, 0xff, 0xfc, 0xcf, 0xff,
    0xff, 0x70, 0x0, 0xef, 0xff, 0xf3, 0x5f, 0xff,
    0xfc, 0x1e, 0xff, 0xff, 0xf4, 0x0, 0xef, 0xff,
    0xf3, 0x5f, 0xff, 0xfc, 0x3, 0xff, 0xff, 0xff,
    0x20, 0xef, 0xff, 0xf3, 0x5f, 0xff, 0xfc, 0x0,
    0x6f, 0xff, 0xff, 0xd0, 0xef, 0xff, 0xf3, 0x5f,
    0xff, 0xfc, 0x0, 0xa, 0xff, 0xff, 0xfa, 0xef,
    0xff, 0xf3, 0x5f, 0xff, 0xfc, 0x0, 0x0, 0xcf,
    0xff, 0xff, 0xff, 0xff, 0xf3, 0x5f, 0xff, 0xfc,
    0x0, 0x0, 0x1e, 0xff, 0xff, 0xff, 0xff, 0xf3,
    0x5f, 0xff, 0xfc, 0x0, 0x0, 0x4, 0xff, 0xff,
    0xff, 0xff, 0xf3, 0x5f, 0xff, 0xfc, 0x0, 0x0,
    0x0, 0x7f, 0xff, 0xff, 0xff, 0xf3, 0x5f, 0xff,
    0xfc, 0x0, 0x0, 0x0, 0xa, 0xff, 0xff, 0xff,
    0xf3, 0x5f, 0xff, 0xfc, 0x0, 0x0, 0x0, 0x0,
    0xdf, 0xff, 0xff, 0xf3, 0x5f, 0xff, 0xfc, 0x0,
    0x0, 0x0, 0x0, 0x2e, 0xff, 0xff, 0xf3, 0x5f,
    0xff, 0xfc, 0x0, 0x0, 0x0, 0x0, 0x4, 0xff,
    0xff, 0xf3, 0x5f, 0xff, 0xfc, 0x0, 0x0, 0x0,
    0x0, 0x0, 0x7f, 0xff, 0xf3,

    /* U+004F "O" */
    0x0, 0x0, 0x0, 0x1, 0x6a, 0xde, 0xfe, 0xda,
    0x61, 0x0, 0x0, 0x0, 0x0, 0x0, 0x0, 0x19,
    0xff, 0xff, 0xff, 0xff, 0xff, 0xf9, 0x10, 0x0,
    0x0, 0x0, 0x0, 0x4e, 0xff, 0xff, 0xff, 0xff,
    0xff, 0xff, 0xff, 0x50, 0x0, 0x0, 0x0, 0x7f,
    0xff, 0xff, 0xff, 0xff, 0xff, 0xff, 0xff, 0xff,
    0x70, 0x0, 0x0, 0x5f, 0xff, 0xff, 0xff, 0xda,
    0x9a, 0xdf, 0xff, 0xff, 0xff, 0x50, 0x0, 0x1f,
    0xff, 0xff, 0xfc, 0x30, 0x0, 0x0, 0x3c, 0xff,
    0xff, 0xff, 0x10, 0x9, 0xff, 0xff, 0xf9, 0x0,
    0x0, 0x0, 0x0, 0x9, 0xff, 0xff, 0xf9, 0x0,
    0xff, 0xff, 0xfb, 0x0, 0x0, 0x0, 0x0, 0x0,
    0xb, 0xff, 0xff, 0xf0, 0x5f, 0xff, 0xff, 0x20,
    0x0, 0x0, 0x0, 0x0, 0x0, 0x2f, 0xff, 0xff,
    0x58, 0xff, 0xff, 0xc0, 0x0, 0x0, 0x0, 0x0,
    0x0, 0x0, 0xcf, 0xff, 0xf9, 0xaf, 0xff, 0xf9,
    0x0, 0x0, 0x0, 0x0, 0x0, 0x0, 0x9, 0xff,
    0xff, 0xab, 0xff, 0xff, 0x80, 0x0, 0x0, 0x0,
    0x0, 0x0, 0x0, 0x8f, 0xff, 0xfb, 0xaf, 0xff,
    0xf9, 0x0, 0x0, 0x0, 0x0, 0x0, 0x0, 0x9,
    0xff, 0xff, 0xa8, 0xff, 0xff, 0xc0, 0x0, 0x0,
    0x0, 0x0, 0x0, 0x0, 0xcf, 0xff, 0xf9, 0x5f,
    0xff, 0xff, 0x20, 0x0, 0x0, 0x0, 0x0, 0x0,
    0x2f, 0xff, 0xff, 0x50, 0xff, 0xff, 0xfb, 0x0,
    0x0, 0x0, 0x0, 0x0, 0xb, 0xff, 0xff, 0xf0,
    0x9, 0xff, 0xff, 0xf8, 0x0, 0x0, 0x0, 0x0,
    0x8, 0xff, 0xff, 0xf9, 0x0, 0x1f, 0xff, 0xff,
    0xfb, 0x30, 0x0, 0x0, 0x3b, 0xff, 0xff, 0xff,
    0x10, 0x0, 0x5f, 0xff, 0xff, 0xff, 0xda, 0x9a,
    0xdf, 0xff, 0xff, 0xff, 0x50, 0x0, 0x0, 0x7f,
    0xff, 0xff, 0xff, 0xff, 0xff, 0xff, 0xff, 0xff,
    0x70, 0x0, 0x0, 0x0, 0x5f, 0xff, 0xff, 0xff,
    0xff, 0xff, 0xff, 0xff, 0x50, 0x0, 0x0, 0x0,
    0x0, 0x19, 0xff, 0xff, 0xff, 0xff, 0xff, 0xf9,
    0x10, 0x0, 0x0, 0x0, 0x0, 0x0, 0x1, 0x6a,
    0xde, 0xfe, 0xda, 0x61, 0x0, 0x0, 0x0, 0x0,

    /* U+0050 "P" */
    0x5f, 0xff, 0xff, 0xff, 0xff, 0xfe, 0xca, 0x50,
    0x0, 0x0, 0x5, 0xff, 0xff, 0xff, 0xff, 0xff,
    0xff, 0xff, 0xf7, 0x0, 0x0, 0x5f, 0xff, 0xff,
    0xff, 0xff, 0xff, 0xff, 0xff, 0xfb, 0x0, 0x5,
    0xff, 0xff, 0xff, 0xff, 0xff, 0xff, 0xff, 0xff,
    0xfa, 0x0, 0x5f, 0xff, 0xfe, 0x55, 0x55, 0x57,
    0xbf, 0xff, 0xff, 0xf4, 0x5, 0xff, 0xff, 0xd0,
    0x0, 0x0, 0x0, 0x4f, 0xff, 0xff, 0xa0, 0x5f,
    0xff, 0xfd, 0x0, 0x0, 0x0, 0x0, 0x8f, 0xff,
    0xfe, 0x5, 0xff, 0xff, 0xd0, 0x0, 0x0, 0x0,
    0x3, 0xff, 0xff, 0xf0, 0x5f, 0xff, 0xfd, 0x0,
    0x0, 0x0, 0x0, 0x3f, 0xff, 0xff, 0x5, 0xff,
    0xff, 0xd0, 0x0, 0x0, 0x0, 0x6, 0xff, 0xff,
    0xf0, 0x5f, 0xff, 0xfd, 0x0, 0x0, 0x0, 0x1,
    0xdf, 0xff, 0xfc, 0x5, 0xff, 0xff, 0xd0, 0x0,
    0x0, 0x26, 0xdf, 0xff, 0xff, 0x60, 0x5f, 0xff,
    0xff, 0xff, 0xff, 0xff, 0xff, 0xff, 0xff, 0xd0,
    0x5, 0xff, 0xff, 0xff, 0xff, 0xff, 0xff, 0xff,
    0xff, 0xf3, 0x0, 0x5f, 0xff, 0xff, 0xff, 0xff,
    0xff, 0xff, 0xff, 0xd2, 0x0, 0x5, 0xff, 0xff,
    0xff, 0xff, 0xff, 0xff, 0xfb, 0x50, 0x0, 0x0,
    0x5f, 0xff, 0xfe, 0x55, 0x55, 0x54, 0x20, 0x0,
    0x0, 0x0, 0x5, 0xff, 0xff, 0xd0, 0x0, 0x0,
    0x0, 0x0, 0x0, 0x0, 0x0, 0x5f, 0xff, 0xfd,
    0x0, 0x0, 0x0, 0x0, 0x0, 0x0, 0x0, 0x5,
    0xff, 0xff, 0xd0, 0x0, 0x0, 0x0, 0x0, 0x0,
    0x0, 0x0, 0x5f, 0xff, 0xfd, 0x0, 0x0, 0x0,
    0x0, 0x0, 0x0, 0x0, 0x5, 0xff, 0xff, 0xd0,
    0x0, 0x0, 0x0, 0x0, 0x0, 0x0, 0x0, 0x5f,
    0xff, 0xfd, 0x0, 0x0, 0x0, 0x0, 0x0, 0x0,
    0x0, 0x0,

    /* U+0051 "Q" */
    0x0, 0x0, 0x0, 0x1, 0x5a, 0xde, 0xfe, 0xda,
    0x51, 0x0, 0x0, 0x0, 0x0, 0x0, 0x0, 0x1,
    0x8f, 0xff, 0xff, 0xff, 0xff, 0xff, 0x81, 0x0,
    0x0, 0x0, 0x0, 0x0, 0x3e, 0xff, 0xff, 0xff,
    0xff, 0xff, 0xff, 0xfe, 0x30, 0x0, 0x0, 0x0,
    0x5, 0xff, 0xff, 0xff, 0xff, 0xff, 0xff, 0xff,
    0xff, 0xf5, 0x0, 0x0, 0x0, 0x3f, 0xff, 0xff,
    0xff, 0xdb, 0x9b, 0xdf, 0xff, 0xff, 0xff, 0x30,
    0x0, 0x0, 0xdf, 0xff, 0xff, 0xd4, 0x0, 0x0,
    0x4, 0xdf, 0xff, 0xff, 0xe0, 0x0, 0x7, 0xff,
    0xff, 0xfa, 0x0, 0x0, 0x0, 0x0, 0xa, 0xff,
    0xff, 0xf7, 0x0, 0xe, 0xff, 0xff, 0xd0, 0x0,
    0x0, 0x0, 0x0, 0x0, 0xdf, 0xff, 0xfe, 0x0,
    0x3f, 0xff, 0xff, 0x40, 0x0, 0x0, 0x0, 0x0,
    0x0, 0x4f, 0xff, 0xff, 0x30, 0x7f, 0xff, 0xfe,
    0x0, 0x0, 0x0, 0x0, 0x0, 0x0, 0xe, 0xff,
    0xff, 0x80, 0x9f, 0xff, 0xfa, 0x0, 0x0, 0x0,
    0x0, 0x0, 0x0, 0xa, 0xff, 0xff, 0x90, 0xbf,
    0xff, 0xf8, 0x0, 0x0, 0x0, 0x0, 0x0, 0x0,
    0x8, 0xff, 0xff, 0xb0, 0xbf, 0xff, 0xf8, 0x0,
    0x0, 0x0, 0x0, 0x0, 0x0, 0x8, 0xff, 0xff,
    0xb0, 0xaf, 0xff, 0xfa, 0x0, 0x0, 0x0, 0x0,
    0x0, 0x0, 0xa, 0xff, 0xff, 0xa0, 0x8f, 0xff,
    0xfe, 0x0, 0x0, 0x0, 0x0, 0x0, 0x0, 0xe,
    0xff, 0xff, 0x80, 0x4f, 0xff, 0xff, 0x40, 0x0,
    0x0, 0x0, 0x0, 0x0, 0x4f, 0xff, 0xff, 0x40,
    0xe, 0xff, 0xff, 0xd0, 0x0, 0x0, 0x0, 0x0,
    0x0, 0xdf, 0xff, 0xfe, 0x0, 0x7, 0xff, 0xff,
    0xfa, 0x0, 0x0, 0x0, 0x0, 0xa, 0xff, 0xff,
    0xf7, 0x0, 0x0, 0xdf, 0xff, 0xff, 0xc4, 0x0,
    0x0, 0x4, 0xcf, 0xff, 0xff, 0xd0, 0x0, 0x0,
    0x3f, 0xff, 0xff, 0xff, 0xda, 0x9a, 0xdf, 0xff,
    0xff, 0xff, 0x30, 0x0, 0x0, 0x4, 0xff, 0xff,
    0xff, 0xff, 0xff, 0xff, 0xff, 0xff, 0xf5, 0x0,
    0x0, 0x0, 0x0, 0x3e, 0xff, 0xff, 0xff, 0xff,
    0xff, 0xff, 0xfe, 0x40, 0x0, 0x0, 0x0, 0x0,
    0x1, 0x9f, 0xff, 0xff, 0xff, 0xff, 0xff, 0x91,
    0x0, 0x0, 0x0, 0x0, 0x0, 0x0, 0x1, 0x6a,
    0xdf, 0xff, 0xff, 0xf2, 0x0, 0x0, 0x7, 0x0,
    0x0, 0x0, 0x0, 0x0, 0x0, 0xb, 0xff, 0xff,
    0xfd, 0x50, 0x4, 0xcf, 0x90, 0x0, 0x0, 0x0,
    0x0, 0x0, 0x0, 0xbf, 0xff, 0xff, 0xff, 0xff,
    0xff, 0xf5, 0x0, 0x0, 0x0, 0x0, 0x0, 0x0,
    0x9, 0xff, 0xff, 0xff, 0xff, 0xff, 0xf7, 0x0,
    0x0, 0x0, 0x0, 0x0, 0x0, 0x0, 0x5e, 0xff,
    0xff, 0xff, 0xff, 0x60, 0x0, 0x0, 0x0, 0x0,
    0x0, 0x0, 0x0, 0x0, 0x5a, 0xde, 0xec, 0x71,
    0x0,

    /* U+0052 "R" */
    0x5f, 0xff, 0xff, 0xff, 0xff, 0xfe, 0xda, 0x60,
    0x0, 0x0, 0x5, 0xff, 0xff, 0xff, 0xff, 0xff,
    0xff, 0xff, 0xf7, 0x0, 0x0, 0x5f, 0xff, 0xff,
    0xff, 0xff, 0xff, 0xff, 0xff, 0xfb, 0x0, 0x5,
    0xff, 0xff, 0xff, 0xff, 0xff, 0xff, 0xff, 0xff,
    0xfa, 0x0, 0x5f, 0xff, 0xfe, 0x55, 0x55, 0x57,
    0xbf, 0xff, 0xff, 0xf4, 0x5, 0xff, 0xff, 0xd0,
    0x0, 0x0, 0x0, 0x4f, 0xff, 0xff, 0xa0, 0x5f,
    0xff, 0xfd, 0x0, 0x0, 0x0, 0x0, 0x8f, 0xff,
    0xfe, 0x5, 0xff, 0xff, 0xd0, 0x0, 0x0, 0x0,
    0x3, 0xff, 0xff, 0xf0, 0x5f, 0xff, 0xfd, 0x0,
    0x0, 0x0, 0x0, 0x3f, 0xff, 0xff, 0x5, 0xff,
    0xff, 0xd0, 0x0, 0x0, 0x0, 0x6, 0xff, 0xff,
    0xf0, 0x5f, 0xff, 0xfd, 0x0, 0x0, 0x0, 0x1,
    0xdf, 0xff, 0xfc, 0x5, 0xff, 0xff, 0xd0, 0x0,
    0x0, 0x26, 0xef, 0xff, 0xff, 0x60, 0x5f, 0xff,
    0xff, 0xff, 0xff, 0xff, 0xff, 0xff, 0xff, 0xc0,
    0x5, 0xff, 0xff, 0xff, 0xff, 0xff, 0xff, 0xff,
    0xff, 0xd1, 0x0, 0x5f, 0xff, 0xff, 0xff, 0xff,
    0xff, 0xff, 0xff, 0xa1, 0x0, 0x5, 0xff, 0xff,
    0xff, 0xff, 0xff, 0xff, 0xff, 0xb0, 0x0, 0x0,
    0x5f, 0xff, 0xfe, 0x44, 0x44, 0x5f, 0xff, 0xff,
    0x40, 0x0, 0x5, 0xff, 0xff, 0xd0, 0x0, 0x0,
    0x9f, 0xff, 0xfe, 0x0, 0x0, 0x5f, 0xff, 0xfd,
    0x0, 0x0, 0x0, 0xef, 0xff, 0xf9, 0x0, 0x5,
    0xff, 0xff, 0xd0, 0x0, 0x0, 0x5, 0xff, 0xff,
    0xf3, 0x0, 0x5f, 0xff, 0xfd, 0x0, 0x0, 0x0,
    0xa, 0xff, 0xff, 0xd0, 0x5, 0xff, 0xff, 0xd0,
    0x0, 0x0, 0x0, 0x1f, 0xff, 0xff, 0x80, 0x5f,
    0xff, 0xfd, 0x0, 0x0, 0x0, 0x0, 0x6f, 0xff,
    0xff, 0x30,

    /* U+0053 "S" */
    0x0, 0x0, 0x1, 0x6a, 0xdf, 0xff, 0xeb, 0x84,
    0x0, 0x0, 0x0, 0x0, 0x8f, 0xff, 0xff, 0xff,
    0xff, 0xff, 0xe7, 0x0, 0x0, 0xc, 0xff, 0xff,
    0xff, 0xff, 0xff, 0xff, 0xff, 0x50, 0x0, 0xaf,
    0xff, 0xff, 0xff, 0xff, 0xff, 0xff, 0xfe, 0x0,
    0x2, 0xff, 0xff, 0xff, 0x96, 0x55, 0x7a, 0xef,
    0xf9, 0x0, 0x7, 0xff, 0xff, 0xe2, 0x0, 0x0,
    0x0, 0x5, 0xc2, 0x0, 0xa, 0xff, 0xff, 0x90,
    0x0, 0x0, 0x0, 0x0, 0x0, 0x0, 0x9, 0xff,
    0xff, 0xb0, 0x0, 0x0, 0x0, 0x0, 0x0, 0x0,
    0x6, 0xff, 0xff, 0xfa, 0x20, 0x0, 0x0, 0x0,
    0x0, 0x0, 0x1, 0xff, 0xff, 0xff, 0xfd, 0x95,
    0x10, 0x0, 0x0, 0x0, 0x0, 0x5f, 0xff, 0xff,
    0xff, 0xff, 0xfd, 0x93, 0x0, 0x0, 0x0, 0x4,
    0xef, 0xff, 0xff, 0xff, 0xff, 0xff, 0xb2, 0x0,
    0x0, 0x0, 0x6, 0xcf, 0xff, 0xff, 0xff, 0xff,
    0xff, 0x30, 0x0, 0x0, 0x0, 0x0, 0x48, 0xcf,
    0xff, 0xff, 0xff, 0xd0, 0x0, 0x0, 0x0, 0x0,
    0x0, 0x0, 0x5d, 0xff, 0xff, 0xf4, 0x0, 0x0,
    0x0, 0x0, 0x0, 0x0, 0x0, 0xef, 0xff, 0xf7,
    0x0, 0x31, 0x0, 0x0, 0x0, 0x0, 0x0, 0xaf,
    0xff, 0xf7, 0x0, 0xdf, 0x82, 0x0, 0x0, 0x0,
    0x2, 0xef, 0xff, 0xf5, 0x4, 0xff, 0xff, 0xc9,
    0x65, 0x45, 0x9f, 0xff, 0xff, 0xf1, 0xb, 0xff,
    0xff, 0xff, 0xff, 0xff, 0xff, 0xff, 0xff, 0x70,
    0xb, 0xff, 0xff, 0xff, 0xff, 0xff, 0xff, 0xff,
    0xfa, 0x0, 0x0, 0x4b, 0xff, 0xff, 0xff, 0xff,
    0xff, 0xfe, 0x60, 0x0, 0x0, 0x0, 0x26, 0xad,
    0xef, 0xfe, 0xda, 0x50, 0x0, 0x0,

    /* U+0054 "T" */
    0xef, 0xff, 0xff, 0xff, 0xff, 0xff, 0xff, 0xff,
    0xff, 0xfa, 0xef, 0xff, 0xff, 0xff, 0xff, 0xff,
    0xff, 0xff, 0xff, 0xfa, 0xef, 0xff, 0xff, 0xff,
    0xff, 0xff, 0xff, 0xff, 0xff, 0xfa, 0xef, 0xff,
    0xff, 0xff, 0xff, 0xff, 0xff, 0xff, 0xff, 0xfa,
    0x45, 0x55, 0x55, 0x5c, 0xff, 0xff, 0xa5, 0x55,
    0x55, 0x53, 0x0, 0x0, 0x0, 0xb, 0xff, 0xff,
    0x70, 0x0, 0x0, 0x0, 0x0, 0x0, 0x0, 0xb,
    0xff, 0xff, 0x70, 0x0, 0x0, 0x0, 0x0, 0x0,
    0x0, 0xb, 0xff, 0xff, 0x70, 0x0, 0x0, 0x0,
    0x0, 0x0, 0x0, 0xb, 0xff, 0xff, 0x70, 0x0,
    0x0, 0x0, 0x0, 0x0, 0x0, 0xb, 0xff, 0xff,
    0x70, 0x0, 0x0, 0x0, 0x0, 0x0, 0x0, 0xb,
    0xff, 0xff, 0x70, 0x0, 0x0, 0x0, 0x0, 0x0,
    0x0, 0xb, 0xff, 0xff, 0x70, 0x0, 0x0, 0x0,
    0x0, 0x0, 0x0, 0xb, 0xff, 0xff, 0x70, 0x0,
    0x0, 0x0, 0x0, 0x0, 0x0, 0xb, 0xff, 0xff,
    0x70, 0x0, 0x0, 0x0, 0x0, 0x0, 0x0, 0xb,
    0xff, 0xff, 0x70, 0x0, 0x0, 0x0, 0x0, 0x0,
    0x0, 0xb, 0xff, 0xff, 0x70, 0x0, 0x0, 0x0,
    0x0, 0x0, 0x0, 0xb, 0xff, 0xff, 0x70, 0x0,
    0x0, 0x0, 0x0, 0x0, 0x0, 0xb, 0xff, 0xff,
    0x70, 0x0, 0x0, 0x0, 0x0, 0x0, 0x0, 0xb,
    0xff, 0xff, 0x70, 0x0, 0x0, 0x0, 0x0, 0x0,
    0x0, 0xb, 0xff, 0xff, 0x70, 0x0, 0x0, 0x0,
    0x0, 0x0, 0x0, 0xb, 0xff, 0xff, 0x70, 0x0,
    0x0, 0x0, 0x0, 0x0, 0x0, 0xb, 0xff, 0xff,
    0x70, 0x0, 0x0, 0x0, 0x0, 0x0, 0x0, 0xb,
    0xff, 0xff, 0x70, 0x0, 0x0, 0x0,

    /* U+0055 "U" */
    0x8f, 0xff, 0xfa, 0x0, 0x0, 0x0, 0x0, 0x6,
    0xff, 0xff, 0xc8, 0xff, 0xff, 0xa0, 0x0, 0x0,
    0x0, 0x0, 0x6f, 0xff, 0xfc, 0x8f, 0xff, 0xfa,
    0x0, 0x0, 0x0, 0x0, 0x6, 0xff, 0xff, 0xc8,
    0xff, 0xff, 0xa0, 0x0, 0x0, 0x0, 0x0, 0x6f,
    0xff, 0xfc, 0x8f, 0xff, 0xfa, 0x0, 0x0, 0x0,
    0x0, 0x6, 0xff, 0xff, 0xc8, 0xff, 0xff, 0xa0,
    0x0, 0x0, 0x0, 0x0, 0x6f, 0xff, 0xfc, 0x8f,
    0xff, 0xfa, 0x0, 0x0, 0x0, 0x0, 0x6, 0xff,
    0xff, 0xc8, 0xff, 0xff, 0xa0, 0x0, 0x0, 0x0,
    0x0, 0x6f, 0xff, 0xfc, 0x8f, 0xff, 0xfa, 0x0,
    0x0, 0x0, 0x0, 0x6, 0xff, 0xff, 0xc8, 0xff,
    0xff, 0xa0, 0x0, 0x0, 0x0, 0x0, 0x6f, 0xff,
    0xfc, 0x8f, 0xff, 0xfa, 0x0, 0x0, 0x0, 0x0,
    0x6, 0xff, 0xff, 0xc8, 0xff, 0xff, 0xa0, 0x0,
    0x0, 0x0, 0x0, 0x6f, 0xff, 0xfc, 0x8f, 0xff,
    0xfa, 0x0, 0x0, 0x0, 0x0, 0x6, 0xff, 0xff,
    0xb7, 0xff, 0xff, 0xb0, 0x0, 0x0, 0x0, 0x0,
    0x6f, 0xff, 0xfb, 0x6f, 0xff, 0xfd, 0x0, 0x0,
    0x0, 0x0, 0x9, 0xff, 0xff, 0x93, 0xff, 0xff,
    0xf1, 0x0, 0x0, 0x0, 0x0, 0xdf, 0xff, 0xf7,
    0xf, 0xff, 0xff, 0x90, 0x0, 0x0, 0x0, 0x5f,
    0xff, 0xff, 0x30, 0xaf, 0xff, 0xff, 0x80, 0x0,
    0x0, 0x5f, 0xff, 0xff, 0xd0, 0x2, 0xff, 0xff,
    0xff, 0xea, 0x99, 0xdf, 0xff, 0xff, 0xf6, 0x0,
    0x8, 0xff, 0xff, 0xff, 0xff, 0xff, 0xff, 0xff,
    0xfb, 0x0, 0x0, 0x9, 0xff, 0xff, 0xff, 0xff,
    0xff, 0xff, 0xfc, 0x10, 0x0, 0x0, 0x6, 0xef,
    0xff, 0xff, 0xff, 0xff, 0xf8, 0x0, 0x0, 0x0,
    0x0, 0x0, 0x59, 0xde, 0xff, 0xda, 0x61, 0x0,
    0x0, 0x0,

    /* U+0056 "V" */
    0x1f, 0xff, 0xff, 0x80, 0x0, 0x0, 0x0, 0x0,
    0x0, 0x2, 0xff, 0xff, 0xe0, 0xa, 0xff, 0xff,
    0xe0, 0x0, 0x0, 0x0, 0x0, 0x0, 0x9, 0xff,
    0xff, 0x80, 0x3, 0xff, 0xff, 0xf5, 0x0, 0x0,
    0x0, 0x0, 0x0, 0xf, 0xff, 0xff, 0x20, 0x0,
    0xdf, 0xff, 0xfc, 0x0, 0x0, 0x0, 0x0, 0x0,
    0x6f, 0xff, 0xfb, 0x0, 0x0, 0x6f, 0xff, 0xff,
    0x20, 0x0, 0x0, 0x0, 0x0, 0xdf, 0xff, 0xf4,
    0x0, 0x0, 0xe, 0xff, 0xff, 0x90, 0x0, 0x0,
    0x0, 0x4, 0xff, 0xff, 0xd0, 0x0, 0x0, 0x8,
    0xff, 0xff, 0xf0, 0x0, 0x0, 0x0, 0xb, 0xff,
    0xff, 0x70, 0x0, 0x0, 0x2, 0xff, 0xff, 0xf6,
    0x0, 0x0, 0x0, 0x2f, 0xff, 0xff, 0x10, 0x0,
    0x0, 0x0, 0xbf, 0xff, 0xfd, 0x0, 0x0, 0x0,
    0x8f, 0xff, 0xf9, 0x0, 0x0, 0x0, 0x0, 0x4f,
    0xff, 0xff, 0x40, 0x0, 0x0, 0xef, 0xff, 0xf2,
    0x0, 0x0, 0x0, 0x0, 0xd, 0xff, 0xff, 0xa0,
    0x0, 0x6, 0xff, 0xff, 0xc0, 0x0, 0x0, 0x0,
    0x0, 0x7, 0xff, 0xff, 0xf1, 0x0, 0xc, 0xff,
    0xff, 0x50, 0x0, 0x0, 0x0, 0x0, 0x1, 0xff,
    0xff, 0xf7, 0x0, 0x3f, 0xff, 0xfe, 0x0, 0x0,
    0x0, 0x0, 0x0, 0x0, 0x9f, 0xff, 0xfe, 0x0,
    0xaf, 0xff, 0xf8, 0x0, 0x0, 0x0, 0x0, 0x0,
    0x0, 0x3f, 0xff, 0xff, 0x51, 0xff, 0xff, 0xf1,
    0x0, 0x0, 0x0, 0x0, 0x0, 0x0, 0xc, 0xff,
    0xff, 0xb7, 0xff, 0xff, 0xa0, 0x0, 0x0, 0x0,
    0x0, 0x0, 0x0, 0x5, 0xff, 0xff, 0xfe, 0xff,
    0xff, 0x30, 0x0, 0x0, 0x0, 0x0, 0x0, 0x0,
    0x0, 0xef, 0xff, 0xff, 0xff, 0xfd, 0x0, 0x0,
    0x0, 0x0, 0x0, 0x0, 0x0, 0x0, 0x8f, 0xff,
    0xff, 0xff, 0xf6, 0x0, 0x0, 0x0, 0x0, 0x0,
    0x0, 0x0, 0x0, 0x1f, 0xff, 0xff, 0xff, 0xe0,
    0x0, 0x0, 0x0, 0x0, 0x0, 0x0, 0x0, 0x0,
    0xa, 0xff, 0xff, 0xff, 0x80, 0x0, 0x0, 0x0,
    0x0, 0x0, 0x0, 0x0, 0x0, 0x4, 0xff, 0xff,
    0xff, 0x20, 0x0, 0x0, 0x0, 0x0, 0x0, 0x0,
    0x0, 0x0, 0x0, 0xdf, 0xff, 0xfb, 0x0, 0x0,
    0x0, 0x0, 0x0,

    /* U+0057 "W" */
    0x2f, 0xff, 0xff, 0x30, 0x0, 0x0, 0x0, 0x0,
    0xbf, 0xff, 0xf5, 0x0, 0x0, 0x0, 0x0, 0x9,
    0xff, 0xff, 0x50, 0xdf, 0xff, 0xf8, 0x0, 0x0,
    0x0, 0x0, 0x1f, 0xff, 0xff, 0xb0, 0x0, 0x0,
    0x0, 0x0, 0xef, 0xff, 0xf0, 0x8, 0xff, 0xff,
    0xd0, 0x0, 0x0, 0x0, 0x6, 0xff, 0xff, 0xff,
    0x0, 0x0, 0x0, 0x0, 0x4f, 0xff, 0xfb, 0x0,
    0x2f, 0xff, 0xff, 0x20, 0x0, 0x0, 0x0, 0xbf,
    0xff, 0xff, 0xf5, 0x0, 0x0, 0x0, 0x9, 0xff,
    0xff, 0x60, 0x0, 0xdf, 0xff, 0xf7, 0x0, 0x0,
    0x0, 0x1f, 0xff, 0xff, 0xff, 0xa0, 0x0, 0x0,
    0x0, 0xef, 0xff, 0xf1, 0x0, 0x8, 0xff, 0xff,
    0xc0, 0x0, 0x0, 0x6, 0xff, 0xff, 0xff, 0xfe,
    0x0, 0x0, 0x0, 0x3f, 0xff, 0xfc, 0x0, 0x0,
    0x3f, 0xff, 0xff, 0x10, 0x0, 0x0, 0xbf, 0xff,
    0xff, 0xff, 0xf4, 0x0, 0x0, 0x8, 0xff, 0xff,
    0x70, 0x0, 0x0, 0xef, 0xff, 0xf6, 0x0, 0x0,
    0xf, 0xff, 0xfe, 0xff, 0xff, 0x90, 0x0, 0x0,
    0xdf, 0xff, 0xf2, 0x0, 0x0, 0x9, 0xff, 0xff,
    0xb0, 0x0, 0x5, 0xff, 0xff, 0x5f, 0xff, 0xfe,
    0x0, 0x0, 0x2f, 0xff, 0xfc, 0x0, 0x0, 0x0,
    0x4f, 0xff, 0xff, 0x10, 0x0, 0xaf, 0xff, 0xf0,
    0xaf, 0xff, 0xf3, 0x0, 0x7, 0xff, 0xff, 0x70,
    0x0, 0x0, 0x0, 0xef, 0xff, 0xf5, 0x0, 0xf,
    0xff, 0xfa, 0x5, 0xff, 0xff, 0x80, 0x0, 0xcf,
    0xff, 0xf2, 0x0, 0x0, 0x0, 0x9, 0xff, 0xff,
    0xa0, 0x5, 0xff, 0xff, 0x50, 0xf, 0xff, 0xfd,
    0x0, 0x2f, 0xff, 0xfd, 0x0, 0x0, 0x0, 0x0,
    0x4f, 0xff, 0xff, 0x0, 0xaf, 0xff, 0xf0, 0x0,
    0xbf, 0xff, 0xf2, 0x7, 0xff, 0xff, 0x80, 0x0,
    0x0, 0x0, 0x0, 0xff, 0xff, 0xf4, 0xf, 0xff,
    0xfb, 0x0, 0x6, 0xff, 0xff, 0x70, 0xcf, 0xff,
    0xf3, 0x0, 0x0, 0x0, 0x0, 0xa, 0xff, 0xff,
    0x95, 0xff, 0xff, 0x50, 0x0, 0x1f, 0xff, 0xfc,
    0x1f, 0xff, 0xfe, 0x0, 0x0, 0x0, 0x0, 0x0,
    0x5f, 0xff, 0xfe, 0xaf, 0xff, 0xf1, 0x0, 0x0,
    0xcf, 0xff, 0xf8, 0xff, 0xff, 0x90, 0x0, 0x0,
    0x0, 0x0, 0x0, 0xff, 0xff, 0xff, 0xff, 0xfb,
    0x0, 0x0, 0x7, 0xff, 0xff, 0xff, 0xff, 0xf4,
    0x0, 0x0, 0x0, 0x0, 0x0, 0xb, 0xff, 0xff,
    0xff, 0xff, 0x60, 0x0, 0x0, 0x2f, 0xff, 0xff,
    0xff, 0xfe, 0x0, 0x0, 0x0, 0x0, 0x0, 0x0,
    0x6f, 0xff, 0xff, 0xff, 0xf1, 0x0, 0x0, 0x0,
    0xdf, 0xff, 0xff, 0xff, 0x90, 0x0, 0x0, 0x0,
    0x0, 0x0, 0x1, 0xff, 0xff, 0xff, 0xfb, 0x0,
    0x0, 0x0, 0x7, 0xff, 0xff, 0xff, 0xf4, 0x0,
    0x0, 0x0, 0x0, 0x0, 0x0, 0xb, 0xff, 0xff,
    0xff, 0x60, 0x0, 0x0, 0x0, 0x2f, 0xff, 0xff,
    0xff, 0x0, 0x0, 0x0, 0x0, 0x0, 0x0, 0x0,
    0x6f, 0xff, 0xff, 0xf1, 0x0, 0x0, 0x0, 0x0,
    0xdf, 0xff, 0xff, 0xa0, 0x0, 0x0, 0x0, 0x0,
    0x0, 0x0, 0x1, 0xff, 0xff, 0xfc, 0x0, 0x0,
    0x0, 0x0, 0x8, 0xff, 0xff, 0xf5, 0x0, 0x0,
    0x0, 0x0,

    /* U+0058 "X" */
    0x2f, 0xff, 0xff, 0xb0, 0x0, 0x0, 0x0, 0x0,
    0xbf, 0xff, 0xfd, 0x0, 0x7f, 0xff, 0xff, 0x70,
    0x0, 0x0, 0x0, 0x6f, 0xff, 0xff, 0x20, 0x0,
    0xbf, 0xff, 0xff, 0x20, 0x0, 0x0, 0x2f, 0xff,
    0xff, 0x70, 0x0, 0x1, 0xff, 0xff, 0xfc, 0x0,
    0x0, 0xc, 0xff, 0xff, 0xb0, 0x0, 0x0, 0x5,
    0xff, 0xff, 0xf8, 0x0, 0x7, 0xff, 0xff, 0xe1,
    0x0, 0x0, 0x0, 0xa, 0xff, 0xff, 0xf3, 0x3,
    0xff, 0xff, 0xf5, 0x0, 0x0, 0x0, 0x0, 0x1e,
    0xff, 0xff, 0xd1, 0xdf, 0xff, 0xfa, 0x0, 0x0,
    0x0, 0x0, 0x0, 0x4f, 0xff, 0xff, 0xef, 0xff,
    0xfe, 0x0, 0x0, 0x0, 0x0, 0x0, 0x0, 0x9f,
    0xff, 0xff, 0xff, 0xff, 0x30, 0x0, 0x0, 0x0,
    0x0, 0x0, 0x0, 0xdf, 0xff, 0xff, 0xff, 0x80,
    0x0, 0x0, 0x0, 0x0, 0x0, 0x0, 0x3, 0xff,
    0xff, 0xff, 0xc0, 0x0, 0x0, 0x0, 0x0, 0x0,
    0x0, 0x0, 0xd, 0xff, 0xff, 0xfa, 0x0, 0x0,
    0x0, 0x0, 0x0, 0x0, 0x0, 0x7, 0xff, 0xff,
    0xff, 0xf6, 0x0, 0x0, 0x0, 0x0, 0x0, 0x0,
    0x3, 0xff, 0xff, 0xff, 0xff, 0xf2, 0x0, 0x0,
    0x0, 0x0, 0x0, 0x0, 0xdf, 0xff, 0xff, 0xff,
    0xff, 0xc0, 0x0, 0x0, 0x0, 0x0, 0x0, 0x9f,
    0xff, 0xfe, 0x6f, 0xff, 0xff, 0x70, 0x0, 0x0,
    0x0, 0x0, 0x5f, 0xff, 0xff, 0x50, 0xaf, 0xff,
    0xff, 0x30, 0x0, 0x0, 0x0, 0x1e, 0xff, 0xff,
    0xb0, 0x1, 0xef, 0xff, 0xfd, 0x0, 0x0, 0x0,
    0xb, 0xff, 0xff, 0xe1, 0x0, 0x4, 0xff, 0xff,
    0xf9, 0x0, 0x0, 0x6, 0xff, 0xff, 0xf5, 0x0,
    0x0, 0x9, 0xff, 0xff, 0xf4, 0x0, 0x2, 0xff,
    0xff, 0xfb, 0x0, 0x0, 0x0, 0xe, 0xff, 0xff,
    0xe1, 0x0, 0xdf, 0xff, 0xff, 0x10, 0x0, 0x0,
    0x0, 0x4f, 0xff, 0xff, 0xb0, 0x8f, 0xff, 0xff,
    0x60, 0x0, 0x0, 0x0, 0x0, 0x9f, 0xff, 0xff,
    0x60,

    /* U+0059 "Y" */
    0x2f, 0xff, 0xff, 0x50, 0x0, 0x0, 0x0, 0x0,
    0x4, 0xff, 0xff, 0xc0, 0x9, 0xff, 0xff, 0xe0,
    0x0, 0x0, 0x0, 0x0, 0xd, 0xff, 0xff, 0x30,
    0x1, 0xef, 0xff, 0xf8, 0x0, 0x0, 0x0, 0x0,
    0x7f, 0xff, 0xfa, 0x0, 0x0, 0x6f, 0xff, 0xff,
    0x20, 0x0, 0x0, 0x1, 0xff, 0xff, 0xf1, 0x0,
    0x0, 0xc, 0xff, 0xff, 0xa0, 0x0, 0x0, 0x9,
    0xff, 0xff, 0x70, 0x0, 0x0, 0x3, 0xff, 0xff,
    0xf4, 0x0, 0x0, 0x3f, 0xff, 0xfd, 0x0, 0x0,
    0x0, 0x0, 0xaf, 0xff, 0xfd, 0x0, 0x0, 0xcf,
    0xff, 0xf4, 0x0, 0x0, 0x0, 0x0, 0x1f, 0xff,
    0xff, 0x60, 0x6, 0xff, 0xff, 0xb0, 0x0, 0x0,
    0x0, 0x0, 0x7, 0xff, 0xff, 0xe1, 0xe, 0xff,
    0xff, 0x20, 0x0, 0x0, 0x0, 0x0, 0x0, 0xdf,
    0xff, 0xf9, 0x9f, 0xff, 0xf8, 0x0, 0x0, 0x0,
    0x0, 0x0, 0x0, 0x4f, 0xff, 0xff, 0xff, 0xff,
    0xe0, 0x0, 0x0, 0x0, 0x0, 0x0, 0x0, 0xb,
    0xff, 0xff, 0xff, 0xff, 0x50, 0x0, 0x0, 0x0,
    0x0, 0x0, 0x0, 0x2, 0xff, 0xff, 0xff, 0xfc,
    0x0, 0x0, 0x0, 0x0, 0x0, 0x0, 0x0, 0x0,
    0x8f, 0xff, 0xff, 0xf3, 0x0, 0x0, 0x0, 0x0,
    0x0, 0x0, 0x0, 0x0, 0xe, 0xff, 0xff, 0x90,
    0x0, 0x0, 0x0, 0x0, 0x0, 0x0, 0x0, 0x0,
    0xc, 0xff, 0xff, 0x60, 0x0, 0x0, 0x0, 0x0,
    0x0, 0x0, 0x0, 0x0, 0xc, 0xff, 0xff, 0x60,
    0x0, 0x0, 0x0, 0x0, 0x0, 0x0, 0x0, 0x0,
    0xc, 0xff, 0xff, 0x60, 0x0, 0x0, 0x0, 0x0,
    0x0, 0x0, 0x0, 0x0, 0xc, 0xff, 0xff, 0x60,
    0x0, 0x0, 0x0, 0x0, 0x0, 0x0, 0x0, 0x0,
    0xc, 0xff, 0xff, 0x60, 0x0, 0x0, 0x0, 0x0,
    0x0, 0x0, 0x0, 0x0, 0xc, 0xff, 0xff, 0x60,
    0x0, 0x0, 0x0, 0x0, 0x0, 0x0, 0x0, 0x0,
    0xc, 0xff, 0xff, 0x60, 0x0, 0x0, 0x0, 0x0,
    0x0, 0x0, 0x0, 0x0, 0xc, 0xff, 0xff, 0x60,
    0x0, 0x0, 0x0, 0x0,

    /* U+005A "Z" */
    0x8f, 0xff, 0xff, 0xff, 0xff, 0xff, 0xff, 0xff,
    0xff, 0xf5, 0x8f, 0xff, 0xff, 0xff, 0xff, 0xff,
    0xff, 0xff, 0xff, 0xf5, 0x8f, 0xff, 0xff, 0xff,
    0xff, 0xff, 0xff, 0xff, 0xff, 0xf5, 0x8f, 0xff,
    0xff, 0xff, 0xff, 0xff, 0xff, 0xff, 0xff, 0xf3,
    0x25, 0x55, 0x55, 0x55, 0x55, 0x55, 0xdf, 0xff,
    0xff, 0x70, 0x0, 0x0, 0x0, 0x0, 0x0, 0x6,
    0xff, 0xff, 0xfa, 0x0, 0x0, 0x0, 0x0, 0x0,
    0x0, 0x4f, 0xff, 0xff, 0xd0, 0x0, 0x0, 0x0,
    0x0, 0x0, 0x2, 0xef, 0xff, 0xfe, 0x20, 0x0,
    0x0, 0x0, 0x0, 0x0, 0xd, 0xff, 0xff, 0xf4,
    0x0, 0x0, 0x0, 0x0, 0x0, 0x0, 0xaf, 0xff,
    0xff, 0x60, 0x0, 0x0, 0x0, 0x0, 0x0, 0x7,
    0xff, 0xff, 0xfa, 0x0, 0x0, 0x0, 0x0, 0x0,
    0x0, 0x4f, 0xff, 0xff, 0xc0, 0x0, 0x0, 0x0,
    0x0, 0x0, 0x2, 0xff, 0xff, 0xfe, 0x10, 0x0,
    0x0, 0x0, 0x0, 0x0, 0xd, 0xff, 0xff, 0xf3,
    0x0, 0x0, 0x0, 0x0, 0x0, 0x0, 0xbf, 0xff,
    0xff, 0x60, 0x0, 0x0, 0x0, 0x0, 0x0, 0x8,
    0xff, 0xff, 0xf9, 0x0, 0x0, 0x0, 0x0, 0x0,
    0x0, 0x5f, 0xff, 0xff, 0xc0, 0x0, 0x0, 0x0,
    0x0, 0x0, 0x2, 0xff, 0xff, 0xfe, 0x10, 0x0,
    0x0, 0x0, 0x0, 0x0, 0x1d, 0xff, 0xff, 0xf9,
    0x55, 0x55, 0x55, 0x55, 0x55, 0x54, 0xaf, 0xff,
    0xff, 0xff, 0xff, 0xff, 0xff, 0xff, 0xff, 0xfc,
    0xcf, 0xff, 0xff, 0xff, 0xff, 0xff, 0xff, 0xff,
    0xff, 0xfc, 0xcf, 0xff, 0xff, 0xff, 0xff, 0xff,
    0xff, 0xff, 0xff, 0xfc, 0xcf, 0xff, 0xff, 0xff,
    0xff, 0xff, 0xff, 0xff, 0xff, 0xfc,

    /* U+005B "[" */
    0x5f, 0xff, 0xff, 0xff, 0xf5, 0x5f, 0xff, 0xff,
    0xff, 0xf5, 0x5f, 0xff, 0xff, 0xff, 0xf5, 0x5f,
    0xff, 0xff, 0xff, 0xf5, 0x5f, 0xff, 0xfa, 0x0,
    0x0, 0x5f, 0xff, 0xfa, 0x0, 0x0, 0x5f, 0xff,
    0xfa, 0x0, 0x0, 0x5f, 0xff, 0xfa, 0x0, 0x0,
    0x5f, 0xff, 0xfa, 0x0, 0x0, 0x5f, 0xff, 0xfa,
    0x0, 0x0, 0x5f, 0xff, 0xfa, 0x0, 0x0, 0x5f,
    0xff, 0xfa, 0x0, 0x0, 0x5f, 0xff, 0xfa, 0x0,
    0x0, 0x5f, 0xff, 0xfa, 0x0, 0x0, 0x5f, 0xff,
    0xfa, 0x0, 0x0, 0x5f, 0xff, 0xfa, 0x0, 0x0,
    0x5f, 0xff, 0xfa, 0x0, 0x0, 0x5f, 0xff, 0xfa,
    0x0, 0x0, 0x5f, 0xff, 0xfa, 0x0, 0x0, 0x5f,
    0xff, 0xfa, 0x0, 0x0, 0x5f, 0xff, 0xfa, 0x0,
    0x0, 0x5f, 0xff, 0xfa, 0x0, 0x0, 0x5f, 0xff,
    0xfa, 0x0, 0x0, 0x5f, 0xff, 0xfa, 0x0, 0x0,
    0x5f, 0xff, 0xfa, 0x0, 0x0, 0x5f, 0xff, 0xfa,
    0x0, 0x0, 0x5f, 0xff, 0xfa, 0x0, 0x0, 0x5f,
    0xff, 0xff, 0xff, 0xf5, 0x5f, 0xff, 0xff, 0xff,
    0xf5, 0x5f, 0xff, 0xff, 0xff, 0xf5, 0x5f, 0xff,
    0xff, 0xff, 0xf5,

    /* U+005C "\\" */
    0x3f, 0xff, 0xf3, 0x0, 0x0, 0x0, 0x0, 0x0,
    0xd, 0xff, 0xf9, 0x0, 0x0, 0x0, 0x0, 0x0,
    0x8, 0xff, 0xfe, 0x0, 0x0, 0x0, 0x0, 0x0,
    0x2, 0xff, 0xff, 0x40, 0x0, 0x0, 0x0, 0x0,
    0x0, 0xdf, 0xff, 0x90, 0x0, 0x0, 0x0, 0x0,
    0x0, 0x8f, 0xff, 0xe0, 0x0, 0x0, 0x0, 0x0,
    0x0, 0x2f, 0xff, 0xf4, 0x0, 0x0, 0x0, 0x0,
    0x0, 0xd, 0xff, 0xfa, 0x0, 0x0, 0x0, 0x0,
    0x0, 0x7, 0xff, 0xff, 0x0, 0x0, 0x0, 0x0,
    0x0, 0x2, 0xff, 0xff, 0x40, 0x0, 0x0, 0x0,
    0x0, 0x0, 0xcf, 0xff, 0xa0, 0x0, 0x0, 0x0,
    0x0, 0x0, 0x7f, 0xff, 0xf0, 0x0, 0x0, 0x0,
    0x0, 0x0, 0x1f, 0xff, 0xf5, 0x0, 0x0, 0x0,
    0x0, 0x0, 0xc, 0xff, 0xfa, 0x0, 0x0, 0x0,
    0x0, 0x0, 0x6, 0xff, 0xff, 0x0, 0x0, 0x0,
    0x0, 0x0, 0x1, 0xff, 0xff, 0x50, 0x0, 0x0,
    0x0, 0x0, 0x0, 0xcf, 0xff, 0xb0, 0x0, 0x0,
    0x0, 0x0, 0x0, 0x6f, 0xff, 0xf0, 0x0, 0x0,
    0x0, 0x0, 0x0, 0x1f, 0xff, 0xf5, 0x0, 0x0,
    0x0, 0x0, 0x0, 0xb, 0xff, 0xfb, 0x0, 0x0,
    0x0, 0x0, 0x0, 0x6, 0xff, 0xff, 0x10, 0x0,
    0x0, 0x0, 0x0, 0x1, 0xff, 0xff, 0x60, 0x0,
    0x0, 0x0, 0x0, 0x0, 0xbf, 0xff, 0xb0, 0x0,
    0x0, 0x0, 0x0, 0x0, 0x5f, 0xff, 0xf1, 0x0,
    0x0, 0x0, 0x0, 0x0, 0xf, 0xff, 0xf6, 0x0,
    0x0, 0x0, 0x0, 0x0, 0xb, 0xff, 0xfc, 0x0,
    0x0, 0x0, 0x0, 0x0, 0x5, 0xff, 0xff, 0x10,
    0x0, 0x0, 0x0, 0x0, 0x0, 0xff, 0xff, 0x60,
    0x0, 0x0, 0x0, 0x0, 0x0, 0xaf, 0xff, 0xc0,
    0x0, 0x0, 0x0, 0x0, 0x0, 0x5f, 0xff, 0xf1,
    0x0, 0x0, 0x0, 0x0, 0x0, 0xf, 0xff, 0xf7,

    /* U+005D "]" */
    0x8f, 0xff, 0xff, 0xff, 0xf2, 0x8f, 0xff, 0xff,
    0xff, 0xf2, 0x8f, 0xff, 0xff, 0xff, 0xf2, 0x8f,
    0xff, 0xff, 0xff, 0xf2, 0x0, 0x0, 0xef, 0xff,
    0xf2, 0x0, 0x0, 0xef, 0xff, 0xf2, 0x0, 0x0,
    0xef, 0xff, 0xf2, 0x0, 0x0, 0xef, 0xff, 0xf2,
    0x0, 0x0, 0xef, 0xff, 0xf2, 0x0, 0x0, 0xef,
    0xff, 0xf2, 0x0, 0x0, 0xef, 0xff, 0xf2, 0x0,
    0x0, 0xef, 0xff, 0xf2, 0x0, 0x0, 0xef, 0xff,
    0xf2, 0x0, 0x0, 0xef, 0xff, 0xf2, 0x0, 0x0,
    0xef, 0xff, 0xf2, 0x0, 0x0, 0xef, 0xff, 0xf2,
    0x0, 0x0, 0xef, 0xff, 0xf2, 0x0, 0x0, 0xef,
    0xff, 0xf2, 0x0, 0x0, 0xef, 0xff, 0xf2, 0x0,
    0x0, 0xef, 0xff, 0xf2, 0x0, 0x0, 0xef, 0xff,
    0xf2, 0x0, 0x0, 0xef, 0xff, 0xf2, 0x0, 0x0,
    0xef, 0xff, 0xf2, 0x0, 0x0, 0xef, 0xff, 0xf2,
    0x0, 0x0, 0xef, 0xff, 0xf2, 0x0, 0x0, 0xef,
    0xff, 0xf2, 0x0, 0x0, 0xef, 0xff, 0xf2, 0x8f,
    0xff, 0xff, 0xff, 0xf2, 0x8f, 0xff, 0xff, 0xff,
    0xf2, 0x8f, 0xff, 0xff, 0xff, 0xf2, 0x8f, 0xff,
    0xff, 0xff, 0xf2,

    /* U+005E "^" */
    0x0, 0x0, 0x0, 0x9f, 0xff, 0xd0, 0x0, 0x0,
    0x0, 0x0, 0x0, 0xf, 0xff, 0xff, 0x30, 0x0,
    0x0, 0x0, 0x0, 0x6, 0xff, 0xff, 0xfa, 0x0,
    0x0, 0x0, 0x0, 0x0, 0xdf, 0xff, 0xff, 0xf1,
    0x0, 0x0, 0x0, 0x0, 0x4f, 0xff, 0xaf, 0xff,
    0x70, 0x0, 0x0, 0x0, 0xa, 0xff, 0xf1, 0xdf,
    0xfd, 0x0, 0x0, 0x0, 0x1, 0xff, 0xfa, 0x7,
    0xff, 0xf4, 0x0, 0x0, 0x0, 0x7f, 0xff, 0x30,
    0x1f, 0xff, 0xb0, 0x0, 0x0, 0xe, 0xff, 0xd0,
    0x0, 0xaf, 0xff, 0x10, 0x0, 0x5, 0xff, 0xf7,
    0x0, 0x4, 0xff, 0xf8, 0x0, 0x0, 0xbf, 0xff,
    0x10, 0x0, 0xd, 0xff, 0xe0, 0x0, 0x2f, 0xff,
    0xa0, 0x0, 0x0, 0x7f, 0xff, 0x50, 0x8, 0xff,
    0xf4, 0x0, 0x0, 0x1, 0xff, 0xfc, 0x0, 0xef,
    0xfd, 0x0, 0x0, 0x0, 0xa, 0xff, 0xf2,

    /* U+005F "_" */
    0xff, 0xff, 0xff, 0xff, 0xff, 0xff, 0xff, 0xff,
    0xff, 0xff, 0xff, 0xff, 0xff, 0xff, 0xff, 0xff,
    0xff, 0xff, 0xff, 0xff, 0xff, 0xff, 0xff, 0xff,

    /* U+0060 "`" */
    0x9, 0xff, 0xff, 0x90, 0x0, 0x0, 0x7, 0xff,
    0xff, 0x70, 0x0, 0x0, 0x5, 0xff, 0xff, 0x50,
    0x0, 0x0, 0x3, 0xef, 0xff, 0x30, 0x0, 0x0,
    0x2, 0xdf, 0xfe, 0x20,

    /* U+0061 "a" */
    0x0, 0x2, 0x7b, 0xdf, 0xfe, 0xc9, 0x30, 0x0,
    0x0, 0x4c, 0xff, 0xff, 0xff, 0xff, 0xff, 0xa1,
    0x0, 0xe, 0xff, 0xff, 0xff, 0xff, 0xff, 0xff,
    0xc0, 0x0, 0x7f, 0xff, 0xff, 0xff, 0xff, 0xff,
    0xff, 0x80, 0x0, 0xee, 0x95, 0x21, 0x25, 0xdf,
    0xff, 0xff, 0x0, 0x3, 0x0, 0x0, 0x0, 0x1,
    0xdf, 0xff, 0xf4, 0x0, 0x0, 0x0, 0x0, 0x0,
    0x8, 0xff, 0xff, 0x60, 0x0, 0x5a, 0xdf, 0xff,
    0xff, 0xff, 0xff, 0xf8, 0x2, 0xdf, 0xff, 0xff,
    0xff, 0xff, 0xff, 0xff, 0x80, 0xdf, 0xff, 0xff,
    0xff, 0xff, 0xff, 0xff, 0xf8, 0x7f, 0xff, 0xfd,
    0x30, 0x0, 0x7, 0xff, 0xff, 0x8b, 0xff, 0xff,
    0x30, 0x0, 0x0, 0x7f, 0xff, 0xf8, 0xcf, 0xff,
    0xf1, 0x0, 0x0, 0xb, 0xff, 0xff, 0x8b, 0xff,
    0xff, 0x70, 0x0, 0x8, 0xff, 0xff, 0xf8, 0x6f,
    0xff, 0xff, 0xb8, 0x8d, 0xff, 0xff, 0xff, 0x80,
    0xdf, 0xff, 0xff, 0xff, 0xff, 0xff, 0xff, 0xf8,
    0x2, 0xdf, 0xff, 0xff, 0xff, 0xe5, 0xff, 0xff,
    0x80, 0x0, 0x6b, 0xef, 0xec, 0x81, 0x2f, 0xff,
    0xf8,

    /* U+0062 "b" */
    0x57, 0x77, 0x72, 0x0, 0x0, 0x0, 0x0, 0x0,
    0x0, 0x0, 0xbf, 0xff, 0xf4, 0x0, 0x0, 0x0,
    0x0, 0x0, 0x0, 0x0, 0xbf, 0xff, 0xf4, 0x0,
    0x0, 0x0, 0x0, 0x0, 0x0, 0x0, 0xbf, 0xff,
    0xf4, 0x0, 0x0, 0x0, 0x0, 0x0, 0x0, 0x0,
    0xbf, 0xff, 0xf4, 0x0, 0x0, 0x0, 0x0, 0x0,
    0x0, 0x0, 0xbf, 0xff, 0xf4, 0x0, 0x0, 0x0,
    0x0, 0x0, 0x0, 0x0, 0xbf, 0xff, 0xf4, 0x0,
    0x0, 0x0, 0x0, 0x0, 0x0, 0x0, 0xbf, 0xff,
    0xf4, 0x6, 0xbe, 0xfe, 0xc7, 0x10, 0x0, 0x0,
    0xbf, 0xff, 0xf6, 0xdf, 0xff, 0xff, 0xff, 0xf6,
    0x0, 0x0, 0xbf, 0xff, 0xff, 0xff, 0xff, 0xff,
    0xff, 0xff, 0x90, 0x0, 0xbf, 0xff, 0xff, 0xff,
    0xff, 0xff, 0xff, 0xff, 0xf6, 0x0, 0xbf, 0xff,
    0xff, 0xfb, 0x53, 0x5a, 0xff, 0xff, 0xff, 0x10,
    0xbf, 0xff, 0xff, 0x80, 0x0, 0x0, 0x5f, 0xff,
    0xff, 0x70, 0xbf, 0xff, 0xfc, 0x0, 0x0, 0x0,
    0x9, 0xff, 0xff, 0xc0, 0xbf, 0xff, 0xf6, 0x0,
    0x0, 0x0, 0x3, 0xff, 0xff, 0xf0, 0xbf, 0xff,
    0xf4, 0x0, 0x0, 0x0, 0x0, 0xff, 0xff, 0xf0,
    0xbf, 0xff, 0xf4, 0x0, 0x0, 0x0, 0x0, 0xff,
    0xff, 0xf0, 0xbf, 0xff, 0xf6, 0x0, 0x0, 0x0,
    0x3, 0xff, 0xff, 0xf0, 0xbf, 0xff, 0xfc, 0x0,
    0x0, 0x0, 0x9, 0xff, 0xff, 0xc0, 0xbf, 0xff,
    0xff, 0x80, 0x0, 0x0, 0x5f, 0xff, 0xff, 0x70,
    0xbf, 0xff, 0xff, 0xfc, 0x53, 0x5a, 0xff, 0xff,
    0xff, 0x10, 0xbf, 0xff, 0xff, 0xff, 0xff, 0xff,
    0xff, 0xff, 0xf5, 0x0, 0xbf, 0xff, 0xff, 0xff,
    0xff, 0xff, 0xff, 0xff, 0x90, 0x0, 0xbf, 0xff,
    0xf5, 0xef, 0xff, 0xff, 0xff, 0xf6, 0x0, 0x0,
    0xbf, 0xff, 0xf1, 0x7, 0xce, 0xfe, 0xc7, 0x10,
    0x0, 0x0,

    /* U+0063 "c" */
    0x0, 0x0, 0x3, 0x8c, 0xef, 0xfd, 0x93, 0x0,
    0x0, 0x0, 0x1, 0xbf, 0xff, 0xff, 0xff, 0xff,
    0xb1, 0x0, 0x0, 0x3e, 0xff, 0xff, 0xff, 0xff,
    0xff, 0xfe, 0x10, 0x2, 0xef, 0xff, 0xff, 0xff,
    0xff, 0xff, 0xff, 0xc0, 0xc, 0xff, 0xff, 0xfb,
    0x53, 0x5b, 0xff, 0xff, 0xe2, 0x4f, 0xff, 0xff,
    0x60, 0x0, 0x0, 0x6f, 0xf7, 0x0, 0xaf, 0xff,
    0xfa, 0x0, 0x0, 0x0, 0x5, 0x10, 0x0, 0xdf,
    0xff, 0xf4, 0x0, 0x0, 0x0, 0x0, 0x0, 0x0,
    0xff, 0xff, 0xf1, 0x0, 0x0, 0x0, 0x0, 0x0,
    0x0, 0xff, 0xff, 0xf1, 0x0, 0x0, 0x0, 0x0,
    0x0, 0x0, 0xdf, 0xff, 0xf4, 0x0, 0x0, 0x0,
    0x0, 0x0, 0x0, 0xaf, 0xff, 0xfa, 0x0, 0x0,
    0x0, 0x5, 0x10, 0x0, 0x4f, 0xff, 0xff, 0x60,
    0x0, 0x0, 0x6f, 0xf7, 0x0, 0xc, 0xff, 0xff,
    0xfb, 0x53, 0x5a, 0xff, 0xff, 0xe2, 0x2, 0xef,
    0xff, 0xff, 0xff, 0xff, 0xff, 0xff, 0xc0, 0x0,
    0x4e, 0xff, 0xff, 0xff, 0xff, 0xff, 0xfe, 0x10,
    0x0, 0x1, 0xbf, 0xff, 0xff, 0xff, 0xff, 0xb1,
    0x0, 0x0, 0x0, 0x3, 0x9c, 0xff, 0xfd, 0x93,
    0x0, 0x0,

    /* U+0064 "d" */
    0x0, 0x0, 0x0, 0x0, 0x0, 0x0, 0x1, 0x77,
    0x77, 0x60, 0x0, 0x0, 0x0, 0x0, 0x0, 0x0,
    0x2f, 0xff, 0xfd, 0x0, 0x0, 0x0, 0x0, 0x0,
    0x0, 0x2, 0xff, 0xff, 0xd0, 0x0, 0x0, 0x0,
    0x0, 0x0, 0x0, 0x2f, 0xff, 0xfd, 0x0, 0x0,
    0x0, 0x0, 0x0, 0x0, 0x2, 0xff, 0xff, 0xd0,
    0x0, 0x0, 0x0, 0x0, 0x0, 0x0, 0x2f, 0xff,
    0xfd, 0x0, 0x0, 0x0, 0x0, 0x0, 0x0, 0x2,
    0xff, 0xff, 0xd0, 0x0, 0x0, 0x6b, 0xef, 0xec,
    0x70, 0x2f, 0xff, 0xfd, 0x0, 0x4, 0xef, 0xff,
    0xff, 0xff, 0xe5, 0xff, 0xff, 0xd0, 0x7, 0xff,
    0xff, 0xff, 0xff, 0xff, 0xff, 0xff, 0xfd, 0x4,
    0xff, 0xff, 0xff, 0xff, 0xff, 0xff, 0xff, 0xff,
    0xd0, 0xef, 0xff, 0xff, 0xb5, 0x35, 0xaf, 0xff,
    0xff, 0xfd, 0x5f, 0xff, 0xff, 0x70, 0x0, 0x0,
    0x5f, 0xff, 0xff, 0xda, 0xff, 0xff, 0xb0, 0x0,
    0x0, 0x0, 0xaf, 0xff, 0xfd, 0xcf, 0xff, 0xf5,
    0x0, 0x0, 0x0, 0x4, 0xff, 0xff, 0xde, 0xff,
    0xff, 0x20, 0x0, 0x0, 0x0, 0x1f, 0xff, 0xfd,
    0xef, 0xff, 0xf2, 0x0, 0x0, 0x0, 0x1, 0xff,
    0xff, 0xdc, 0xff, 0xff, 0x50, 0x0, 0x0, 0x0,
    0x4f, 0xff, 0xfd, 0x9f, 0xff, 0xfb, 0x0, 0x0,
    0x0, 0xa, 0xff, 0xff, 0xd5, 0xff, 0xff, 0xf7,
    0x0, 0x0, 0x6, 0xff, 0xff, 0xfd, 0xe, 0xff,
    0xff, 0xfb, 0x53, 0x5a, 0xff, 0xff, 0xff, 0xd0,
    0x3f, 0xff, 0xff, 0xff, 0xff, 0xff, 0xff, 0xff,
    0xfd, 0x0, 0x6f, 0xff, 0xff, 0xff, 0xff, 0xff,
    0xff, 0xff, 0xd0, 0x0, 0x4e, 0xff, 0xff, 0xff,
    0xff, 0x5e, 0xff, 0xfd, 0x0, 0x0, 0x6, 0xbe,
    0xfe, 0xd8, 0x10, 0xef, 0xff, 0xd0,

    /* U+0065 "e" */
    0x0, 0x0, 0x4, 0xad, 0xff, 0xeb, 0x71, 0x0,
    0x0, 0x0, 0x0, 0x2c, 0xff, 0xff, 0xff, 0xff,
    0xf6, 0x0, 0x0, 0x0, 0x4f, 0xff, 0xff, 0xff,
    0xff, 0xff, 0xfa, 0x0, 0x0, 0x2f, 0xff, 0xff,
    0xff, 0xef, 0xff, 0xff, 0xf8, 0x0, 0xd, 0xff,
    0xff, 0xb3, 0x0, 0x17, 0xff, 0xff, 0xf3, 0x5,
    0xff, 0xff, 0xb0, 0x0, 0x0, 0x4, 0xff, 0xff,
    0xa0, 0xaf, 0xff, 0xf3, 0x0, 0x0, 0x0, 0xb,
    0xff, 0xfe, 0xd, 0xff, 0xff, 0xff, 0xff, 0xff,
    0xff, 0xff, 0xff, 0xf1, 0xff, 0xff, 0xff, 0xff,
    0xff, 0xff, 0xff, 0xff, 0xff, 0x2f, 0xff, 0xff,
    0xff, 0xff, 0xff, 0xff, 0xff, 0xff, 0xf1, 0xdf,
    0xff, 0xf3, 0x0, 0x0, 0x0, 0x0, 0x0, 0x0,
    0xa, 0xff, 0xff, 0xa0, 0x0, 0x0, 0x0, 0x0,
    0x0, 0x0, 0x4f, 0xff, 0xff, 0x70, 0x0, 0x0,
    0x4, 0xa0, 0x0, 0x0, 0xcf, 0xff, 0xff, 0xb5,
    0x22, 0x5a, 0xff, 0x90, 0x0, 0x2, 0xef, 0xff,
    0xff, 0xff, 0xff, 0xff, 0xff, 0x60, 0x0, 0x3,
    0xef, 0xff, 0xff, 0xff, 0xff, 0xff, 0xf8, 0x0,
    0x0, 0x1, 0xbf, 0xff, 0xff, 0xff, 0xff, 0xe6,
    0x0, 0x0, 0x0, 0x0, 0x38, 0xce, 0xff, 0xdb,
    0x60, 0x0, 0x0,

    /* U+0066 "f" */
    0x0, 0x0, 0x0, 0x7c, 0xef, 0xec, 0x70, 0x0,
    0x0, 0x3e, 0xff, 0xff, 0xff, 0xf2, 0x0, 0x1,
    0xef, 0xff, 0xff, 0xff, 0xd0, 0x0, 0x8, 0xff,
    0xff, 0xff, 0xff, 0x70, 0x0, 0xe, 0xff, 0xff,
    0x92, 0x15, 0x10, 0x0, 0xf, 0xff, 0xfe, 0x0,
    0x0, 0x0, 0x0, 0x1f, 0xff, 0xfc, 0x0, 0x0,
    0x0, 0xcf, 0xff, 0xff, 0xff, 0xff, 0xff, 0x30,
    0xcf, 0xff, 0xff, 0xff, 0xff, 0xff, 0x30, 0xcf,
    0xff, 0xff, 0xff, 0xff, 0xff, 0x30, 0xbf, 0xff,
    0xff, 0xff, 0xff, 0xff, 0x20, 0x0, 0x1f, 0xff,
    0xfe, 0x0, 0x0, 0x0, 0x0, 0x1f, 0xff, 0xfe,
    0x0, 0x0, 0x0, 0x0, 0x1f, 0xff, 0xfe, 0x0,
    0x0, 0x0, 0x0, 0x1f, 0xff, 0xfe, 0x0, 0x0,
    0x0, 0x0, 0x1f, 0xff, 0xfe, 0x0, 0x0, 0x0,
    0x0, 0x1f, 0xff, 0xfe, 0x0, 0x0, 0x0, 0x0,
    0x1f, 0xff, 0xfe, 0x0, 0x0, 0x0, 0x0, 0x1f,
    0xff, 0xfe, 0x0, 0x0, 0x0, 0x0, 0x1f, 0xff,
    0xfe, 0x0, 0x0, 0x0, 0x0, 0x1f, 0xff, 0xfe,
    0x0, 0x0, 0x0, 0x0, 0x1f, 0xff, 0xfe, 0x0,
    0x0, 0x0, 0x0, 0x1f, 0xff, 0xfe, 0x0, 0x0,
    0x0, 0x0, 0x1f, 0xff, 0xfe, 0x0, 0x0, 0x0,
    0x0, 0x1f, 0xff, 0xfe, 0x0, 0x0, 0x0,

    /* U+0067 "g" */
    0x0, 0x0, 0x17, 0xce, 0xfe, 0xc8, 0x10, 0xaf,
    0xff, 0xf1, 0x0, 0x6, 0xff, 0xff, 0xff, 0xff,
    0xf6, 0xaf, 0xff, 0xf1, 0x0, 0xaf, 0xff, 0xff,
    0xff, 0xff, 0xff, 0xef, 0xff, 0xf1, 0x8, 0xff,
    0xff, 0xff, 0xff, 0xff, 0xff, 0xff, 0xff, 0xf1,
    0x2f, 0xff, 0xff, 0xfa, 0x53, 0x48, 0xff, 0xff,
    0xff, 0xf1, 0x9f, 0xff, 0xff, 0x30, 0x0, 0x0,
    0x1d, 0xff, 0xff, 0xf1, 0xdf, 0xff, 0xf7, 0x0,
    0x0, 0x0, 0x3, 0xff, 0xff, 0xf1, 0xef, 0xff,
    0xf2, 0x0, 0x0, 0x0, 0x0, 0xef, 0xff, 0xf1,
    0xff, 0xff, 0xf1, 0x0, 0x0, 0x0, 0x0, 0xef,
    0xff, 0xf1, 0xdf, 0xff, 0xf5, 0x0, 0x0, 0x0,
    0x2, 0xff, 0xff, 0xf1, 0xaf, 0xff, 0xfd, 0x10,
    0x0, 0x0, 0xb, 0xff, 0xff, 0xf1, 0x4f, 0xff,
    0xff, 0xe6, 0x10, 0x15, 0xcf, 0xff, 0xff, 0xf1,
    0xb, 0xff, 0xff, 0xff, 0xff, 0xff, 0xff, 0xff,
    0xff, 0xf1, 0x0, 0xdf, 0xff, 0xff, 0xff, 0xff,
    0xff, 0xff, 0xff, 0xf1, 0x0, 0x1a, 0xff, 0xff,
    0xff, 0xff, 0xf8, 0xef, 0xff, 0xf0, 0x0, 0x0,
    0x4a, 0xff, 0xff, 0xfb, 0x40, 0xff, 0xff, 0xf0,
    0x0, 0x0, 0x0, 0x1, 0x32, 0x0, 0x1, 0xff,
    0xff, 0xe0, 0x0, 0x0, 0x0, 0x0, 0x0, 0x0,
    0x6, 0xff, 0xff, 0xb0, 0x0, 0x7d, 0x40, 0x0,
    0x0, 0x0, 0x2e, 0xff, 0xff, 0x70, 0x0, 0xef,
    0xfc, 0x74, 0x22, 0x48, 0xff, 0xff, 0xff, 0x10,
    0x8, 0xff, 0xff, 0xff, 0xff, 0xff, 0xff, 0xff,
    0xf8, 0x0, 0xc, 0xff, 0xff, 0xff, 0xff, 0xff,
    0xff, 0xff, 0xa0, 0x0, 0x0, 0x8e, 0xff, 0xff,
    0xff, 0xff, 0xff, 0xf7, 0x0, 0x0, 0x0, 0x0,
    0x48, 0xbe, 0xff, 0xed, 0xa6, 0x0, 0x0, 0x0,

    /* U+0068 "h" */
    0x57, 0x77, 0x72, 0x0, 0x0, 0x0, 0x0, 0x0,
    0x0, 0xbf, 0xff, 0xf4, 0x0, 0x0, 0x0, 0x0,
    0x0, 0x0, 0xbf, 0xff, 0xf4, 0x0, 0x0, 0x0,
    0x0, 0x0, 0x0, 0xbf, 0xff, 0xf4, 0x0, 0x0,
    0x0, 0x0, 0x0, 0x0, 0xbf, 0xff, 0xf4, 0x0,
    0x0, 0x0, 0x0, 0x0, 0x0, 0xbf, 0xff, 0xf4,
    0x0, 0x0, 0x0, 0x0, 0x0, 0x0, 0xbf, 0xff,
    0xf4, 0x0, 0x0, 0x0, 0x0, 0x0, 0x0, 0xbf,
    0xff, 0xf4, 0x5, 0xae, 0xfe, 0xc7, 0x10, 0x0,
    0xbf, 0xff, 0xf6, 0xcf, 0xff, 0xff, 0xff, 0xf5,
    0x0, 0xbf, 0xff, 0xff, 0xff, 0xff, 0xff, 0xff,
    0xff, 0x40, 0xbf, 0xff, 0xff, 0xff, 0xff, 0xff,
    0xff, 0xff, 0xe0, 0xbf, 0xff, 0xff, 0xfe, 0x97,
    0x9f, 0xff, 0xff, 0xf5, 0xbf, 0xff, 0xff, 0x90,
    0x0, 0x2, 0xef, 0xff, 0xfa, 0xbf, 0xff, 0xfd,
    0x0, 0x0, 0x0, 0x7f, 0xff, 0xfc, 0xbf, 0xff,
    0xf8, 0x0, 0x0, 0x0, 0x3f, 0xff, 0xfd, 0xbf,
    0xff, 0xf5, 0x0, 0x0, 0x0, 0x1f, 0xff, 0xfe,
    0xbf, 0xff, 0xf4, 0x0, 0x0, 0x0, 0x1f, 0xff,
    0xfe, 0xbf, 0xff, 0xf4, 0x0, 0x0, 0x0, 0x1f,
    0xff, 0xfe, 0xbf, 0xff, 0xf4, 0x0, 0x0, 0x0,
    0x1f, 0xff, 0xfe, 0xbf, 0xff, 0xf4, 0x0, 0x0,
    0x0, 0x1f, 0xff, 0xfe, 0xbf, 0xff, 0xf4, 0x0,
    0x0, 0x0, 0x1f, 0xff, 0xfe, 0xbf, 0xff, 0xf4,
    0x0, 0x0, 0x0, 0x1f, 0xff, 0xfe, 0xbf, 0xff,
    0xf4, 0x0, 0x0, 0x0, 0x1f, 0xff, 0xfe, 0xbf,
    0xff, 0xf4, 0x0, 0x0, 0x0, 0x1f, 0xff, 0xfe,
    0xbf, 0xff, 0xf4, 0x0, 0x0, 0x0, 0x1f, 0xff,
    0xfe,

    /* U+0069 "i" */
    0x2, 0xbf, 0xe8, 0x0, 0xdf, 0xff, 0xf8, 0x3f,
    0xff, 0xff, 0xd2, 0xff, 0xff, 0xfc, 0xb, 0xff,
    0xff, 0x50, 0x7, 0xa9, 0x40, 0x0, 0x0, 0x0,
    0x0, 0x0, 0x0, 0x0, 0xb, 0xff, 0xff, 0x40,
    0xbf, 0xff, 0xf4, 0xb, 0xff, 0xff, 0x40, 0xbf,
    0xff, 0xf4, 0xb, 0xff, 0xff, 0x40, 0xbf, 0xff,
    0xf4, 0xb, 0xff, 0xff, 0x40, 0xbf, 0xff, 0xf4,
    0xb, 0xff, 0xff, 0x40, 0xbf, 0xff, 0xf4, 0xb,
    0xff, 0xff, 0x40, 0xbf, 0xff, 0xf4, 0xb, 0xff,
    0xff, 0x40, 0xbf, 0xff, 0xf4, 0xb, 0xff, 0xff,
    0x40, 0xbf, 0xff, 0xf4, 0xb, 0xff, 0xff, 0x40,
    0xbf, 0xff, 0xf4,

    /* U+006A "j" */
    0x0, 0x0, 0x0, 0x5a, 0xa6, 0x0, 0x0, 0x0,
    0x7, 0xff, 0xff, 0x90, 0x0, 0x0, 0xf, 0xff,
    0xff, 0xf0, 0x0, 0x0, 0xf, 0xff, 0xff, 0xf0,
    0x0, 0x0, 0xa, 0xff, 0xff, 0xb0, 0x0, 0x0,
    0x1, 0x9e, 0xea, 0x10, 0x0, 0x0, 0x0, 0x0,
    0x0, 0x0, 0x0, 0x0, 0x0, 0x0, 0x0, 0x0,
    0x0, 0x0, 0x0, 0x0, 0x0, 0x0, 0x0, 0x0,
    0x7, 0xff, 0xff, 0x80, 0x0, 0x0, 0x7, 0xff,
    0xff, 0x80, 0x0, 0x0, 0x7, 0xff, 0xff, 0x80,
    0x0, 0x0, 0x7, 0xff, 0xff, 0x80, 0x0, 0x0,
    0x7, 0xff, 0xff, 0x80, 0x0, 0x0, 0x7, 0xff,
    0xff, 0x80, 0x0, 0x0, 0x7, 0xff, 0xff, 0x80,
    0x0, 0x0, 0x7, 0xff, 0xff, 0x80, 0x0, 0x0,
    0x7, 0xff, 0xff, 0x80, 0x0, 0x0, 0x7, 0xff,
    0xff, 0x80, 0x0, 0x0, 0x7, 0xff, 0xff, 0x80,
    0x0, 0x0, 0x7, 0xff, 0xff, 0x80, 0x0, 0x0,
    0x7, 0xff, 0xff, 0x80, 0x0, 0x0, 0x7, 0xff,
    0xff, 0x80, 0x0, 0x0, 0x7, 0xff, 0xff, 0x80,
    0x0, 0x0, 0x7, 0xff, 0xff, 0x80, 0x0, 0x0,
    0x7, 0xff, 0xff, 0x80, 0x0, 0x0, 0x7, 0xff,
    0xff, 0x80, 0x0, 0x0, 0xa, 0xff, 0xff, 0x60,
    0x6, 0x31, 0x6f, 0xff, 0xff, 0x30, 0x1f, 0xff,
    0xff, 0xff, 0xfe, 0x0, 0x6f, 0xff, 0xff, 0xff,
    0xf5, 0x0, 0xcf, 0xff, 0xff, 0xff, 0x70, 0x0,
    0x4a, 0xdf, 0xfd, 0x93, 0x0, 0x0,

    /* U+006B "k" */
    0x57, 0x77, 0x72, 0x0, 0x0, 0x0, 0x0, 0x0,
    0x0, 0x0, 0xbf, 0xff, 0xf4, 0x0, 0x0, 0x0,
    0x0, 0x0, 0x0, 0x0, 0xbf, 0xff, 0xf4, 0x0,
    0x0, 0x0, 0x0, 0x0, 0x0, 0x0, 0xbf, 0xff,
    0xf4, 0x0, 0x0, 0x0, 0x0, 0x0, 0x0, 0x0,
    0xbf, 0xff, 0xf4, 0x0, 0x0, 0x0, 0x0, 0x0,
    0x0, 0x0, 0xbf, 0xff, 0xf4, 0x0, 0x0, 0x0,
    0x0, 0x0, 0x0, 0x0, 0xbf, 0xff, 0xf4, 0x0,
    0x0, 0x0, 0x0, 0x0, 0x0, 0x0, 0xbf, 0xff,
    0xf4, 0x0, 0x0, 0x1, 0xdf, 0xff, 0xfe, 0x20,
    0xbf, 0xff, 0xf4, 0x0, 0x0, 0x1d, 0xff, 0xff,
    0xf3, 0x0, 0xbf, 0xff, 0xf4, 0x0, 0x1, 0xdf,
    0xff, 0xff, 0x30, 0x0, 0xbf, 0xff, 0xf4, 0x0,
    0x1d, 0xff, 0xff, 0xf4, 0x0, 0x0, 0xbf, 0xff,
    0xf4, 0x1, 0xdf, 0xff, 0xff, 0x50, 0x0, 0x0,
    0xbf, 0xff, 0xf4, 0x1d, 0xff, 0xff, 0xf6, 0x0,
    0x0, 0x0, 0xbf, 0xff, 0xf6, 0xef, 0xff, 0xff,
    0x60, 0x0, 0x0, 0x0, 0xbf, 0xff, 0xff, 0xff,
    0xff, 0xf9, 0x0, 0x0, 0x0, 0x0, 0xbf, 0xff,
    0xff, 0xff, 0xff, 0xfe, 0x10, 0x0, 0x0, 0x0,
    0xbf, 0xff, 0xff, 0xff, 0xff, 0xff, 0xc0, 0x0,
    0x0, 0x0, 0xbf, 0xff, 0xff, 0xff, 0xff, 0xff,
    0xf8, 0x0, 0x0, 0x0, 0xbf, 0xff, 0xff, 0xf4,
    0xdf, 0xff, 0xff, 0x40, 0x0, 0x0, 0xbf, 0xff,
    0xff, 0x40, 0x2f, 0xff, 0xff, 0xe1, 0x0, 0x0,
    0xbf, 0xff, 0xf6, 0x0, 0x5, 0xff, 0xff, 0xfc,
    0x0, 0x0, 0xbf, 0xff, 0xf4, 0x0, 0x0, 0x8f,
    0xff, 0xff, 0x80, 0x0, 0xbf, 0xff, 0xf4, 0x0,
    0x0, 0xc, 0xff, 0xff, 0xf4, 0x0, 0xbf, 0xff,
    0xf4, 0x0, 0x0, 0x1, 0xef, 0xff, 0xfe, 0x10,
    0xbf, 0xff, 0xf4, 0x0, 0x0, 0x0, 0x4f, 0xff,
    0xff, 0xc0,

    /* U+006C "l" */
    0x57, 0x77, 0x72, 0xbf, 0xff, 0xf4, 0xbf, 0xff,
    0xf4, 0xbf, 0xff, 0xf4, 0xbf, 0xff, 0xf4, 0xbf,
    0xff, 0xf4, 0xbf, 0xff, 0xf4, 0xbf, 0xff, 0xf4,
    0xbf, 0xff, 0xf4, 0xbf, 0xff, 0xf4, 0xbf, 0xff,
    0xf4, 0xbf, 0xff, 0xf4, 0xbf, 0xff, 0xf4, 0xbf,
    0xff, 0xf4, 0xbf, 0xff, 0xf4, 0xbf, 0xff, 0xf4,
    0xbf, 0xff, 0xf4, 0xbf, 0xff, 0xf4, 0xbf, 0xff,
    0xf4, 0xbf, 0xff, 0xf4, 0xbf, 0xff, 0xf4, 0xbf,
    0xff, 0xf4, 0xbf, 0xff, 0xf4, 0xbf, 0xff, 0xf4,
    0xbf, 0xff, 0xf4,

    /* U+006D "m" */
    0xbf, 0xff, 0xf1, 0x7, 0xbe, 0xfe, 0xb5, 0x0,
    0x0, 0x17, 0xce, 0xfe, 0xb5, 0x0, 0x0, 0xbf,
    0xff, 0xf4, 0xef, 0xff, 0xff, 0xff, 0xc1, 0x7,
    0xff, 0xff, 0xff, 0xff, 0xc1, 0x0, 0xbf, 0xff,
    0xff, 0xff, 0xff, 0xff, 0xff, 0xfd, 0x9f, 0xff,
    0xff, 0xff, 0xff, 0xfc, 0x0, 0xbf, 0xff, 0xff,
    0xff, 0xff, 0xff, 0xff, 0xff, 0xff, 0xff, 0xff,
    0xff, 0xff, 0xff, 0x70, 0xbf, 0xff, 0xff, 0xfc,
    0x87, 0xcf, 0xff, 0xff, 0xff, 0xfc, 0x87, 0xcf,
    0xff, 0xff, 0xd0, 0xbf, 0xff, 0xff, 0x70, 0x0,
    0x8, 0xff, 0xff, 0xff, 0x80, 0x0, 0x8, 0xff,
    0xff, 0xf2, 0xbf, 0xff, 0xfc, 0x0, 0x0, 0x0,
    0xff, 0xff, 0xfc, 0x0, 0x0, 0x0, 0xef, 0xff,
    0xf4, 0xbf, 0xff, 0xf7, 0x0, 0x0, 0x0, 0xbf,
    0xff, 0xf7, 0x0, 0x0, 0x0, 0xbf, 0xff, 0xf5,
    0xbf, 0xff, 0xf5, 0x0, 0x0, 0x0, 0xaf, 0xff,
    0xf5, 0x0, 0x0, 0x0, 0x9f, 0xff, 0xf6, 0xbf,
    0xff, 0xf4, 0x0, 0x0, 0x0, 0xaf, 0xff, 0xf5,
    0x0, 0x0, 0x0, 0x9f, 0xff, 0xf6, 0xbf, 0xff,
    0xf4, 0x0, 0x0, 0x0, 0xaf, 0xff, 0xf5, 0x0,
    0x0, 0x0, 0x9f, 0xff, 0xf6, 0xbf, 0xff, 0xf4,
    0x0, 0x0, 0x0, 0xaf, 0xff, 0xf5, 0x0, 0x0,
    0x0, 0x9f, 0xff, 0xf6, 0xbf, 0xff, 0xf4, 0x0,
    0x0, 0x0, 0xaf, 0xff, 0xf5, 0x0, 0x0, 0x0,
    0x9f, 0xff, 0xf6, 0xbf, 0xff, 0xf4, 0x0, 0x0,
    0x0, 0xaf, 0xff, 0xf5, 0x0, 0x0, 0x0, 0x9f,
    0xff, 0xf6, 0xbf, 0xff, 0xf4, 0x0, 0x0, 0x0,
    0xaf, 0xff, 0xf5, 0x0, 0x0, 0x0, 0x9f, 0xff,
    0xf6, 0xbf, 0xff, 0xf4, 0x0, 0x0, 0x0, 0xaf,
    0xff, 0xf5, 0x0, 0x0, 0x0, 0x9f, 0xff, 0xf6,
    0xbf, 0xff, 0xf4, 0x0, 0x0, 0x0, 0xaf, 0xff,
    0xf5, 0x0, 0x0, 0x0, 0x9f, 0xff, 0xf6, 0xbf,
    0xff, 0xf4, 0x0, 0x0, 0x0, 0xaf, 0xff, 0xf5,
    0x0, 0x0, 0x0, 0x9f, 0xff, 0xf6,

    /* U+006E "n" */
    0xbf, 0xff, 0xf1, 0x6, 0xbe, 0xfe, 0xc7, 0x10,
    0x0, 0xbf, 0xff, 0xf4, 0xdf, 0xff, 0xff, 0xff,
    0xf5, 0x0, 0xbf, 0xff, 0xff, 0xff, 0xff, 0xff,
    0xff, 0xff, 0x40, 0xbf, 0xff, 0xff, 0xff, 0xff,
    0xff, 0xff, 0xff, 0xe0, 0xbf, 0xff, 0xff, 0xfe,
    0x97, 0x9f, 0xff, 0xff, 0xf5, 0xbf, 0xff, 0xff,
    0x90, 0x0, 0x2, 0xef, 0xff, 0xfa, 0xbf, 0xff,
    0xfd, 0x0, 0x0, 0x0, 0x7f, 0xff, 0xfc, 0xbf,
    0xff, 0xf8, 0x0, 0x0, 0x0, 0x3f, 0xff, 0xfd,
    0xbf, 0xff, 0xf5, 0x0, 0x0, 0x0, 0x1f, 0xff,
    0xfe, 0xbf, 0xff, 0xf4, 0x0, 0x0, 0x0, 0x1f,
    0xff, 0xfe, 0xbf, 0xff, 0xf4, 0x0, 0x0, 0x0,
    0x1f, 0xff, 0xfe, 0xbf, 0xff, 0xf4, 0x0, 0x0,
    0x0, 0x1f, 0xff, 0xfe, 0xbf, 0xff, 0xf4, 0x0,
    0x0, 0x0, 0x1f, 0xff, 0xfe, 0xbf, 0xff, 0xf4,
    0x0, 0x0, 0x0, 0x1f, 0xff, 0xfe, 0xbf, 0xff,
    0xf4, 0x0, 0x0, 0x0, 0x1f, 0xff, 0xfe, 0xbf,
    0xff, 0xf4, 0x0, 0x0, 0x0, 0x1f, 0xff, 0xfe,
    0xbf, 0xff, 0xf4, 0x0, 0x0, 0x0, 0x1f, 0xff,
    0xfe, 0xbf, 0xff, 0xf4, 0x0, 0x0, 0x0, 0x1f,
    0xff, 0xfe,

    /* U+006F "o" */
    0x0, 0x0, 0x3, 0x9c, 0xff, 0xfc, 0x93, 0x0,
    0x0, 0x0, 0x0, 0x1b, 0xff, 0xff, 0xff, 0xff,
    0xfb, 0x10, 0x0, 0x0, 0x4e, 0xff, 0xff, 0xff,
    0xff, 0xff, 0xfe, 0x30, 0x0, 0x2e, 0xff, 0xff,
    0xff, 0xff, 0xff, 0xff, 0xfe, 0x10, 0xc, 0xff,
    0xff, 0xfa, 0x53, 0x5b, 0xff, 0xff, 0xfc, 0x4,
    0xff, 0xff, 0xf6, 0x0, 0x0, 0x6, 0xff, 0xff,
    0xf4, 0xaf, 0xff, 0xfa, 0x0, 0x0, 0x0, 0xb,
    0xff, 0xff, 0x9d, 0xff, 0xff, 0x40, 0x0, 0x0,
    0x0, 0x5f, 0xff, 0xfc, 0xff, 0xff, 0xf1, 0x0,
    0x0, 0x0, 0x2, 0xff, 0xff, 0xef, 0xff, 0xff,
    0x10, 0x0, 0x0, 0x0, 0x2f, 0xff, 0xfe, 0xdf,
    0xff, 0xf4, 0x0, 0x0, 0x0, 0x5, 0xff, 0xff,
    0xca, 0xff, 0xff, 0xa0, 0x0, 0x0, 0x0, 0xbf,
    0xff, 0xf9, 0x4f, 0xff, 0xff, 0x60, 0x0, 0x0,
    0x7f, 0xff, 0xff, 0x40, 0xcf, 0xff, 0xff, 0xa5,
    0x35, 0xbf, 0xff, 0xff, 0xc0, 0x2, 0xef, 0xff,
    0xff, 0xff, 0xff, 0xff, 0xff, 0xe1, 0x0, 0x4,
    0xef, 0xff, 0xff, 0xff, 0xff, 0xff, 0xe3, 0x0,
    0x0, 0x1, 0xbf, 0xff, 0xff, 0xff, 0xff, 0xb1,
    0x0, 0x0, 0x0, 0x0, 0x39, 0xdf, 0xff, 0xd9,
    0x30, 0x0, 0x0,

    /* U+0070 "p" */
    0xbf, 0xff, 0xf1, 0x17, 0xce, 0xfe, 0xc7, 0x10,
    0x0, 0x0, 0xbf, 0xff, 0xf5, 0xef, 0xff, 0xff,
    0xff, 0xf5, 0x0, 0x0, 0xbf, 0xff, 0xff, 0xff,
    0xff, 0xff, 0xff, 0xff, 0x80, 0x0, 0xbf, 0xff,
    0xff, 0xff, 0xff, 0xff, 0xff, 0xff, 0xf5, 0x0,
    0xbf, 0xff, 0xff, 0xfc, 0x53, 0x5a, 0xff, 0xff,
    0xff, 0x10, 0xbf, 0xff, 0xff, 0x80, 0x0, 0x0,
    0x5f, 0xff, 0xff, 0x70, 0xbf, 0xff, 0xfc, 0x0,
    0x0, 0x0, 0x9, 0xff, 0xff, 0xc0, 0xbf, 0xff,
    0xf6, 0x0, 0x0, 0x0, 0x3, 0xff, 0xff, 0xf0,
    0xbf, 0xff, 0xf4, 0x0, 0x0, 0x0, 0x0, 0xff,
    0xff, 0xf0, 0xbf, 0xff, 0xf4, 0x0, 0x0, 0x0,
    0x0, 0xff, 0xff, 0xf0, 0xbf, 0xff, 0xf6, 0x0,
    0x0, 0x0, 0x3, 0xff, 0xff, 0xf0, 0xbf, 0xff,
    0xfc, 0x0, 0x0, 0x0, 0x8, 0xff, 0xff, 0xc0,
    0xbf, 0xff, 0xff, 0x80, 0x0, 0x0, 0x5f, 0xff,
    0xff, 0x70, 0xbf, 0xff, 0xff, 0xfb, 0x53, 0x5a,
    0xff, 0xff, 0xff, 0x10, 0xbf, 0xff, 0xff, 0xff,
    0xff, 0xff, 0xff, 0xff, 0xf6, 0x0, 0xbf, 0xff,
    0xff, 0xff, 0xff, 0xff, 0xff, 0xff, 0x90, 0x0,
    0xbf, 0xff, 0xf6, 0xdf, 0xff, 0xff, 0xff, 0xf6,
    0x0, 0x0, 0xbf, 0xff, 0xf4, 0x6, 0xbe, 0xfe,
    0xc7, 0x10, 0x0, 0x0, 0xbf, 0xff, 0xf4, 0x0,
    0x0, 0x0, 0x0, 0x0, 0x0, 0x0, 0xbf, 0xff,
    0xf4, 0x0, 0x0, 0x0, 0x0, 0x0, 0x0, 0x0,
    0xbf, 0xff, 0xf4, 0x0, 0x0, 0x0, 0x0, 0x0,
    0x0, 0x0, 0xbf, 0xff, 0xf4, 0x0, 0x0, 0x0,
    0x0, 0x0, 0x0, 0x0, 0xbf, 0xff, 0xf4, 0x0,
    0x0, 0x0, 0x0, 0x0, 0x0, 0x0, 0xbf, 0xff,
    0xf4, 0x0, 0x0, 0x0, 0x0, 0x0, 0x0, 0x0,

    /* U+0071 "q" */
    0x0, 0x0, 0x7, 0xbe, 0xfe, 0xc8, 0x10, 0xff,
    0xff, 0xc0, 0x0, 0x4e, 0xff, 0xff, 0xff, 0xff,
    0x5f, 0xff, 0xfc, 0x0, 0x7f, 0xff, 0xff, 0xff,
    0xff, 0xff, 0xff, 0xff, 0xc0, 0x4f, 0xff, 0xff,
    0xff, 0xff, 0xff, 0xff, 0xff, 0xfc, 0xe, 0xff,
    0xff, 0xfb, 0x53, 0x5b, 0xff, 0xff, 0xff, 0xc6,
    0xff, 0xff, 0xf6, 0x0, 0x0, 0x7, 0xff, 0xff,
    0xfc, 0xaf, 0xff, 0xfa, 0x0, 0x0, 0x0, 0xb,
    0xff, 0xff, 0xcd, 0xff, 0xff, 0x40, 0x0, 0x0,
    0x0, 0x5f, 0xff, 0xfc, 0xff, 0xff, 0xf1, 0x0,
    0x0, 0x0, 0x2, 0xff, 0xff, 0xcf, 0xff, 0xff,
    0x10, 0x0, 0x0, 0x0, 0x2f, 0xff, 0xfc, 0xdf,
    0xff, 0xf4, 0x0, 0x0, 0x0, 0x5, 0xff, 0xff,
    0xcb, 0xff, 0xff, 0xa0, 0x0, 0x0, 0x0, 0xaf,
    0xff, 0xfc, 0x6f, 0xff, 0xff, 0x60, 0x0, 0x0,
    0x6f, 0xff, 0xff, 0xc0, 0xef, 0xff, 0xff, 0xa5,
    0x35, 0xbf, 0xff, 0xff, 0xfc, 0x4, 0xff, 0xff,
    0xff, 0xff, 0xff, 0xff, 0xff, 0xff, 0xc0, 0x7,
    0xff, 0xff, 0xff, 0xff, 0xff, 0xff, 0xff, 0xfc,
    0x0, 0x5, 0xef, 0xff, 0xff, 0xff, 0xe6, 0xff,
    0xff, 0xc0, 0x0, 0x1, 0x7c, 0xef, 0xec, 0x70,
    0x3f, 0xff, 0xfc, 0x0, 0x0, 0x0, 0x0, 0x0,
    0x0, 0x3, 0xff, 0xff, 0xc0, 0x0, 0x0, 0x0,
    0x0, 0x0, 0x0, 0x3f, 0xff, 0xfc, 0x0, 0x0,
    0x0, 0x0, 0x0, 0x0, 0x3, 0xff, 0xff, 0xc0,
    0x0, 0x0, 0x0, 0x0, 0x0, 0x0, 0x3f, 0xff,
    0xfc, 0x0, 0x0, 0x0, 0x0, 0x0, 0x0, 0x3,
    0xff, 0xff, 0xc0, 0x0, 0x0, 0x0, 0x0, 0x0,
    0x0, 0x3f, 0xff, 0xfc,

    /* U+0072 "r" */
    0xbf, 0xff, 0xf1, 0x5, 0xae, 0xfb, 0xff, 0xff,
    0x3c, 0xff, 0xff, 0xbf, 0xff, 0xfe, 0xff, 0xff,
    0xfb, 0xff, 0xff, 0xff, 0xff, 0xff, 0xbf, 0xff,
    0xff, 0xff, 0xdb, 0xbb, 0xff, 0xff, 0xfd, 0x30,
    0x0, 0xbf, 0xff, 0xff, 0x20, 0x0, 0xb, 0xff,
    0xff, 0x90, 0x0, 0x0, 0xbf, 0xff, 0xf6, 0x0,
    0x0, 0xb, 0xff, 0xff, 0x40, 0x0, 0x0, 0xbf,
    0xff, 0xf4, 0x0, 0x0, 0xb, 0xff, 0xff, 0x40,
    0x0, 0x0, 0xbf, 0xff, 0xf4, 0x0, 0x0, 0xb,
    0xff, 0xff, 0x40, 0x0, 0x0, 0xbf, 0xff, 0xf4,
    0x0, 0x0, 0xb, 0xff, 0xff, 0x40, 0x0, 0x0,
    0xbf, 0xff, 0xf4, 0x0, 0x0, 0xb, 0xff, 0xff,
    0x40, 0x0, 0x0,

    /* U+0073 "s" */
    0x0, 0x0, 0x28, 0xce, 0xff, 0xec, 0x95, 0x0,
    0x0, 0x0, 0x9f, 0xff, 0xff, 0xff, 0xff, 0xfe,
    0x50, 0x0, 0xcf, 0xff, 0xff, 0xff, 0xff, 0xff,
    0xf3, 0x0, 0x6f, 0xff, 0xff, 0xfe, 0xef, 0xff,
    0xfb, 0x0, 0xc, 0xff, 0xff, 0x70, 0x0, 0x3,
    0x7e, 0x40, 0x0, 0xef, 0xff, 0xe0, 0x0, 0x0,
    0x0, 0x0, 0x0, 0xd, 0xff, 0xff, 0x81, 0x0,
    0x0, 0x0, 0x0, 0x0, 0x9f, 0xff, 0xff, 0xfe,
    0xb8, 0x51, 0x0, 0x0, 0x1, 0xef, 0xff, 0xff,
    0xff, 0xff, 0xfb, 0x20, 0x0, 0x2, 0xbf, 0xff,
    0xff, 0xff, 0xff, 0xff, 0x30, 0x0, 0x0, 0x26,
    0x9c, 0xff, 0xff, 0xff, 0xfd, 0x0, 0x0, 0x0,
    0x0, 0x0, 0x27, 0xff, 0xff, 0xf1, 0x0, 0x50,
    0x0, 0x0, 0x0, 0x9, 0xff, 0xff, 0x30, 0x3f,
    0xe8, 0x30, 0x0, 0x3, 0xef, 0xff, 0xf1, 0xa,
    0xff, 0xff, 0xff, 0xef, 0xff, 0xff, 0xfb, 0x1,
    0xff, 0xff, 0xff, 0xff, 0xff, 0xff, 0xfe, 0x20,
    0x18, 0xff, 0xff, 0xff, 0xff, 0xff, 0xfc, 0x20,
    0x0, 0x0, 0x59, 0xce, 0xff, 0xec, 0x94, 0x0,
    0x0,

    /* U+0074 "t" */
    0x0, 0x1f, 0xff, 0xfe, 0x0, 0x0, 0x0, 0x0,
    0x1f, 0xff, 0xfe, 0x0, 0x0, 0x0, 0x0, 0x1f,
    0xff, 0xfe, 0x0, 0x0, 0x0, 0x0, 0x1f, 0xff,
    0xfe, 0x0, 0x0, 0x0, 0xcf, 0xff, 0xff, 0xff,
    0xff, 0xff, 0x30, 0xcf, 0xff, 0xff, 0xff, 0xff,
    0xff, 0x30, 0xcf, 0xff, 0xff, 0xff, 0xff, 0xff,
    0x30, 0xbf, 0xff, 0xff, 0xff, 0xff, 0xff, 0x20,
    0x0, 0x1f, 0xff, 0xfe, 0x0, 0x0, 0x0, 0x0,
    0x1f, 0xff, 0xfe, 0x0, 0x0, 0x0, 0x0, 0x1f,
    0xff, 0xfe, 0x0, 0x0, 0x0, 0x0, 0x1f, 0xff,
    0xfe, 0x0, 0x0, 0x0, 0x0, 0x1f, 0xff, 0xfe,
    0x0, 0x0, 0x0, 0x0, 0x1f, 0xff, 0xfe, 0x0,
    0x0, 0x0, 0x0, 0x1f, 0xff, 0xfe, 0x0, 0x0,
    0x0, 0x0, 0x1f, 0xff, 0xfe, 0x0, 0x0, 0x0,
    0x0, 0xf, 0xff, 0xff, 0x10, 0x0, 0x0, 0x0,
    0xe, 0xff, 0xff, 0xb3, 0x27, 0x20, 0x0, 0x9,
    0xff, 0xff, 0xff, 0xff, 0x80, 0x0, 0x2, 0xff,
    0xff, 0xff, 0xff, 0xe0, 0x0, 0x0, 0x4f, 0xff,
    0xff, 0xff, 0xf3, 0x0, 0x0, 0x1, 0x8c, 0xff,
    0xeb, 0x50,

    /* U+0075 "u" */
    0xcf, 0xff, 0xf3, 0x0, 0x0, 0x0, 0x5f, 0xff,
    0xfa, 0xcf, 0xff, 0xf3, 0x0, 0x0, 0x0, 0x5f,
    0xff, 0xfa, 0xcf, 0xff, 0xf3, 0x0, 0x0, 0x0,
    0x5f, 0xff, 0xfa, 0xcf, 0xff, 0xf3, 0x0, 0x0,
    0x0, 0x5f, 0xff, 0xfa, 0xcf, 0xff, 0xf3, 0x0,
    0x0, 0x0, 0x5f, 0xff, 0xfa, 0xcf, 0xff, 0xf3,
    0x0, 0x0, 0x0, 0x5f, 0xff, 0xfa, 0xcf, 0xff,
    0xf3, 0x0, 0x0, 0x0, 0x5f, 0xff, 0xfa, 0xcf,
    0xff, 0xf3, 0x0, 0x0, 0x0, 0x5f, 0xff, 0xfa,
    0xcf, 0xff, 0xf3, 0x0, 0x0, 0x0, 0x5f, 0xff,
    0xfa, 0xcf, 0xff, 0xf3, 0x0, 0x0, 0x0, 0x6f,
    0xff, 0xfa, 0xcf, 0xff, 0xf4, 0x0, 0x0, 0x0,
    0x8f, 0xff, 0xfa, 0xaf, 0xff, 0xf8, 0x0, 0x0,
    0x0, 0xef, 0xff, 0xfa, 0x8f, 0xff, 0xff, 0x20,
    0x0, 0xa, 0xff, 0xff, 0xfa, 0x3f, 0xff, 0xff,
    0xfa, 0x78, 0xdf, 0xff, 0xff, 0xfa, 0xd, 0xff,
    0xff, 0xff, 0xff, 0xff, 0xff, 0xff, 0xfa, 0x3,
    0xff, 0xff, 0xff, 0xff, 0xff, 0xff, 0xff, 0xfa,
    0x0, 0x4e, 0xff, 0xff, 0xff, 0xfe, 0x4f, 0xff,
    0xfa, 0x0, 0x1, 0x6b, 0xef, 0xeb, 0x60, 0x1f,
    0xff, 0xfa,

    /* U+0076 "v" */
    0x1f, 0xff, 0xff, 0x10, 0x0, 0x0, 0x0, 0x9,
    0xff, 0xff, 0x20, 0xaf, 0xff, 0xf7, 0x0, 0x0,
    0x0, 0x0, 0xff, 0xff, 0xc0, 0x4, 0xff, 0xff,
    0xd0, 0x0, 0x0, 0x0, 0x6f, 0xff, 0xf6, 0x0,
    0xd, 0xff, 0xff, 0x40, 0x0, 0x0, 0xd, 0xff,
    0xfe, 0x0, 0x0, 0x7f, 0xff, 0xfa, 0x0, 0x0,
    0x3, 0xff, 0xff, 0x90, 0x0, 0x1, 0xff, 0xff,
    0xf1, 0x0, 0x0, 0xaf, 0xff, 0xf2, 0x0, 0x0,
    0xa, 0xff, 0xff, 0x60, 0x0, 0x1f, 0xff, 0xfc,
    0x0, 0x0, 0x0, 0x3f, 0xff, 0xfc, 0x0, 0x6,
    0xff, 0xff, 0x50, 0x0, 0x0, 0x0, 0xdf, 0xff,
    0xf3, 0x0, 0xdf, 0xff, 0xe0, 0x0, 0x0, 0x0,
    0x7, 0xff, 0xff, 0x90, 0x3f, 0xff, 0xf8, 0x0,
    0x0, 0x0, 0x0, 0x1f, 0xff, 0xfe, 0xa, 0xff,
    0xff, 0x20, 0x0, 0x0, 0x0, 0x0, 0xaf, 0xff,
    0xf6, 0xff, 0xff, 0xb0, 0x0, 0x0, 0x0, 0x0,
    0x3, 0xff, 0xff, 0xff, 0xff, 0xf5, 0x0, 0x0,
    0x0, 0x0, 0x0, 0xd, 0xff, 0xff, 0xff, 0xfe,
    0x0, 0x0, 0x0, 0x0, 0x0, 0x0, 0x7f, 0xff,
    0xff, 0xff, 0x80, 0x0, 0x0, 0x0, 0x0, 0x0,
    0x1, 0xff, 0xff, 0xff, 0xf2, 0x0, 0x0, 0x0,
    0x0, 0x0, 0x0, 0xa, 0xff, 0xff, 0xfb, 0x0,
    0x0, 0x0, 0x0, 0x0, 0x0, 0x0, 0x3f, 0xff,
    0xff, 0x50, 0x0, 0x0, 0x0,

    /* U+0077 "w" */
    0xcf, 0xff, 0xe0, 0x0, 0x0, 0x0, 0x2f, 0xff,
    0xf6, 0x0, 0x0, 0x0, 0xa, 0xff, 0xfc, 0x7f,
    0xff, 0xf3, 0x0, 0x0, 0x0, 0x7f, 0xff, 0xfc,
    0x0, 0x0, 0x0, 0xf, 0xff, 0xf6, 0x1f, 0xff,
    0xf9, 0x0, 0x0, 0x0, 0xdf, 0xff, 0xff, 0x10,
    0x0, 0x0, 0x5f, 0xff, 0xf1, 0xc, 0xff, 0xfe,
    0x0, 0x0, 0x3, 0xff, 0xff, 0xff, 0x60, 0x0,
    0x0, 0xaf, 0xff, 0xb0, 0x6, 0xff, 0xff, 0x30,
    0x0, 0x8, 0xff, 0xff, 0xff, 0xc0, 0x0, 0x0,
    0xff, 0xff, 0x60, 0x1, 0xff, 0xff, 0x90, 0x0,
    0xe, 0xff, 0xff, 0xff, 0xf1, 0x0, 0x5, 0xff,
    0xff, 0x10, 0x0, 0xbf, 0xff, 0xe0, 0x0, 0x3f,
    0xff, 0xff, 0xff, 0xf6, 0x0, 0xb, 0xff, 0xfb,
    0x0, 0x0, 0x6f, 0xff, 0xf3, 0x0, 0x9f, 0xff,
    0xcb, 0xff, 0xfc, 0x0, 0x1f, 0xff, 0xf5, 0x0,
    0x0, 0x1f, 0xff, 0xf9, 0x0, 0xef, 0xff, 0x75,
    0xff, 0xff, 0x10, 0x6f, 0xff, 0xf0, 0x0, 0x0,
    0xb, 0xff, 0xfe, 0x4, 0xff, 0xff, 0x10, 0xff,
    0xff, 0x60, 0xbf, 0xff, 0xa0, 0x0, 0x0, 0x5,
    0xff, 0xff, 0x39, 0xff, 0xfb, 0x0, 0xaf, 0xff,
    0xc1, 0xff, 0xff, 0x50, 0x0, 0x0, 0x0, 0xff,
    0xff, 0x9f, 0xff, 0xf5, 0x0, 0x5f, 0xff, 0xf8,
    0xff, 0xff, 0x0, 0x0, 0x0, 0x0, 0xaf, 0xff,
    0xff, 0xff, 0xf0, 0x0, 0xf, 0xff, 0xff, 0xff,
    0xf9, 0x0, 0x0, 0x0, 0x0, 0x5f, 0xff, 0xff,
    0xff, 0xa0, 0x0, 0xa, 0xff, 0xff, 0xff, 0xf4,
    0x0, 0x0, 0x0, 0x0, 0xf, 0xff, 0xff, 0xff,
    0x40, 0x0, 0x4, 0xff, 0xff, 0xff, 0xe0, 0x0,
    0x0, 0x0, 0x0, 0xa, 0xff, 0xff, 0xfe, 0x0,
    0x0, 0x0, 0xef, 0xff, 0xff, 0x90, 0x0, 0x0,
    0x0, 0x0, 0x4, 0xff, 0xff, 0xf9, 0x0, 0x0,
    0x0, 0x9f, 0xff, 0xff, 0x30, 0x0, 0x0, 0x0,
    0x0, 0x0, 0xef, 0xff, 0xf3, 0x0, 0x0, 0x0,
    0x4f, 0xff, 0xfe, 0x0, 0x0, 0x0,

    /* U+0078 "x" */
    0x4f, 0xff, 0xff, 0x40, 0x0, 0x0, 0x1e, 0xff,
    0xff, 0x40, 0x9f, 0xff, 0xfe, 0x10, 0x0, 0xb,
    0xff, 0xff, 0x90, 0x0, 0xdf, 0xff, 0xfa, 0x0,
    0x7, 0xff, 0xff, 0xc0, 0x0, 0x2, 0xff, 0xff,
    0xf6, 0x2, 0xff, 0xff, 0xf2, 0x0, 0x0, 0x6,
    0xff, 0xff, 0xf2, 0xdf, 0xff, 0xf6, 0x0, 0x0,
    0x0, 0xb, 0xff, 0xff, 0xff, 0xff, 0xfa, 0x0,
    0x0, 0x0, 0x0, 0x1e, 0xff, 0xff, 0xff, 0xfd,
    0x0, 0x0, 0x0, 0x0, 0x0, 0x4f, 0xff, 0xff,
    0xff, 0x30, 0x0, 0x0, 0x0, 0x0, 0x0, 0x9f,
    0xff, 0xff, 0x70, 0x0, 0x0, 0x0, 0x0, 0x0,
    0xa, 0xff, 0xff, 0xfb, 0x0, 0x0, 0x0, 0x0,
    0x0, 0x6, 0xff, 0xff, 0xff, 0xf7, 0x0, 0x0,
    0x0, 0x0, 0x2, 0xff, 0xff, 0xff, 0xff, 0xf3,
    0x0, 0x0, 0x0, 0x0, 0xdf, 0xff, 0xfd, 0xff,
    0xff, 0xd0, 0x0, 0x0, 0x0, 0x9f, 0xff, 0xfc,
    0xd, 0xff, 0xff, 0xa0, 0x0, 0x0, 0x5f, 0xff,
    0xfe, 0x10, 0x3f, 0xff, 0xff, 0x50, 0x0, 0x1e,
    0xff, 0xff, 0x50, 0x0, 0x7f, 0xff, 0xff, 0x20,
    0xc, 0xff, 0xff, 0xa0, 0x0, 0x0, 0xcf, 0xff,
    0xfc, 0x8, 0xff, 0xff, 0xd0, 0x0, 0x0, 0x2,
    0xff, 0xff, 0xf8,

    /* U+0079 "y" */
    0x1f, 0xff, 0xff, 0x10, 0x0, 0x0, 0x0, 0x9,
    0xff, 0xff, 0x20, 0x9f, 0xff, 0xf8, 0x0, 0x0,
    0x0, 0x1, 0xff, 0xff, 0xc0, 0x3, 0xff, 0xff,
    0xe0, 0x0, 0x0, 0x0, 0x6f, 0xff, 0xf5, 0x0,
    0xc, 0xff, 0xff, 0x50, 0x0, 0x0, 0xd, 0xff,
    0xfe, 0x0, 0x0, 0x5f, 0xff, 0xfb, 0x0, 0x0,
    0x4, 0xff, 0xff, 0x80, 0x0, 0x0, 0xef, 0xff,
    0xf2, 0x0, 0x0, 0xaf, 0xff, 0xf1, 0x0, 0x0,
    0x7, 0xff, 0xff, 0x80, 0x0, 0x1f, 0xff, 0xfa,
    0x0, 0x0, 0x0, 0x1f, 0xff, 0xfe, 0x0, 0x7,
    0xff, 0xff, 0x30, 0x0, 0x0, 0x0, 0xaf, 0xff,
    0xf5, 0x0, 0xef, 0xff, 0xd0, 0x0, 0x0, 0x0,
    0x3, 0xff, 0xff, 0xc0, 0x4f, 0xff, 0xf6, 0x0,
    0x0, 0x0, 0x0, 0xc, 0xff, 0xff, 0x3b, 0xff,
    0xfe, 0x0, 0x0, 0x0, 0x0, 0x0, 0x5f, 0xff,
    0xfb, 0xff, 0xff, 0x80, 0x0, 0x0, 0x0, 0x0,
    0x0, 0xef, 0xff, 0xff, 0xff, 0xf2, 0x0, 0x0,
    0x0, 0x0, 0x0, 0x8, 0xff, 0xff, 0xff, 0xfb,
    0x0, 0x0, 0x0, 0x0, 0x0, 0x0, 0x1f, 0xff,
    0xff, 0xff, 0x40, 0x0, 0x0, 0x0, 0x0, 0x0,
    0x0, 0xaf, 0xff, 0xff, 0xd0, 0x0, 0x0, 0x0,
    0x0, 0x0, 0x0, 0x3, 0xff, 0xff, 0xf7, 0x0,
    0x0, 0x0, 0x0, 0x0, 0x0, 0x0, 0xe, 0xff,
    0xff, 0x10, 0x0, 0x0, 0x0, 0x0, 0x0, 0x0,
    0x5, 0xff, 0xff, 0x90, 0x0, 0x0, 0x0, 0x0,
    0xd, 0x94, 0x36, 0xff, 0xff, 0xf2, 0x0, 0x0,
    0x0, 0x0, 0x5, 0xff, 0xff, 0xff, 0xff, 0xfa,
    0x0, 0x0, 0x0, 0x0, 0x0, 0xdf, 0xff, 0xff,
    0xff, 0xfe, 0x10, 0x0, 0x0, 0x0, 0x0, 0x1e,
    0xff, 0xff, 0xff, 0xfd, 0x20, 0x0, 0x0, 0x0,
    0x0, 0x0, 0x6, 0xbe, 0xfe, 0xb6, 0x0, 0x0,
    0x0, 0x0, 0x0, 0x0,

    /* U+007A "z" */
    0xaf, 0xff, 0xff, 0xff, 0xff, 0xff, 0xff, 0xf3,
    0xaf, 0xff, 0xff, 0xff, 0xff, 0xff, 0xff, 0xf3,
    0xaf, 0xff, 0xff, 0xff, 0xff, 0xff, 0xff, 0xf3,
    0xaf, 0xff, 0xff, 0xff, 0xff, 0xff, 0xff, 0xd0,
    0x0, 0x0, 0x0, 0x0, 0x8f, 0xff, 0xfe, 0x20,
    0x0, 0x0, 0x0, 0x5, 0xff, 0xff, 0xf4, 0x0,
    0x0, 0x0, 0x0, 0x3f, 0xff, 0xff, 0x70, 0x0,
    0x0, 0x0, 0x1, 0xdf, 0xff, 0xfa, 0x0, 0x0,
    0x0, 0x0, 0xb, 0xff, 0xff, 0xd0, 0x0, 0x0,
    0x0, 0x0, 0x8f, 0xff, 0xfe, 0x20, 0x0, 0x0,
    0x0, 0x5, 0xff, 0xff, 0xf4, 0x0, 0x0, 0x0,
    0x0, 0x3f, 0xff, 0xff, 0x70, 0x0, 0x0, 0x0,
    0x1, 0xdf, 0xff, 0xfa, 0x0, 0x0, 0x0, 0x0,
    0xb, 0xff, 0xff, 0xd0, 0x0, 0x0, 0x0, 0x0,
    0x8f, 0xff, 0xff, 0xff, 0xff, 0xff, 0xff, 0xf7,
    0xef, 0xff, 0xff, 0xff, 0xff, 0xff, 0xff, 0xf7,
    0xef, 0xff, 0xff, 0xff, 0xff, 0xff, 0xff, 0xf7,
    0xef, 0xff, 0xff, 0xff, 0xff, 0xff, 0xff, 0xf7,

    /* U+007B "{" */
    0x0, 0x0, 0x1, 0x8d, 0xff, 0xf0, 0x0, 0x0,
    0x4f, 0xff, 0xff, 0xf0, 0x0, 0x1, 0xef, 0xff,
    0xff, 0xf0, 0x0, 0x7, 0xff, 0xff, 0xff, 0xf0,
    0x0, 0xb, 0xff, 0xff, 0xd3, 0x0, 0x0, 0xd,
    0xff, 0xff, 0x40, 0x0, 0x0, 0xd, 0xff, 0xff,
    0x20, 0x0, 0x0, 0xe, 0xff, 0xff, 0x20, 0x0,
    0x0, 0xe, 0xff, 0xff, 0x20, 0x0, 0x0, 0xe,
    0xff, 0xff, 0x20, 0x0, 0x0, 0xe, 0xff, 0xff,
    0x20, 0x0, 0x0, 0xe, 0xff, 0xff, 0x20, 0x0,
    0x0, 0xe, 0xff, 0xff, 0x10, 0x0, 0x0, 0x5f,
    0xff, 0xff, 0x0, 0x0, 0x5f, 0xff, 0xff, 0xfa,
    0x0, 0x0, 0x5f, 0xff, 0xff, 0xb1, 0x0, 0x0,
    0x5f, 0xff, 0xff, 0xc1, 0x0, 0x0, 0x5f, 0xff,
    0xff, 0xfb, 0x0, 0x0, 0x0, 0x4f, 0xff, 0xff,
    0x0, 0x0, 0x0, 0xe, 0xff, 0xff, 0x10, 0x0,
    0x0, 0xe, 0xff, 0xff, 0x20, 0x0, 0x0, 0xe,
    0xff, 0xff, 0x20, 0x0, 0x0, 0xe, 0xff, 0xff,
    0x20, 0x0, 0x0, 0xe, 0xff, 0xff, 0x20, 0x0,
    0x0, 0xe, 0xff, 0xff, 0x20, 0x0, 0x0, 0xd,
    0xff, 0xff, 0x40, 0x0, 0x0, 0xc, 0xff, 0xff,
    0xc3, 0x0, 0x0, 0x8, 0xff, 0xff, 0xff, 0xf0,
    0x0, 0x2, 0xff, 0xff, 0xff, 0xf0, 0x0, 0x0,
    0x5f, 0xff, 0xff, 0xf0, 0x0, 0x0, 0x2, 0x9d,
    0xff, 0xf0,

    /* U+007C "|" */
    0x4d, 0xdd, 0xd3, 0x5f, 0xff, 0xf3, 0x5f, 0xff,
    0xf3, 0x5f, 0xff, 0xf3, 0x5f, 0xff, 0xf3, 0x5f,
    0xff, 0xf3, 0x5f, 0xff, 0xf3, 0x5f, 0xff, 0xf3,
    0x5f, 0xff, 0xf3, 0x5f, 0xff, 0xf3, 0x5f, 0xff,
    0xf3, 0x5f, 0xff, 0xf3, 0x5f, 0xff, 0xf3, 0x5f,
    0xff, 0xf3, 0x5f, 0xff, 0xf3, 0x5f, 0xff, 0xf3,
    0x5f, 0xff, 0xf3, 0x5f, 0xff, 0xf3, 0x5f, 0xff,
    0xf3, 0x5f, 0xff, 0xf3, 0x5f, 0xff, 0xf3, 0x5f,
    0xff, 0xf3, 0x5f, 0xff, 0xf3, 0x5f, 0xff, 0xf3,
    0x5f, 0xff, 0xf3, 0x5f, 0xff, 0xf3, 0x5f, 0xff,
    0xf3, 0x5f, 0xff, 0xf3, 0x5f, 0xff, 0xf3, 0x5f,
    0xff, 0xf3, 0x5f, 0xff, 0xf3,

    /* U+007D "}" */
    0x8f, 0xfe, 0xb5, 0x0, 0x0, 0x8, 0xff, 0xff,
    0xfb, 0x0, 0x0, 0x8f, 0xff, 0xff, 0xf8, 0x0,
    0x8, 0xff, 0xff, 0xff, 0xf0, 0x0, 0x1, 0x7f,
    0xff, 0xff, 0x30, 0x0, 0x0, 0xcf, 0xff, 0xf5,
    0x0, 0x0, 0xa, 0xff, 0xff, 0x60, 0x0, 0x0,
    0x9f, 0xff, 0xf6, 0x0, 0x0, 0x9, 0xff, 0xff,
    0x60, 0x0, 0x0, 0x9f, 0xff, 0xf6, 0x0, 0x0,
    0x9, 0xff, 0xff, 0x60, 0x0, 0x0, 0x9f, 0xff,
    0xf6, 0x0, 0x0, 0x9, 0xff, 0xff, 0x60, 0x0,
    0x0, 0x7f, 0xff, 0xfc, 0x10, 0x0, 0x2, 0xff,
    0xff, 0xff, 0xd0, 0x0, 0x5, 0xef, 0xff, 0xfd,
    0x0, 0x0, 0x6f, 0xff, 0xff, 0xd0, 0x0, 0x3f,
    0xff, 0xff, 0xfd, 0x0, 0x8, 0xff, 0xff, 0xb0,
    0x0, 0x0, 0x9f, 0xff, 0xf6, 0x0, 0x0, 0x9,
    0xff, 0xff, 0x60, 0x0, 0x0, 0x9f, 0xff, 0xf6,
    0x0, 0x0, 0x9, 0xff, 0xff, 0x60, 0x0, 0x0,
    0x9f, 0xff, 0xf6, 0x0, 0x0, 0x9, 0xff, 0xff,
    0x60, 0x0, 0x0, 0xcf, 0xff, 0xf5, 0x0, 0x1,
    0x6f, 0xff, 0xff, 0x40, 0x8, 0xff, 0xff, 0xff,
    0xf1, 0x0, 0x8f, 0xff, 0xff, 0xf9, 0x0, 0x8,
    0xff, 0xff, 0xfc, 0x0, 0x0, 0x8f, 0xfe, 0xb6,
    0x0, 0x0, 0x0,

    /* U+007E "~" */
    0x0, 0x4, 0x9b, 0x93, 0x0, 0x0, 0x3, 0x66,
    0x30, 0x9, 0xff, 0xff, 0xf8, 0x0, 0x0, 0xaf,
    0xf8, 0x6, 0xff, 0xff, 0xff, 0xfc, 0x10, 0x2f,
    0xff, 0x60, 0xdf, 0xff, 0xff, 0xff, 0xff, 0xcf,
    0xff, 0xf2, 0x2f, 0xff, 0x91, 0x3d, 0xff, 0xff,
    0xff, 0xfb, 0x5, 0xff, 0xe0, 0x0, 0x1a, 0xff,
    0xff, 0xfe, 0x20, 0x4b, 0xb8, 0x0, 0x0, 0x5,
    0xcf, 0xea, 0x20, 0x0,

    /* U+00A1 "¡" */
    0x2, 0xcf, 0xd5, 0x1, 0xef, 0xff, 0xf4, 0x5f,
    0xff, 0xff, 0x95, 0xff, 0xff, 0xf9, 0x1e, 0xff,
    0xff, 0x40, 0x2b, 0xed, 0x50, 0x0, 0x0, 0x0,
    0x0, 0x0, 0x0, 0x0, 0x4, 0xdd, 0xd8, 0x0,
    0x6f, 0xff, 0xb0, 0x8, 0xff, 0xfc, 0x0, 0x9f,
    0xff, 0xd0, 0xa, 0xff, 0xfe, 0x0, 0xbf, 0xff,
    0xf0, 0xc, 0xff, 0xff, 0x0, 0xdf, 0xff, 0xf1,
    0xe, 0xff, 0xff, 0x20, 0xff, 0xff, 0xf3, 0xf,
    0xff, 0xff, 0x41, 0xff, 0xff, 0xf5, 0x2f, 0xff,
    0xff, 0x73, 0xff, 0xff, 0xf8, 0x4f, 0xff, 0xff,
    0x90,

    /* U+00A2 "¢" */
    0x0, 0x0, 0x0, 0x2, 0xaa, 0x90, 0x0, 0x0,
    0x0, 0x0, 0x0, 0x0, 0x4, 0xff, 0xf0, 0x0,
    0x0, 0x0, 0x0, 0x0, 0x0, 0x4, 0xff, 0xf0,
    0x0, 0x0, 0x0, 0x0, 0x0, 0x0, 0x4, 0xff,
    0xf0, 0x0, 0x0, 0x0, 0x0, 0x0, 0x2, 0x7c,
    0xff, 0xfb, 0x72, 0x0, 0x0, 0x0, 0x1, 0x9f,
    0xff, 0xff, 0xff, 0xff, 0xa0, 0x0, 0x0, 0x2e,
    0xff, 0xff, 0xff, 0xff, 0xff, 0xfc, 0x10, 0x1,
    0xef, 0xff, 0xff, 0xff, 0xff, 0xff, 0xff, 0xb0,
    0xb, 0xff, 0xff, 0xfe, 0xff, 0xfb, 0xff, 0xff,
    0xf2, 0x3f, 0xff, 0xff, 0x84, 0xff, 0xf0, 0x7f,
    0xf9, 0x10, 0x9f, 0xff, 0xfb, 0x4, 0xff, 0xf0,
    0x7, 0x20, 0x0, 0xcf, 0xff, 0xf5, 0x4, 0xff,
    0xf0, 0x0, 0x0, 0x0, 0xef, 0xff, 0xf2, 0x4,
    0xff, 0xf0, 0x0, 0x0, 0x0, 0xef, 0xff, 0xf1,
    0x4, 0xff, 0xf0, 0x0, 0x0, 0x0, 0xdf, 0xff,
    0xf3, 0x4, 0xff, 0xf0, 0x0, 0x0, 0x0, 0xaf,
    0xff, 0xf9, 0x4, 0xff, 0xf0, 0x2, 0x0, 0x0,
    0x5f, 0xff, 0xff, 0x34, 0xff, 0xf0, 0x2f, 0xc3,
    0x0, 0xe, 0xff, 0xff, 0xfa, 0xff, 0xf5, 0xef,
    0xff, 0xa1, 0x4, 0xff, 0xff, 0xff, 0xff, 0xff,
    0xff, 0xff, 0xe0, 0x0, 0x7f, 0xff, 0xff, 0xff,
    0xff, 0xff, 0xff, 0x40, 0x0, 0x5, 0xef, 0xff,
    0xff, 0xff, 0xff, 0xe3, 0x0, 0x0, 0x0, 0x7,
    0xcf, 0xff, 0xff, 0xd7, 0x0, 0x0, 0x0, 0x0,
    0x0, 0x4, 0xff, 0xf1, 0x0, 0x0, 0x0, 0x0,
    0x0, 0x0, 0x4, 0xff, 0xf0, 0x0, 0x0, 0x0,
    0x0, 0x0, 0x0, 0x4, 0xff, 0xf0, 0x0, 0x0,
    0x0, 0x0, 0x0, 0x0, 0x4, 0xff, 0xf0, 0x0,
    0x0, 0x0,

    /* U+00A3 "£" */
    0x0, 0x0, 0x0, 0x0, 0x2, 0x7b, 0xde, 0xff,
    0xeb, 0x82, 0x0, 0x0, 0x0, 0x0, 0x1a, 0xff,
    0xff, 0xff, 0xff, 0xff, 0xfa, 0x0, 0x0, 0x0,
    0x4e, 0xff, 0xff, 0xff, 0xff, 0xff, 0xff, 0x90,
    0x0, 0x0, 0x2f, 0xff, 0xff, 0xff, 0xff, 0xff,
    0xff, 0xf3, 0x0, 0x0, 0xc, 0xff, 0xff, 0xff,
    0xda, 0x9a, 0xbe, 0xfd, 0x0, 0x0, 0x3, 0xff,
    0xff, 0xfd, 0x30, 0x0, 0x0, 0x3, 0x40, 0x0,
    0x0, 0x8f, 0xff, 0xfe, 0x10, 0x0, 0x0, 0x0,
    0x0, 0x0, 0x0, 0xb, 0xff, 0xff, 0x90, 0x0,
    0x0, 0x0, 0x0, 0x0, 0x0, 0x0, 0xcf, 0xff,
    0xf6, 0x0, 0x0, 0x0, 0x0, 0x0, 0x0, 0x33,
    0x3e, 0xff, 0xff, 0x83, 0x33, 0x33, 0x33, 0x0,
    0x0, 0xf, 0xff, 0xff, 0xff, 0xff, 0xff, 0xff,
    0xff, 0xf1, 0x0, 0x0, 0xff, 0xff, 0xff, 0xff,
    0xff, 0xff, 0xff, 0xff, 0x10, 0x0, 0xf, 0xff,
    0xff, 0xff, 0xff, 0xff, 0xff, 0xff, 0xf1, 0x0,
    0x0, 0x0, 0xd, 0xff, 0xff, 0x60, 0x0, 0x0,
    0x0, 0x0, 0x0, 0x0, 0x0, 0xdf, 0xff, 0xf6,
    0x0, 0x0, 0x0, 0x0, 0x0, 0x0, 0x0, 0xd,
    0xff, 0xff, 0x60, 0x0, 0x0, 0x0, 0x0, 0x0,
    0x0, 0x0, 0xdf, 0xff, 0xf6, 0x0, 0x0, 0x0,
    0x0, 0x0, 0x0, 0x0, 0xd, 0xff, 0xff, 0x60,
    0x0, 0x0, 0x0, 0x0, 0x0, 0x4, 0x44, 0xef,
    0xff, 0xf8, 0x44, 0x44, 0x44, 0x44, 0x44, 0x10,
    0xff, 0xff, 0xff, 0xff, 0xff, 0xff, 0xff, 0xff,
    0xff, 0xf5, 0xf, 0xff, 0xff, 0xff, 0xff, 0xff,
    0xff, 0xff, 0xff, 0xff, 0x50, 0xff, 0xff, 0xff,
    0xff, 0xff, 0xff, 0xff, 0xff, 0xff, 0xf5, 0xf,
    0xff, 0xff, 0xff, 0xff, 0xff, 0xff, 0xff, 0xff,
    0xff, 0x50,

    /* U+00A4 "¤" */
    0x0, 0x0, 0x0, 0x0, 0x0, 0x0, 0x0, 0x0,
    0x0, 0x0, 0x0, 0x0, 0x1d, 0x30, 0x0, 0x0,
    0x0, 0x0, 0x0, 0x0, 0xc6, 0x0, 0x1, 0xdf,
    0xf3, 0x0, 0x0, 0x1, 0x0, 0x0, 0xc, 0xff,
    0x50, 0xc, 0xff, 0xff, 0x33, 0x9e, 0xff, 0xfb,
    0x50, 0xcf, 0xff, 0xf3, 0x9, 0xff, 0xff, 0xff,
    0xff, 0xff, 0xff, 0xff, 0xff, 0xff, 0xd1, 0x0,
    0x9f, 0xff, 0xff, 0xff, 0xff, 0xff, 0xff, 0xff,
    0xfd, 0x10, 0x0, 0x9, 0xff, 0xff, 0xff, 0xff,
    0xff, 0xff, 0xff, 0xe2, 0x0, 0x0, 0x3, 0xff,
    0xff, 0xd5, 0x10, 0x3a, 0xff, 0xff, 0xa0, 0x0,
    0x0, 0xa, 0xff, 0xfd, 0x10, 0x0, 0x0, 0x8f,
    0xff, 0xf1, 0x0, 0x0, 0xf, 0xff, 0xf3, 0x0,
    0x0, 0x0, 0xc, 0xff, 0xf5, 0x0, 0x0, 0x2f,
    0xff, 0xd0, 0x0, 0x0, 0x0, 0x6, 0xff, 0xf8,
    0x0, 0x0, 0x3f, 0xff, 0xc0, 0x0, 0x0, 0x0,
    0x5, 0xff, 0xf9, 0x0, 0x0, 0x2f, 0xff, 0xd0,
    0x0, 0x0, 0x0, 0x6, 0xff, 0xf8, 0x0, 0x0,
    0xf, 0xff, 0xf3, 0x0, 0x0, 0x0, 0xc, 0xff,
    0xf5, 0x0, 0x0, 0x9, 0xff, 0xfd, 0x10, 0x0,
    0x0, 0x8f, 0xff, 0xf1, 0x0, 0x0, 0x2, 0xff,
    0xff, 0xe6, 0x21, 0x4b, 0xff, 0xff, 0x90, 0x0,
    0x0, 0x7, 0xff, 0xff, 0xff, 0xff, 0xff, 0xff,
    0xff, 0xc0, 0x0, 0x0, 0x7f, 0xff, 0xff, 0xff,
    0xff, 0xff, 0xff, 0xff, 0xfc, 0x0, 0x6, 0xff,
    0xff, 0xff, 0xff, 0xff, 0xff, 0xff, 0xff, 0xff,
    0xb0, 0xe, 0xff, 0xff, 0x52, 0x8d, 0xff, 0xea,
    0x41, 0xdf, 0xff, 0xf4, 0x2, 0xef, 0xf5, 0x0,
    0x0, 0x0, 0x0, 0x0, 0x1d, 0xff, 0x70, 0x0,
    0x3f, 0x60, 0x0, 0x0, 0x0, 0x0, 0x0, 0x1,
    0xe8, 0x0, 0x0, 0x1, 0x0, 0x0, 0x0, 0x0,
    0x0, 0x0, 0x0, 0x10, 0x0,

    /* U+00A5 "¥" */
    0x2f, 0xff, 0xff, 0x60, 0x0, 0x0, 0x0, 0x0,
    0x0, 0x7, 0xff, 0xff, 0xb0, 0x7, 0xff, 0xff,
    0xf1, 0x0, 0x0, 0x0, 0x0, 0x0, 0x2f, 0xff,
    0xff, 0x10, 0x0, 0xcf, 0xff, 0xfb, 0x0, 0x0,
    0x0, 0x0, 0x0, 0xcf, 0xff, 0xf6, 0x0, 0x0,
    0x3f, 0xff, 0xff, 0x60, 0x0, 0x0, 0x0, 0x7,
    0xff, 0xff, 0xb0, 0x0, 0x0, 0x8, 0xff, 0xff,
    0xe1, 0x0, 0x0, 0x0, 0x2f, 0xff, 0xff, 0x20,
    0x0, 0x0, 0x0, 0xdf, 0xff, 0xfb, 0x0, 0x0,
    0x0, 0xcf, 0xff, 0xf7, 0x0, 0x0, 0x0, 0x0,
    0x3f, 0xff, 0xff, 0x50, 0x0, 0x7, 0xff, 0xff,
    0xc0, 0x0, 0x0, 0x0, 0x0, 0x8, 0xff, 0xff,
    0xe1, 0x0, 0x2f, 0xff, 0xff, 0x20, 0x0, 0x0,
    0x0, 0x0, 0x0, 0xdf, 0xff, 0xfa, 0x0, 0xcf,
    0xff, 0xf7, 0x0, 0x0, 0x0, 0x0, 0x0, 0x0,
    0x4f, 0xff, 0xff, 0x56, 0xff, 0xff, 0xc0, 0x0,
    0x0, 0x0, 0x0, 0x0, 0x0, 0x9, 0xff, 0xff,
    0xef, 0xff, 0xff, 0x30, 0x0, 0x0, 0x0, 0x0,
    0x0, 0x0, 0x0, 0xef, 0xff, 0xff, 0xff, 0xf8,
    0x0, 0x0, 0x0, 0x0, 0x0, 0x0, 0x0, 0x0,
    0x4f, 0xff, 0xff, 0xff, 0xd0, 0x0, 0x0, 0x0,
    0x0, 0x0, 0x0, 0xcf, 0xff, 0xff, 0xff, 0xff,
    0xff, 0xff, 0xff, 0xf5, 0x0, 0x0, 0x0, 0x0,
    0xcf, 0xff, 0xff, 0xff, 0xff, 0xff, 0xff, 0xff,
    0xf5, 0x0, 0x0, 0x0, 0x0, 0x9b, 0xbb, 0xbb,
    0xff, 0xff, 0xfd, 0xbb, 0xbb, 0xb4, 0x0, 0x0,
    0x0, 0x0, 0x0, 0x0, 0x0, 0xdf, 0xff, 0xf6,
    0x0, 0x0, 0x0, 0x0, 0x0, 0x0, 0x0, 0x9b,
    0xbb, 0xbb, 0xff, 0xff, 0xfd, 0xbb, 0xbb, 0xb4,
    0x0, 0x0, 0x0, 0x0, 0xcf, 0xff, 0xff, 0xff,
    0xff, 0xff, 0xff, 0xff, 0xf5, 0x0, 0x0, 0x0,
    0x0, 0xcf, 0xff, 0xff, 0xff, 0xff, 0xff, 0xff,
    0xff, 0xf5, 0x0, 0x0, 0x0, 0x0, 0x0, 0x0,
    0x0, 0xdf, 0xff, 0xf6, 0x0, 0x0, 0x0, 0x0,
    0x0, 0x0, 0x0, 0x0, 0x0, 0x0, 0xdf, 0xff,
    0xf6, 0x0, 0x0, 0x0, 0x0, 0x0, 0x0, 0x0,
    0x0, 0x0, 0x0, 0xdf, 0xff, 0xf6, 0x0, 0x0,
    0x0, 0x0, 0x0,

    /* U+00A6 "¦" */
    0x5f, 0xff, 0xf3, 0x5f, 0xff, 0xf3, 0x5f, 0xff,
    0xf3, 0x5f, 0xff, 0xf3, 0x5f, 0xff, 0xf3, 0x5f,
    0xff, 0xf3, 0x5f, 0xff, 0xf3, 0x5f, 0xff, 0xf3,
    0x5f, 0xff, 0xf3, 0x5f, 0xff, 0xf3, 0x5f, 0xff,
    0xf3, 0x38, 0x88, 0x82, 0x0, 0x0, 0x0, 0x0,
    0x0, 0x0, 0x0, 0x0, 0x0, 0x0, 0x0, 0x0,
    0x0, 0x0, 0x0, 0x0, 0x0, 0x0, 0x0, 0x0,
    0x0, 0x28, 0x88, 0x81, 0x5f, 0xff, 0xf3, 0x5f,
    0xff, 0xf3, 0x5f, 0xff, 0xf3, 0x5f, 0xff, 0xf3,
    0x5f, 0xff, 0xf3, 0x5f, 0xff, 0xf3, 0x5f, 0xff,
    0xf3, 0x5f, 0xff, 0xf3, 0x5f, 0xff, 0xf3, 0x5f,
    0xff, 0xf3, 0x5f, 0xff, 0xf3,

    /* U+00A7 "§" */
    0x0, 0x0, 0x5, 0xad, 0xef, 0xed, 0xa6, 0x20,
    0x0, 0x0, 0x3d, 0xff, 0xff, 0xff, 0xff, 0xff,
    0xb0, 0x0, 0x3f, 0xff, 0xff, 0xff, 0xff, 0xff,
    0xfb, 0x0, 0xd, 0xff, 0xff, 0xfd, 0xcd, 0xff,
    0xff, 0x40, 0x3, 0xff, 0xff, 0x90, 0x0, 0x0,
    0x39, 0xd0, 0x0, 0x6f, 0xff, 0xf0, 0x0, 0x0,
    0x0, 0x0, 0x0, 0x6, 0xff, 0xff, 0x50, 0x0,
    0x0, 0x0, 0x0, 0x0, 0x3f, 0xff, 0xff, 0xb6,
    0x20, 0x0, 0x0, 0x0, 0x0, 0xbf, 0xff, 0xff,
    0xff, 0xea, 0x40, 0x0, 0x0, 0x5, 0xff, 0xff,
    0xff, 0xff, 0xff, 0xb1, 0x0, 0x2, 0xff, 0xff,
    0xff, 0xff, 0xff, 0xff, 0xd0, 0x0, 0xaf, 0xff,
    0xe5, 0x48, 0xcf, 0xff, 0xff, 0x60, 0xf, 0xff,
    0xf6, 0x0, 0x0, 0x3e, 0xff, 0xfa, 0x1, 0xff,
    0xff, 0x40, 0x0, 0x0, 0x9f, 0xff, 0xc0, 0xf,
    0xff, 0xfc, 0x20, 0x0, 0xb, 0xff, 0xfa, 0x0,
    0xcf, 0xff, 0xff, 0xc7, 0x38, 0xff, 0xff, 0x50,
    0x3, 0xff, 0xff, 0xff, 0xff, 0xff, 0xff, 0xc0,
    0x0, 0x4, 0xdf, 0xff, 0xff, 0xff, 0xff, 0xf1,
    0x0, 0x0, 0x0, 0x49, 0xef, 0xff, 0xff, 0xff,
    0x70, 0x0, 0x0, 0x0, 0x0, 0x16, 0xbf, 0xff,
    0xfe, 0x0, 0x0, 0x0, 0x0, 0x0, 0x0, 0x8f,
    0xff, 0xf1, 0x0, 0x5, 0x0, 0x0, 0x0, 0x5,
    0xff, 0xff, 0x20, 0x4, 0xfc, 0x61, 0x0, 0x1,
    0xcf, 0xff, 0xf0, 0x0, 0xbf, 0xff, 0xfe, 0xcd,
    0xff, 0xff, 0xf9, 0x0, 0x1f, 0xff, 0xff, 0xff,
    0xff, 0xff, 0xfe, 0x10, 0x0, 0x8f, 0xff, 0xff,
    0xff, 0xff, 0xfc, 0x20, 0x0, 0x0, 0x4, 0x9c,
    0xef, 0xfd, 0xa5, 0x0, 0x0, 0x0,

    /* U+00A8 "¨" */
    0x5, 0x83, 0x0, 0x2, 0x76, 0x0, 0x8f, 0xff,
    0x30, 0x1e, 0xff, 0xb0, 0xdf, 0xff, 0x80, 0x5f,
    0xff, 0xf0, 0xbf, 0xff, 0x60, 0x3f, 0xff, 0xe0,
    0x2c, 0xfa, 0x0, 0x7, 0xed, 0x40,

    /* U+00A9 "©" */
    0x0, 0x0, 0x0, 0x0, 0x0, 0x2, 0x10, 0x0,
    0x0, 0x0, 0x0, 0x0, 0x0, 0x0, 0x0, 0x6b,
    0xff, 0xff, 0xfc, 0x71, 0x0, 0x0, 0x0, 0x0,
    0x0, 0x6, 0xef, 0xff, 0xff, 0xff, 0xff, 0xf7,
    0x0, 0x0, 0x0, 0x0, 0xa, 0xff, 0xe8, 0x31,
    0x0, 0x37, 0xdf, 0xfc, 0x10, 0x0, 0x0, 0xb,
    0xff, 0x90, 0x0, 0x0, 0x0, 0x0, 0x6f, 0xfd,
    0x0, 0x0, 0x8, 0xff, 0x50, 0x0, 0x2, 0x44,
    0x20, 0x0, 0x3e, 0xfa, 0x0, 0x2, 0xff, 0x70,
    0x0, 0x7e, 0xff, 0xff, 0xc4, 0x0, 0x4f, 0xf4,
    0x0, 0xaf, 0xc0, 0x1, 0xcf, 0xff, 0xff, 0xff,
    0xf7, 0x0, 0x9f, 0xc0, 0x1f, 0xf3, 0x0, 0xbf,
    0xff, 0xff, 0xff, 0xff, 0xf2, 0x1, 0xff, 0x25,
    0xfe, 0x0, 0x4f, 0xff, 0xf6, 0x11, 0x7f, 0xe5,
    0x0, 0xb, 0xf7, 0x9f, 0xa0, 0xa, 0xff, 0xf5,
    0x0, 0x0, 0x40, 0x0, 0x0, 0x8f, 0xaa, 0xf8,
    0x0, 0xcf, 0xff, 0x0, 0x0, 0x0, 0x0, 0x0,
    0x6, 0xfc, 0xbf, 0x70, 0xd, 0xff, 0xe0, 0x0,
    0x0, 0x0, 0x0, 0x0, 0x5f, 0xda, 0xf8, 0x0,
    0xcf, 0xff, 0x10, 0x0, 0x0, 0x0, 0x0, 0x6,
    0xfb, 0x8f, 0xa0, 0x8, 0xff, 0xf9, 0x0, 0x0,
    0x94, 0x0, 0x0, 0x9f, 0xa5, 0xfe, 0x0, 0x2f,
    0xff, 0xfb, 0x66, 0xcf, 0xfb, 0x10, 0xd, 0xf6,
    0xf, 0xf4, 0x0, 0x7f, 0xff, 0xff, 0xff, 0xff,
    0xe1, 0x3, 0xff, 0x10, 0x9f, 0xd0, 0x0, 0x7f,
    0xff, 0xff, 0xff, 0xe3, 0x0, 0xcf, 0xa0, 0x1,
    0xff, 0x90, 0x0, 0x29, 0xdf, 0xec, 0x71, 0x0,
    0x7f, 0xf2, 0x0, 0x6, 0xff, 0x80, 0x0, 0x0,
    0x0, 0x0, 0x0, 0x6f, 0xf7, 0x0, 0x0, 0x9,
    0xff, 0xb1, 0x0, 0x0, 0x0, 0x1, 0xaf, 0xfa,
    0x0, 0x0, 0x0, 0x7, 0xff, 0xfa, 0x53, 0x23,
    0x59, 0xff, 0xf9, 0x0, 0x0, 0x0, 0x0, 0x3,
    0xcf, 0xff, 0xff, 0xff, 0xff, 0xd4, 0x0, 0x0,
    0x0, 0x0, 0x0, 0x0, 0x48, 0xce, 0xfe, 0xc9,
    0x40, 0x0, 0x0, 0x0,

    /* U+00AA "ª" */
    0x0, 0x49, 0xdf, 0xfe, 0xa3, 0x0, 0x7, 0xff,
    0xff, 0xff, 0xff, 0x60, 0x1, 0xfe, 0xa9, 0xae,
    0xff, 0xf1, 0x0, 0x30, 0x0, 0x2, 0xff, 0xf6,
    0x0, 0x39, 0xcd, 0xdd, 0xff, 0xf8, 0x5, 0xff,
    0xff, 0xff, 0xff, 0xf8, 0xe, 0xff, 0x91, 0x0,
    0xef, 0xf8, 0x1f, 0xff, 0x30, 0x1, 0xff, 0xf8,
    0xf, 0xff, 0xb3, 0x4c, 0xff, 0xf8, 0x7, 0xff,
    0xff, 0xff, 0xef, 0xf8, 0x0, 0x6d, 0xff, 0xc5,
    0xaf, 0xf8,

    /* U+00AB "«" */
    0x0, 0x0, 0x9e, 0xee, 0xb0, 0x5, 0xee, 0xed,
    0x10, 0x0, 0x4f, 0xff, 0xf3, 0x2, 0xff, 0xff,
    0x60, 0x0, 0x1e, 0xff, 0xf8, 0x0, 0xcf, 0xff,
    0xb0, 0x0, 0xb, 0xff, 0xfd, 0x0, 0x7f, 0xff,
    0xf1, 0x0, 0x6, 0xff, 0xff, 0x30, 0x3f, 0xff,
    0xf6, 0x0, 0x2, 0xff, 0xff, 0x70, 0xd, 0xff,
    0xfb, 0x0, 0x0, 0xaf, 0xff, 0xe0, 0x6, 0xff,
    0xff, 0x20, 0x0, 0x3, 0xff, 0xff, 0x60, 0x1e,
    0xff, 0xf9, 0x0, 0x0, 0x7, 0xff, 0xff, 0x20,
    0x4f, 0xff, 0xf4, 0x0, 0x0, 0xc, 0xff, 0xfb,
    0x0, 0x9f, 0xff, 0xe1, 0x0, 0x0, 0x2f, 0xff,
    0xf6, 0x0, 0xdf, 0xff, 0xa0, 0x0, 0x0, 0x6f,
    0xff, 0xf2, 0x2, 0xff, 0xff, 0x50, 0x0, 0x0,
    0xbf, 0xff, 0xc0, 0x7, 0xff, 0xfe, 0x10,

    /* U+00AC "¬" */
    0xf, 0xff, 0xff, 0xff, 0xff, 0xff, 0xff, 0xff,
    0x30, 0xff, 0xff, 0xff, 0xff, 0xff, 0xff, 0xff,
    0xf3, 0xf, 0xff, 0xff, 0xff, 0xff, 0xff, 0xff,
    0xff, 0x30, 0xff, 0xff, 0xff, 0xff, 0xff, 0xff,
    0xff, 0xf3, 0x0, 0x0, 0x0, 0x0, 0x0, 0x0,
    0xef, 0xff, 0x30, 0x0, 0x0, 0x0, 0x0, 0x0,
    0xe, 0xff, 0xf3, 0x0, 0x0, 0x0, 0x0, 0x0,
    0x0, 0xef, 0xff, 0x30, 0x0, 0x0, 0x0, 0x0,
    0x0, 0xe, 0xff, 0xf3, 0x0, 0x0, 0x0, 0x0,
    0x0, 0x0, 0xef, 0xff, 0x30, 0x0, 0x0, 0x0,
    0x0, 0x0, 0xe, 0xff, 0xf3,

    /* U+00AE "®" */
    0x0, 0x0, 0x0, 0x0, 0x0, 0x2, 0x10, 0x0,
    0x0, 0x0, 0x0, 0x0, 0x0, 0x0, 0x0, 0x6b,
    0xff, 0xff, 0xfc, 0x71, 0x0, 0x0, 0x0, 0x0,
    0x0, 0x6, 0xef, 0xff, 0xff, 0xff, 0xff, 0xf7,
    0x0, 0x0, 0x0, 0x0, 0xa, 0xff, 0xe8, 0x31,
    0x0, 0x37, 0xdf, 0xfc, 0x10, 0x0, 0x0, 0xb,
    0xff, 0x90, 0x0, 0x0, 0x0, 0x0, 0x6f, 0xfd,
    0x0, 0x0, 0x8, 0xff, 0x50, 0x0, 0x0, 0x0,
    0x0, 0x0, 0x3e, 0xfa, 0x0, 0x2, 0xff, 0x70,
    0x5f, 0xff, 0xff, 0xfd, 0x92, 0x0, 0x4f, 0xf4,
    0x0, 0xaf, 0xc0, 0x5, 0xff, 0xff, 0xff, 0xff,
    0xf4, 0x0, 0x9f, 0xc0, 0x1f, 0xf3, 0x0, 0x5f,
    0xff, 0x88, 0x9f, 0xff, 0xe1, 0x1, 0xff, 0x25,
    0xfe, 0x0, 0x5, 0xff, 0xf0, 0x0, 0x2f, 0xff,
    0x50, 0xb, 0xf7, 0x9f, 0xa0, 0x0, 0x5f, 0xff,
    0x0, 0x0, 0xdf, 0xf7, 0x0, 0x8f, 0xaa, 0xf8,
    0x0, 0x5, 0xff, 0xf0, 0x0, 0x2f, 0xff, 0x50,
    0x6, 0xfc, 0xbf, 0x70, 0x0, 0x5f, 0xff, 0x99,
    0xaf, 0xff, 0xf1, 0x0, 0x5f, 0xda, 0xf8, 0x0,
    0x5, 0xff, 0xff, 0xff, 0xff, 0xf5, 0x0, 0x6,
    0xfb, 0x8f, 0xa0, 0x0, 0x5f, 0xff, 0xff, 0xff,
    0xf5, 0x0, 0x0, 0x9f, 0xa5, 0xfe, 0x0, 0x5,
    0xff, 0xf0, 0x8, 0xff, 0xc0, 0x0, 0xd, 0xf6,
    0xf, 0xf4, 0x0, 0x5f, 0xff, 0x0, 0xd, 0xff,
    0x70, 0x3, 0xff, 0x10, 0x9f, 0xd0, 0x5, 0xff,
    0xf0, 0x0, 0x4f, 0xff, 0x10, 0xcf, 0xa0, 0x1,
    0xff, 0x90, 0x4b, 0xbb, 0x0, 0x0, 0x8b, 0xb7,
    0x7f, 0xf2, 0x0, 0x6, 0xff, 0x80, 0x0, 0x0,
    0x0, 0x0, 0x0, 0x6f, 0xf7, 0x0, 0x0, 0x9,
    0xff, 0xb1, 0x0, 0x0, 0x0, 0x1, 0xaf, 0xfa,
    0x0, 0x0, 0x0, 0x7, 0xff, 0xfa, 0x53, 0x23,
    0x59, 0xff, 0xf9, 0x0, 0x0, 0x0, 0x0, 0x3,
    0xcf, 0xff, 0xff, 0xff, 0xff, 0xd4, 0x0, 0x0,
    0x0, 0x0, 0x0, 0x0, 0x48, 0xce, 0xfe, 0xc9,
    0x40, 0x0, 0x0, 0x0,

    /* U+00AF "¯" */
    0x4e, 0xee, 0xee, 0xee, 0xee, 0xee, 0x75, 0xff,
    0xff, 0xff, 0xff, 0xff, 0xf8, 0x5f, 0xff, 0xff,
    0xff, 0xff, 0xff, 0x80,

    /* U+00B0 "°" */
    0x0, 0x1, 0x68, 0x73, 0x0, 0x0, 0x0, 0x8f,
    0xff, 0xff, 0xb1, 0x0, 0x9, 0xff, 0xff, 0xff,
    0xfd, 0x0, 0x4f, 0xfe, 0x40, 0x2b, 0xff, 0x90,
    0xaf, 0xf3, 0x0, 0x0, 0xdf, 0xf0, 0xdf, 0xd0,
    0x0, 0x0, 0x7f, 0xf3, 0xef, 0xc0, 0x0, 0x0,
    0x6f, 0xf3, 0xcf, 0xf0, 0x0, 0x0, 0x9f, 0xf1,
    0x7f, 0xf9, 0x0, 0x4, 0xff, 0xc0, 0xd, 0xff,
    0xd9, 0xbf, 0xff, 0x40, 0x2, 0xef, 0xff, 0xff,
    0xf6, 0x0, 0x0, 0x18, 0xdf, 0xea, 0x30, 0x0,

    /* U+00B1 "±" */
    0x0, 0x0, 0x0, 0x5b, 0xbb, 0x70, 0x0, 0x0,
    0x0, 0x0, 0x0, 0x7, 0xff, 0xfa, 0x0, 0x0,
    0x0, 0x0, 0x0, 0x0, 0x7f, 0xff, 0xa0, 0x0,
    0x0, 0x0, 0x0, 0x0, 0x7, 0xff, 0xfa, 0x0,
    0x0, 0x0, 0x0, 0x0, 0x0, 0x7f, 0xff, 0xa0,
    0x0, 0x0, 0x0, 0x0, 0x0, 0x7, 0xff, 0xfa,
    0x0, 0x0, 0x0, 0xf, 0xff, 0xff, 0xff, 0xff,
    0xff, 0xff, 0xff, 0x30, 0xff, 0xff, 0xff, 0xff,
    0xff, 0xff, 0xff, 0xf3, 0xf, 0xff, 0xff, 0xff,
    0xff, 0xff, 0xff, 0xff, 0x30, 0xee, 0xee, 0xef,
    0xff, 0xff, 0xee, 0xee, 0xe3, 0x0, 0x0, 0x0,
    0x7f, 0xff, 0xa0, 0x0, 0x0, 0x0, 0x0, 0x0,
    0x7, 0xff, 0xfa, 0x0, 0x0, 0x0, 0x0, 0x0,
    0x0, 0x7f, 0xff, 0xa0, 0x0, 0x0, 0x0, 0x0,
    0x0, 0x7, 0xff, 0xfa, 0x0, 0x0, 0x0, 0x0,
    0x0, 0x0, 0x7f, 0xff, 0xa0, 0x0, 0x0, 0x0,
    0x0, 0x0, 0x0, 0x0, 0x0, 0x0, 0x0, 0x0,
    0x0, 0x0, 0x0, 0x0, 0x0, 0x0, 0x0, 0x0,
    0x0, 0x0, 0x0, 0x0, 0x0, 0x0, 0x0, 0x0,
    0x0, 0xf, 0xff, 0xff, 0xff, 0xff, 0xff, 0xff,
    0xff, 0x30, 0xff, 0xff, 0xff, 0xff, 0xff, 0xff,
    0xff, 0xf3, 0xf, 0xff, 0xff, 0xff, 0xff, 0xff,
    0xff, 0xff, 0x30, 0xff, 0xff, 0xff, 0xff, 0xff,
    0xff, 0xff, 0xf3,

    /* U+00B2 "²" */
    0x0, 0x18, 0xce, 0xfe, 0xc7, 0x0, 0x0, 0x5f,
    0xff, 0xff, 0xff, 0xfd, 0x10, 0x2f, 0xff, 0xfe,
    0xdf, 0xff, 0xfa, 0x0, 0x3b, 0xb2, 0x0, 0x1d,
    0xff, 0xe0, 0x0, 0x0, 0x0, 0x0, 0xaf, 0xfd,
    0x0, 0x0, 0x0, 0x0, 0x4f, 0xff, 0x80, 0x0,
    0x0, 0x0, 0x5f, 0xff, 0xb0, 0x0, 0x0, 0x0,
    0x8f, 0xff, 0xa0, 0x0, 0x0, 0x1, 0xbf, 0xff,
    0x80, 0x0, 0x0, 0x2, 0xdf, 0xff, 0x50, 0x0,
    0x0, 0x5, 0xff, 0xff, 0xeb, 0xbb, 0xbb, 0x50,
    0xbf, 0xff, 0xff, 0xff, 0xff, 0xf7, 0xb, 0xff,
    0xff, 0xff, 0xff, 0xff, 0x70,

    /* U+00B3 "³" */
    0xd, 0xff, 0xff, 0xff, 0xff, 0xff, 0x0, 0xdf,
    0xff, 0xff, 0xff, 0xff, 0xf0, 0x9, 0xbb, 0xbb,
    0xbd, 0xff, 0xf9, 0x0, 0x0, 0x0, 0x4, 0xff,
    0xf8, 0x0, 0x0, 0x0, 0x5, 0xff, 0xf7, 0x0,
    0x0, 0x0, 0x3, 0xff, 0xff, 0xa5, 0x0, 0x0,
    0x0, 0x4f, 0xff, 0xff, 0xfa, 0x0, 0x0, 0x1,
    0x55, 0x6b, 0xff, 0xf6, 0x0, 0x0, 0x0, 0x0,
    0xe, 0xff, 0xa0, 0x6a, 0x40, 0x0, 0x4, 0xff,
    0xf9, 0xe, 0xff, 0xfe, 0xde, 0xff, 0xff, 0x33,
    0xef, 0xff, 0xff, 0xff, 0xff, 0x60, 0x0, 0x5a,
    0xdf, 0xfe, 0xc8, 0x20, 0x0,

    /* U+00B4 "´" */
    0x0, 0x0, 0x6f, 0xff, 0xfb, 0x10, 0x0, 0x4f,
    0xff, 0xfa, 0x0, 0x0, 0x3f, 0xff, 0xf7, 0x0,
    0x0, 0x1e, 0xff, 0xf5, 0x0, 0x0, 0xd, 0xff,
    0xe3, 0x0, 0x0, 0x0,

    /* U+00B5 "µ" */
    0xbf, 0xff, 0xf4, 0x0, 0x0, 0x0, 0x3f, 0xff,
    0xfc, 0xbf, 0xff, 0xf4, 0x0, 0x0, 0x0, 0x3f,
    0xff, 0xfc, 0xbf, 0xff, 0xf4, 0x0, 0x0, 0x0,
    0x3f, 0xff, 0xfc, 0xbf, 0xff, 0xf4, 0x0, 0x0,
    0x0, 0x3f, 0xff, 0xfc, 0xbf, 0xff, 0xf4, 0x0,
    0x0, 0x0, 0x3f, 0xff, 0xfc, 0xbf, 0xff, 0xf4,
    0x0, 0x0, 0x0, 0x3f, 0xff, 0xfc, 0xbf, 0xff,
    0xf4, 0x0, 0x0, 0x0, 0x3f, 0xff, 0xfc, 0xbf,
    0xff, 0xf4, 0x0, 0x0, 0x0, 0x3f, 0xff, 0xfc,
    0xbf, 0xff, 0xf4, 0x0, 0x0, 0x0, 0x3f, 0xff,
    0xfc, 0xbf, 0xff, 0xf4, 0x0, 0x0, 0x0, 0x4f,
    0xff, 0xfc, 0xbf, 0xff, 0xf6, 0x0, 0x0, 0x0,
    0x6f, 0xff, 0xfc, 0xbf, 0xff, 0xfa, 0x0, 0x0,
    0x0, 0xcf, 0xff, 0xfc, 0xbf, 0xff, 0xff, 0x40,
    0x0, 0x8, 0xff, 0xff, 0xfc, 0xbf, 0xff, 0xff,
    0xfa, 0x78, 0xdf, 0xff, 0xff, 0xfc, 0xbf, 0xff,
    0xff, 0xff, 0xff, 0xff, 0xff, 0xff, 0xfc, 0xbf,
    0xff, 0xff, 0xff, 0xff, 0xff, 0xff, 0xff, 0xfc,
    0xbf, 0xff, 0xff, 0xff, 0xff, 0xff, 0x8b, 0xff,
    0xfc, 0xbf, 0xff, 0xf7, 0x9d, 0xfe, 0xb4, 0xb,
    0xff, 0xfc, 0xbf, 0xff, 0xf4, 0x0, 0x0, 0x0,
    0x0, 0x0, 0x0, 0xbf, 0xff, 0xf4, 0x0, 0x0,
    0x0, 0x0, 0x0, 0x0, 0xbf, 0xff, 0xf4, 0x0,
    0x0, 0x0, 0x0, 0x0, 0x0, 0xbf, 0xff, 0xf4,
    0x0, 0x0, 0x0, 0x0, 0x0, 0x0, 0xbf, 0xff,
    0xf4, 0x0, 0x0, 0x0, 0x0, 0x0, 0x0, 0xbf,
    0xff, 0xf4, 0x0, 0x0, 0x0, 0x0, 0x0, 0x0,

    /* U+00B6 "¶" */
    0x0, 0x0, 0x16, 0x9b, 0xbb, 0xbb, 0xbb, 0xbb,
    0xbb, 0xb3, 0x0, 0x1a, 0xff, 0xff, 0xff, 0xff,
    0xff, 0xff, 0xff, 0xf4, 0x1, 0xdf, 0xff, 0xff,
    0xff, 0xff, 0xff, 0xff, 0xff, 0xf4, 0xb, 0xff,
    0xff, 0xff, 0xff, 0xff, 0xff, 0xff, 0xff, 0xf4,
    0x3f, 0xff, 0xff, 0xff, 0xff, 0xf5, 0x0, 0xc,
    0xff, 0xf4, 0x7f, 0xff, 0xff, 0xff, 0xff, 0xf5,
    0x0, 0xc, 0xff, 0xf4, 0x8f, 0xff, 0xff, 0xff,
    0xff, 0xf5, 0x0, 0xc, 0xff, 0xf4, 0x6f, 0xff,
    0xff, 0xff, 0xff, 0xf5, 0x0, 0xc, 0xff, 0xf4,
    0x3f, 0xff, 0xff, 0xff, 0xff, 0xf5, 0x0, 0xc,
    0xff, 0xf4, 0xd, 0xff, 0xff, 0xff, 0xff, 0xf5,
    0x0, 0xc, 0xff, 0xf4, 0x3, 0xff, 0xff, 0xff,
    0xff, 0xf5, 0x0, 0xc, 0xff, 0xf4, 0x0, 0x3d,
    0xff, 0xff, 0xff, 0xf5, 0x0, 0xc, 0xff, 0xf4,
    0x0, 0x0, 0x5a, 0xcf, 0xff, 0xf5, 0x0, 0xc,
    0xff, 0xf4, 0x0, 0x0, 0x0, 0xb, 0xff, 0xf5,
    0x0, 0xc, 0xff, 0xf4, 0x0, 0x0, 0x0, 0xb,
    0xff, 0xf5, 0x0, 0xc, 0xff, 0xf4, 0x0, 0x0,
    0x0, 0xb, 0xff, 0xf5, 0x0, 0xc, 0xff, 0xf4,
    0x0, 0x0, 0x0, 0xb, 0xff, 0xf5, 0x0, 0xc,
    0xff, 0xf4, 0x0, 0x0, 0x0, 0xb, 0xff, 0xf5,
    0x0, 0xc, 0xff, 0xf4, 0x0, 0x0, 0x0, 0xb,
    0xff, 0xf5, 0x0, 0xc, 0xff, 0xf4, 0x0, 0x0,
    0x0, 0xb, 0xff, 0xf5, 0x0, 0xc, 0xff, 0xf4,
    0x0, 0x0, 0x0, 0xb, 0xff, 0xf5, 0x0, 0xc,
    0xff, 0xf4, 0x0, 0x0, 0x0, 0xb, 0xff, 0xf5,
    0x0, 0xc, 0xff, 0xf4, 0x0, 0x0, 0x0, 0xb,
    0xff, 0xf5, 0x0, 0xc, 0xff, 0xf4, 0x0, 0x0,
    0x0, 0xb, 0xff, 0xf5, 0x0, 0xc, 0xff, 0xf4,
    0x0, 0x0, 0x0, 0xb, 0xff, 0xf5, 0x0, 0xc,
    0xff, 0xf4, 0x0, 0x0, 0x0, 0xb, 0xff, 0xf5,
    0x0, 0xc, 0xff, 0xf4, 0x0, 0x0, 0x0, 0xb,
    0xff, 0xf5, 0x0, 0xc, 0xff, 0xf4, 0x0, 0x0,
    0x0, 0xb, 0xff, 0xf5, 0x0, 0xc, 0xff, 0xf4,

    /* U+00B7 "·" */
    0x0, 0x25, 0x50, 0x0, 0x5f, 0xff, 0xe2, 0xf,
    0xff, 0xff, 0xa3, 0xff, 0xff, 0xfe, 0x2f, 0xff,
    0xff, 0xd0, 0xcf, 0xff, 0xf7, 0x1, 0xae, 0xe7,
    0x0,

    /* U+00B8 "¸" */
    0x0, 0xd, 0xfc, 0x0, 0x0, 0x1, 0xff, 0x90,
    0x0, 0x0, 0x5f, 0xff, 0xc3, 0x0, 0x4, 0x8b,
    0xff, 0xe0, 0x0, 0x0, 0xf, 0xff, 0x30, 0xa8,
    0x6a, 0xff, 0xf1, 0x2f, 0xff, 0xff, 0xf9, 0x2,
    0xae, 0xfe, 0xb5, 0x0,

    /* U+00B9 "¹" */
    0x6f, 0xff, 0xff, 0xf3, 0x0, 0x6, 0xff, 0xff,
    0xff, 0x30, 0x0, 0x4b, 0xbd, 0xff, 0xf3, 0x0,
    0x0, 0x0, 0x6f, 0xff, 0x30, 0x0, 0x0, 0x6,
    0xff, 0xf3, 0x0, 0x0, 0x0, 0x6f, 0xff, 0x30,
    0x0, 0x0, 0x6, 0xff, 0xf3, 0x0, 0x0, 0x0,
    0x6f, 0xff, 0x30, 0x0, 0x0, 0x6, 0xff, 0xf3,
    0x0, 0x0, 0x0, 0x6f, 0xff, 0x30, 0x0, 0x7b,
    0xbd, 0xff, 0xfc, 0xbb, 0x1a, 0xff, 0xff, 0xff,
    0xff, 0xf1, 0xaf, 0xff, 0xff, 0xff, 0xff, 0x10,

    /* U+00BA "º" */
    0x0, 0x2, 0x9d, 0xfe, 0xc7, 0x10, 0x0, 0x7,
    0xff, 0xff, 0xff, 0xfe, 0x30, 0x5, 0xff, 0xff,
    0xcc, 0xff, 0xfe, 0x10, 0xdf, 0xfd, 0x10, 0x4,
    0xff, 0xf8, 0x2f, 0xff, 0x40, 0x0, 0xa, 0xff,
    0xc3, 0xff, 0xf3, 0x0, 0x0, 0x8f, 0xfd, 0x1f,
    0xff, 0x60, 0x0, 0xc, 0xff, 0xb0, 0xbf, 0xff,
    0x50, 0x19, 0xff, 0xf6, 0x2, 0xef, 0xff, 0xff,
    0xff, 0xfb, 0x0, 0x3, 0xdf, 0xff, 0xff, 0xfa,
    0x0, 0x0, 0x0, 0x48, 0xa9, 0x72, 0x0, 0x0,

    /* U+00BB "»" */
    0xc, 0xee, 0xe8, 0x0, 0x9e, 0xee, 0xb0, 0x0,
    0x0, 0x4, 0xff, 0xff, 0x40, 0x1e, 0xff, 0xf7,
    0x0, 0x0, 0x0, 0x9f, 0xff, 0xe1, 0x5, 0xff,
    0xff, 0x30, 0x0, 0x0, 0xd, 0xff, 0xfa, 0x0,
    0xaf, 0xff, 0xd0, 0x0, 0x0, 0x3, 0xff, 0xff,
    0x50, 0x1e, 0xff, 0xf9, 0x0, 0x0, 0x0, 0x8f,
    0xff, 0xe1, 0x4, 0xff, 0xff, 0x40, 0x0, 0x0,
    0xf, 0xff, 0xf9, 0x0, 0xcf, 0xff, 0xd0, 0x0,
    0x0, 0x7f, 0xff, 0xf2, 0x3, 0xff, 0xff, 0x60,
    0x0, 0x2, 0xff, 0xff, 0x70, 0xd, 0xff, 0xfa,
    0x0, 0x0, 0xc, 0xff, 0xfb, 0x0, 0x9f, 0xff,
    0xe1, 0x0, 0x0, 0x7f, 0xff, 0xe1, 0x4, 0xff,
    0xff, 0x40, 0x0, 0x3, 0xff, 0xff, 0x50, 0xe,
    0xff, 0xf9, 0x0, 0x0, 0xd, 0xff, 0xfa, 0x0,
    0xaf, 0xff, 0xd0, 0x0, 0x0,

    /* U+00BC "¼" */
    0x6f, 0xff, 0xff, 0xf3, 0x0, 0x0, 0x0, 0x0,
    0x0, 0x0, 0xdf, 0xfe, 0x0, 0x0, 0x0, 0x6,
    0xff, 0xff, 0xff, 0x30, 0x0, 0x0, 0x0, 0x0,
    0x0, 0x8f, 0xff, 0x40, 0x0, 0x0, 0x0, 0x4b,
    0xbd, 0xff, 0xf3, 0x0, 0x0, 0x0, 0x0, 0x0,
    0x3f, 0xff, 0x90, 0x0, 0x0, 0x0, 0x0, 0x0,
    0x6f, 0xff, 0x30, 0x0, 0x0, 0x0, 0x0, 0xd,
    0xff, 0xe0, 0x0, 0x0, 0x0, 0x0, 0x0, 0x6,
    0xff, 0xf3, 0x0, 0x0, 0x0, 0x0, 0x8, 0xff,
    0xf4, 0x0, 0x0, 0x0, 0x0, 0x0, 0x0, 0x6f,
    0xff, 0x30, 0x0, 0x0, 0x0, 0x3, 0xff, 0xf9,
    0x0, 0x0, 0x0, 0x0, 0x0, 0x0, 0x6, 0xff,
    0xf3, 0x0, 0x0, 0x0, 0x0, 0xdf, 0xfe, 0x0,
    0x0, 0x0, 0x0, 0x0, 0x0, 0x0, 0x6f, 0xff,
    0x30, 0x0, 0x0, 0x0, 0x8f, 0xff, 0x40, 0x0,
    0x0, 0x0, 0x0, 0x0, 0x0, 0x6, 0xff, 0xf3,
    0x0, 0x0, 0x0, 0x3f, 0xff, 0x90, 0x0, 0x0,
    0x0, 0x0, 0x0, 0x0, 0x0, 0x6f, 0xff, 0x30,
    0x0, 0x0, 0xd, 0xff, 0xe0, 0x0, 0x0, 0x18,
    0x99, 0x60, 0x0, 0x0, 0x6, 0xff, 0xf3, 0x0,
    0x0, 0x8, 0xff, 0xf4, 0x0, 0x0, 0xb, 0xff,
    0xf2, 0x0, 0xa, 0xff, 0xff, 0xff, 0xff, 0xf1,
    0x3, 0xff, 0xf9, 0x0, 0x0, 0x6, 0xff, 0xf5,
    0x0, 0x0, 0xaf, 0xff, 0xff, 0xff, 0xff, 0x10,
    0xdf, 0xfe, 0x0, 0x0, 0x3, 0xff, 0xf9, 0x0,
    0x0, 0x7, 0xcc, 0xcc, 0xcc, 0xcc, 0xc1, 0x8f,
    0xff, 0x40, 0x0, 0x0, 0xdf, 0xfd, 0x0, 0x0,
    0x0, 0x0, 0x0, 0x0, 0x0, 0x0, 0x3f, 0xff,
    0x90, 0x0, 0x0, 0xaf, 0xff, 0x20, 0x0, 0x0,
    0x0, 0x0, 0x0, 0x0, 0x0, 0xd, 0xff, 0xe1,
    0x0, 0x0, 0x5f, 0xff, 0x60, 0x5e, 0xe9, 0x0,
    0x0, 0x0, 0x0, 0x0, 0x8, 0xff, 0xf4, 0x0,
    0x0, 0x2f, 0xff, 0xa0, 0x6, 0xff, 0xa0, 0x0,
    0x0, 0x0, 0x0, 0x3, 0xff, 0xfa, 0x0, 0x0,
    0xc, 0xff, 0xfd, 0xdd, 0xef, 0xfe, 0xda, 0x0,
    0x0, 0x0, 0x0, 0xdf, 0xfe, 0x10, 0x0, 0x0,
    0xff, 0xff, 0xff, 0xff, 0xff, 0xff, 0xc0, 0x0,
    0x0, 0x0, 0x8f, 0xff, 0x40, 0x0, 0x0, 0xf,
    0xff, 0xff, 0xff, 0xff, 0xff, 0xfc, 0x0, 0x0,
    0x0, 0x2f, 0xff, 0xa0, 0x0, 0x0, 0x0, 0x0,
    0x0, 0x0, 0xc, 0xff, 0xa0, 0x0, 0x0, 0x0,
    0xc, 0xff, 0xe1, 0x0, 0x0, 0x0, 0x0, 0x0,
    0x0, 0x0, 0xcf, 0xfa, 0x0, 0x0, 0x0, 0x7,
    0xff, 0xf4, 0x0, 0x0, 0x0, 0x0, 0x0, 0x0,
    0x0, 0xc, 0xff, 0xa0, 0x0,

    /* U+00BD "½" */
    0x6f, 0xff, 0xff, 0xf3, 0x0, 0x0, 0x0, 0x0,
    0x0, 0x0, 0xdf, 0xfe, 0x0, 0x0, 0x0, 0x6,
    0xff, 0xff, 0xff, 0x30, 0x0, 0x0, 0x0, 0x0,
    0x0, 0x8f, 0xff, 0x40, 0x0, 0x0, 0x0, 0x4b,
    0xbd, 0xff, 0xf3, 0x0, 0x0, 0x0, 0x0, 0x0,
    0x3f, 0xff, 0x90, 0x0, 0x0, 0x0, 0x0, 0x0,
    0x6f, 0xff, 0x30, 0x0, 0x0, 0x0, 0x0, 0xd,
    0xff, 0xe0, 0x0, 0x0, 0x0, 0x0, 0x0, 0x6,
    0xff, 0xf3, 0x0, 0x0, 0x0, 0x0, 0x8, 0xff,
    0xf4, 0x0, 0x0, 0x0, 0x0, 0x0, 0x0, 0x6f,
    0xff, 0x30, 0x0, 0x0, 0x0, 0x3, 0xff, 0xf9,
    0x0, 0x0, 0x0, 0x0, 0x0, 0x0, 0x6, 0xff,
    0xf3, 0x0, 0x0, 0x0, 0x0, 0xdf, 0xfe, 0x0,
    0x0, 0x0, 0x0, 0x0, 0x0, 0x0, 0x6f, 0xff,
    0x30, 0x0, 0x0, 0x0, 0x8f, 0xff, 0x40, 0x0,
    0x0, 0x0, 0x0, 0x0, 0x0, 0x6, 0xff, 0xf3,
    0x0, 0x0, 0x0, 0x3f, 0xff, 0x90, 0x0, 0x0,
    0x0, 0x0, 0x0, 0x0, 0x0, 0x6f, 0xff, 0x30,
    0x0, 0x0, 0xd, 0xff, 0xe0, 0x3, 0x9d, 0xff,
    0xda, 0x30, 0x0, 0x0, 0x6, 0xff, 0xf3, 0x0,
    0x0, 0x8, 0xff, 0xf4, 0x9, 0xff, 0xff, 0xff,
    0xff, 0x70, 0xa, 0xff, 0xff, 0xff, 0xff, 0xf1,
    0x3, 0xff, 0xf9, 0x8, 0xff, 0xff, 0xef, 0xff,
    0xff, 0x30, 0xaf, 0xff, 0xff, 0xff, 0xff, 0x10,
    0xdf, 0xfe, 0x0, 0x9, 0xfa, 0x10, 0x6, 0xff,
    0xf8, 0x7, 0xcc, 0xcc, 0xcc, 0xcc, 0xc1, 0x8f,
    0xff, 0x40, 0x0, 0x3, 0x0, 0x0, 0xf, 0xff,
    0x90, 0x0, 0x0, 0x0, 0x0, 0x0, 0x3f, 0xff,
    0x90, 0x0, 0x0, 0x0, 0x0, 0x5, 0xff, 0xf5,
    0x0, 0x0, 0x0, 0x0, 0x0, 0xd, 0xff, 0xe1,
    0x0, 0x0, 0x0, 0x0, 0x3, 0xff, 0xfd, 0x0,
    0x0, 0x0, 0x0, 0x0, 0x8, 0xff, 0xf4, 0x0,
    0x0, 0x0, 0x0, 0x4, 0xff, 0xfe, 0x20, 0x0,
    0x0, 0x0, 0x0, 0x3, 0xff, 0xfa, 0x0, 0x0,
    0x0, 0x0, 0x6, 0xff, 0xfd, 0x20, 0x0, 0x0,
    0x0, 0x0, 0x0, 0xdf, 0xfe, 0x10, 0x0, 0x0,
    0x0, 0x7, 0xff, 0xfd, 0x10, 0x0, 0x0, 0x0,
    0x0, 0x0, 0x8f, 0xff, 0x40, 0x0, 0x0, 0x0,
    0x9, 0xff, 0xfc, 0x10, 0x0, 0x0, 0x0, 0x0,
    0x0, 0x2f, 0xff, 0xa0, 0x0, 0x0, 0x0, 0xa,
    0xff, 0xff, 0xcc, 0xcc, 0xcc, 0x10, 0x0, 0x0,
    0xc, 0xff, 0xe1, 0x0, 0x0, 0x0, 0x0, 0xff,
    0xff, 0xff, 0xff, 0xff, 0xf2, 0x0, 0x0, 0x7,
    0xff, 0xf4, 0x0, 0x0, 0x0, 0x0, 0xf, 0xff,
    0xff, 0xff, 0xff, 0xff, 0x20,

    /* U+00BE "¾" */
    0xd, 0xff, 0xff, 0xff, 0xff, 0xff, 0x0, 0x0,
    0x0, 0x0, 0x0, 0xdf, 0xfe, 0x0, 0x0, 0x0,
    0x0, 0xdf, 0xff, 0xff, 0xff, 0xff, 0xf0, 0x0,
    0x0, 0x0, 0x0, 0x8f, 0xff, 0x40, 0x0, 0x0,
    0x0, 0x9, 0xbb, 0xbb, 0xbd, 0xff, 0xfa, 0x0,
    0x0, 0x0, 0x0, 0x3f, 0xff, 0x90, 0x0, 0x0,
    0x0, 0x0, 0x0, 0x0, 0x3, 0xef, 0xfa, 0x0,
    0x0, 0x0, 0x0, 0xd, 0xff, 0xe0, 0x0, 0x0,
    0x0, 0x0, 0x0, 0x0, 0x3, 0xef, 0xfa, 0x0,
    0x0, 0x0, 0x0, 0x8, 0xff, 0xf4, 0x0, 0x0,
    0x0, 0x0, 0x0, 0x0, 0x2, 0xef, 0xff, 0x51,
    0x0, 0x0, 0x0, 0x3, 0xff, 0xf9, 0x0, 0x0,
    0x0, 0x0, 0x0, 0x0, 0x0, 0x4f, 0xff, 0xff,
    0xe5, 0x0, 0x0, 0x0, 0xdf, 0xfe, 0x0, 0x0,
    0x0, 0x0, 0x0, 0x0, 0x0, 0x3, 0xdd, 0xff,
    0xff, 0xf3, 0x0, 0x0, 0x8f, 0xff, 0x40, 0x0,
    0x0, 0x0, 0x0, 0x0, 0x0, 0x0, 0x0, 0x0,
    0x4f, 0xff, 0x90, 0x0, 0x3f, 0xff, 0x90, 0x0,
    0x0, 0x0, 0x0, 0x0, 0x0, 0x10, 0x0, 0x0,
    0x0, 0xef, 0xfa, 0x0, 0xd, 0xff, 0xe0, 0x0,
    0x0, 0x1a, 0xaa, 0x60, 0x0, 0x8, 0xe8, 0x31,
    0x1, 0x8f, 0xff, 0x70, 0x8, 0xff, 0xf4, 0x0,
    0x0, 0xc, 0xff, 0xe1, 0x0, 0x1, 0xff, 0xff,
    0xff, 0xff, 0xff, 0xe1, 0x3, 0xff, 0xf9, 0x0,
    0x0, 0x7, 0xff, 0xf4, 0x0, 0x0, 0x2d, 0xff,
    0xff, 0xff, 0xff, 0xd3, 0x0, 0xdf, 0xfe, 0x0,
    0x0, 0x3, 0xff, 0xf9, 0x0, 0x0, 0x0, 0x3,
    0x8b, 0xcd, 0xca, 0x50, 0x0, 0x8f, 0xff, 0x40,
    0x0, 0x1, 0xef, 0xfd, 0x0, 0x0, 0x0, 0x0,
    0x0, 0x0, 0x0, 0x0, 0x0, 0x3f, 0xff, 0x90,
    0x0, 0x0, 0xaf, 0xff, 0x20, 0x0, 0x0, 0x0,
    0x0, 0x0, 0x0, 0x0, 0x0, 0xd, 0xff, 0xe1,
    0x0, 0x0, 0x6f, 0xff, 0x60, 0x5e, 0xe9, 0x0,
    0x0, 0x0, 0x0, 0x0, 0x0, 0x8, 0xff, 0xf4,
    0x0, 0x0, 0x2f, 0xff, 0xa0, 0x6, 0xff, 0xa0,
    0x0, 0x0, 0x0, 0x0, 0x0, 0x3, 0xff, 0xfa,
    0x0, 0x0, 0xc, 0xff, 0xfd, 0xdd, 0xef, 0xfe,
    0xda, 0x0, 0x0, 0x0, 0x0, 0x0, 0xdf, 0xfe,
    0x10, 0x0, 0x0, 0xff, 0xff, 0xff, 0xff, 0xff,
    0xff, 0xc0, 0x0, 0x0, 0x0, 0x0, 0x8f, 0xff,
    0x40, 0x0, 0x0, 0xf, 0xff, 0xff, 0xff, 0xff,
    0xff, 0xfc, 0x0, 0x0, 0x0, 0x0, 0x2f, 0xff,
    0xa0, 0x0, 0x0, 0x0, 0x0, 0x0, 0x0, 0xc,
    0xff, 0xa0, 0x0, 0x0, 0x0, 0x0, 0xc, 0xff,
    0xe1, 0x0, 0x0, 0x0, 0x0, 0x0, 0x0, 0x0,
    0xcf, 0xfa, 0x0, 0x0, 0x0, 0x0, 0x7, 0xff,
    0xf4, 0x0, 0x0, 0x0, 0x0, 0x0, 0x0, 0x0,
    0xc, 0xff, 0xa0, 0x0,

    /* U+00BF "¿" */
    0x0, 0x0, 0x0, 0x4d, 0xfc, 0x30, 0x0, 0x0,
    0x0, 0x0, 0x0, 0x2, 0xff, 0xff, 0xf1, 0x0,
    0x0, 0x0, 0x0, 0x0, 0x8, 0xff, 0xff, 0xf6,
    0x0, 0x0, 0x0, 0x0, 0x0, 0x8, 0xff, 0xff,
    0xf6, 0x0, 0x0, 0x0, 0x0, 0x0, 0x2, 0xff,
    0xff, 0xf1, 0x0, 0x0, 0x0, 0x0, 0x0, 0x0,
    0x4c, 0xec, 0x30, 0x0, 0x0, 0x0, 0x0, 0x0,
    0x0, 0x0, 0x0, 0x0, 0x0, 0x0, 0x0, 0x0,
    0x0, 0x0, 0x0, 0x0, 0x0, 0x0, 0x0, 0x0,
    0x0, 0x0, 0x0, 0xbc, 0xcc, 0xa0, 0x0, 0x0,
    0x0, 0x0, 0x0, 0x3, 0xff, 0xff, 0xb0, 0x0,
    0x0, 0x0, 0x0, 0x0, 0x1d, 0xff, 0xff, 0x50,
    0x0, 0x0, 0x0, 0x0, 0x1, 0xdf, 0xff, 0xfb,
    0x0, 0x0, 0x0, 0x0, 0x0, 0x2d, 0xff, 0xff,
    0xd1, 0x0, 0x0, 0x0, 0x0, 0x1, 0xdf, 0xff,
    0xfc, 0x10, 0x0, 0x0, 0x0, 0x0, 0xa, 0xff,
    0xff, 0xd1, 0x0, 0x0, 0x0, 0x0, 0x0, 0x1f,
    0xff, 0xff, 0x20, 0x0, 0x0, 0x0, 0x0, 0x0,
    0x4f, 0xff, 0xff, 0x0, 0x0, 0x0, 0x1, 0x20,
    0x0, 0x5f, 0xff, 0xff, 0x30, 0x0, 0x0, 0x1c,
    0xf8, 0x0, 0x3f, 0xff, 0xff, 0xe6, 0x10, 0x26,
    0xef, 0xff, 0xd4, 0xe, 0xff, 0xff, 0xff, 0xff,
    0xff, 0xff, 0xff, 0xf5, 0x5, 0xff, 0xff, 0xff,
    0xff, 0xff, 0xff, 0xff, 0x70, 0x0, 0x5f, 0xff,
    0xff, 0xff, 0xff, 0xff, 0xe5, 0x0, 0x0, 0x1,
    0x8d, 0xff, 0xff, 0xff, 0xd7, 0x10, 0x0, 0x0,
    0x0, 0x0, 0x13, 0x44, 0x31, 0x0, 0x0, 0x0,

    /* U+00C0 "À" */
    0x0, 0x0, 0x0, 0x17, 0x88, 0x87, 0x0, 0x0,
    0x0, 0x0, 0x0, 0x0, 0x0, 0x0, 0x0, 0x0,
    0x4, 0xff, 0xff, 0xc0, 0x0, 0x0, 0x0, 0x0,
    0x0, 0x0, 0x0, 0x0, 0x0, 0x0, 0x2d, 0xff,
    0xfb, 0x0, 0x0, 0x0, 0x0, 0x0, 0x0, 0x0,
    0x0, 0x0, 0x0, 0x0, 0xaf, 0xff, 0xb0, 0x0,
    0x0, 0x0, 0x0, 0x0, 0x0, 0x0, 0x0, 0x0,
    0x0, 0x6, 0xff, 0xfa, 0x0, 0x0, 0x0, 0x0,
    0x0, 0x0, 0x0, 0x0, 0x0, 0x0, 0x0, 0x0,
    0x0, 0x0, 0x0, 0x0, 0x0, 0x0, 0x0, 0x0,
    0x0, 0x0, 0x0, 0x0, 0x0, 0x0, 0x0, 0x0,
    0x0, 0x0, 0x0, 0x0, 0x0, 0x0, 0x0, 0x0,
    0x8f, 0xff, 0xff, 0x10, 0x0, 0x0, 0x0, 0x0,
    0x0, 0x0, 0x0, 0x0, 0x0, 0xef, 0xff, 0xff,
    0x70, 0x0, 0x0, 0x0, 0x0, 0x0, 0x0, 0x0,
    0x0, 0x6, 0xff, 0xff, 0xff, 0xe0, 0x0, 0x0,
    0x0, 0x0, 0x0, 0x0, 0x0, 0x0, 0xd, 0xff,
    0xff, 0xff, 0xf5, 0x0, 0x0, 0x0, 0x0, 0x0,
    0x0, 0x0, 0x0, 0x4f, 0xff, 0xff, 0xff, 0xfc,
    0x0, 0x0, 0x0, 0x0, 0x0, 0x0, 0x0, 0x0,
    0xaf, 0xff, 0xfc, 0xff, 0xff, 0x30, 0x0, 0x0,
    0x0, 0x0, 0x0, 0x0, 0x2, 0xff, 0xff, 0xb4,
    0xff, 0xff, 0xa0, 0x0, 0x0, 0x0, 0x0, 0x0,
    0x0, 0x8, 0xff, 0xff, 0x40, 0xdf, 0xff, 0xf1,
    0x0, 0x0, 0x0, 0x0, 0x0, 0x0, 0xf, 0xff,
    0xfe, 0x0, 0x7f, 0xff, 0xf8, 0x0, 0x0, 0x0,
    0x0, 0x0, 0x0, 0x6f, 0xff, 0xf7, 0x0, 0x1f,
    0xff, 0xfe, 0x0, 0x0, 0x0, 0x0, 0x0, 0x0,
    0xdf, 0xff, 0xf1, 0x0, 0xa, 0xff, 0xff, 0x60,
    0x0, 0x0, 0x0, 0x0, 0x4, 0xff, 0xff, 0xa0,
    0x0, 0x3, 0xff, 0xff, 0xd0, 0x0, 0x0, 0x0,
    0x0, 0xb, 0xff, 0xff, 0x40, 0x0, 0x0, 0xdf,
    0xff, 0xf4, 0x0, 0x0, 0x0, 0x0, 0x2f, 0xff,
    0xfd, 0x0, 0x0, 0x0, 0x6f, 0xff, 0xfb, 0x0,
    0x0, 0x0, 0x0, 0x9f, 0xff, 0xff, 0xff, 0xff,
    0xff, 0xff, 0xff, 0xff, 0x20, 0x0, 0x0, 0x1,
    0xff, 0xff, 0xff, 0xff, 0xff, 0xff, 0xff, 0xff,
    0xff, 0x80, 0x0, 0x0, 0x7, 0xff, 0xff, 0xff,
    0xff, 0xff, 0xff, 0xff, 0xff, 0xff, 0xf0, 0x0,
    0x0, 0xe, 0xff, 0xff, 0xff, 0xff, 0xff, 0xff,
    0xff, 0xff, 0xff, 0xf6, 0x0, 0x0, 0x5f, 0xff,
    0xfd, 0x0, 0x0, 0x0, 0x0, 0x0, 0x6f, 0xff,
    0xfd, 0x0, 0x0, 0xcf, 0xff, 0xf6, 0x0, 0x0,
    0x0, 0x0, 0x0, 0xf, 0xff, 0xff, 0x40, 0x3,
    0xff, 0xff, 0xf1, 0x0, 0x0, 0x0, 0x0, 0x0,
    0x9, 0xff, 0xff, 0xb0, 0xa, 0xff, 0xff, 0xa0,
    0x0, 0x0, 0x0, 0x0, 0x0, 0x3, 0xff, 0xff,
    0xf2, 0x1f, 0xff, 0xff, 0x30, 0x0, 0x0, 0x0,
    0x0, 0x0, 0x0, 0xcf, 0xff, 0xf9,

    /* U+00C1 "Á" */
    0x0, 0x0, 0x0, 0x0, 0x0, 0x0, 0x0, 0x48,
    0x88, 0x85, 0x0, 0x0, 0x0, 0x0, 0x0, 0x0,
    0x0, 0x0, 0x0, 0x5, 0xff, 0xff, 0xb1, 0x0,
    0x0, 0x0, 0x0, 0x0, 0x0, 0x0, 0x0, 0x0,
    0x4f, 0xff, 0xf7, 0x0, 0x0, 0x0, 0x0, 0x0,
    0x0, 0x0, 0x0, 0x0, 0x4, 0xff, 0xfe, 0x40,
    0x0, 0x0, 0x0, 0x0, 0x0, 0x0, 0x0, 0x0,
    0x0, 0x3f, 0xff, 0xc1, 0x0, 0x0, 0x0, 0x0,
    0x0, 0x0, 0x0, 0x0, 0x0, 0x0, 0x0, 0x0,
    0x0, 0x0, 0x0, 0x0, 0x0, 0x0, 0x0, 0x0,
    0x0, 0x0, 0x0, 0x0, 0x0, 0x0, 0x0, 0x0,
    0x0, 0x0, 0x0, 0x0, 0x0, 0x0, 0x0, 0x0,
    0x8f, 0xff, 0xff, 0x10, 0x0, 0x0, 0x0, 0x0,
    0x0, 0x0, 0x0, 0x0, 0x0, 0xef, 0xff, 0xff,
    0x70, 0x0, 0x0, 0x0, 0x0, 0x0, 0x0, 0x0,
    0x0, 0x6, 0xff, 0xff, 0xff, 0xe0, 0x0, 0x0,
    0x0, 0x0, 0x0, 0x0, 0x0, 0x0, 0xd, 0xff,
    0xff, 0xff, 0xf5, 0x0, 0x0, 0x0, 0x0, 0x0,
    0x0, 0x0, 0x0, 0x4f, 0xff, 0xff, 0xff, 0xfc,
    0x0, 0x0, 0x0, 0x0, 0x0, 0x0, 0x0, 0x0,
    0xaf, 0xff, 0xfc, 0xff, 0xff, 0x30, 0x0, 0x0,
    0x0, 0x0, 0x0, 0x0, 0x2, 0xff, 0xff, 0xb4,
    0xff, 0xff, 0xa0, 0x0, 0x0, 0x0, 0x0, 0x0,
    0x0, 0x8, 0xff, 0xff, 0x40, 0xdf, 0xff, 0xf1,
    0x0, 0x0, 0x0, 0x0, 0x0, 0x0, 0xf, 0xff,
    0xfe, 0x0, 0x7f, 0xff, 0xf8, 0x0, 0x0, 0x0,
    0x0, 0x0, 0x0, 0x6f, 0xff, 0xf7, 0x0, 0x1f,
    0xff, 0xfe, 0x0, 0x0, 0x0, 0x0, 0x0, 0x0,
    0xdf, 0xff, 0xf1, 0x0, 0xa, 0xff, 0xff, 0x60,
    0x0, 0x0, 0x0, 0x0, 0x4, 0xff, 0xff, 0xa0,
    0x0, 0x3, 0xff, 0xff, 0xd0, 0x0, 0x0, 0x0,
    0x0, 0xb, 0xff, 0xff, 0x40, 0x0, 0x0, 0xdf,
    0xff, 0xf4, 0x0, 0x0, 0x0, 0x0, 0x2f, 0xff,
    0xfd, 0x0, 0x0, 0x0, 0x6f, 0xff, 0xfb, 0x0,
    0x0, 0x0, 0x0, 0x9f, 0xff, 0xff, 0xff, 0xff,
    0xff, 0xff, 0xff, 0xff, 0x20, 0x0, 0x0, 0x1,
    0xff, 0xff, 0xff, 0xff, 0xff, 0xff, 0xff, 0xff,
    0xff, 0x80, 0x0, 0x0, 0x7, 0xff, 0xff, 0xff,
    0xff, 0xff, 0xff, 0xff, 0xff, 0xff, 0xf0, 0x0,
    0x0, 0xe, 0xff, 0xff, 0xff, 0xff, 0xff, 0xff,
    0xff, 0xff, 0xff, 0xf6, 0x0, 0x0, 0x5f, 0xff,
    0xfd, 0x0, 0x0, 0x0, 0x0, 0x0, 0x6f, 0xff,
    0xfd, 0x0, 0x0, 0xcf, 0xff, 0xf6, 0x0, 0x0,
    0x0, 0x0, 0x0, 0xf, 0xff, 0xff, 0x40, 0x3,
    0xff, 0xff, 0xf1, 0x0, 0x0, 0x0, 0x0, 0x0,
    0x9, 0xff, 0xff, 0xb0, 0xa, 0xff, 0xff, 0xa0,
    0x0, 0x0, 0x0, 0x0, 0x0, 0x3, 0xff, 0xff,
    0xf2, 0x1f, 0xff, 0xff, 0x30, 0x0, 0x0, 0x0,
    0x0, 0x0, 0x0, 0xcf, 0xff, 0xf9,

    /* U+00C2 "Â" */
    0x0, 0x0, 0x0, 0x0, 0x0, 0x17, 0x88, 0x85,
    0x0, 0x0, 0x0, 0x0, 0x0, 0x0, 0x0, 0x0,
    0x0, 0x1, 0xdf, 0xff, 0xff, 0x60, 0x0, 0x0,
    0x0, 0x0, 0x0, 0x0, 0x0, 0x0, 0xc, 0xff,
    0xfd, 0xff, 0xf5, 0x0, 0x0, 0x0, 0x0, 0x0,
    0x0, 0x0, 0x0, 0xbf, 0xff, 0x40, 0xbf, 0xff,
    0x40, 0x0, 0x0, 0x0, 0x0, 0x0, 0x0, 0xb,
    0xff, 0xe2, 0x0, 0x8, 0xff, 0xf4, 0x0, 0x0,
    0x0, 0x0, 0x0, 0x0, 0x0, 0x0, 0x0, 0x0,
    0x0, 0x0, 0x0, 0x0, 0x0, 0x0, 0x0, 0x0,
    0x0, 0x0, 0x0, 0x0, 0x0, 0x0, 0x0, 0x0,
    0x0, 0x0, 0x0, 0x0, 0x0, 0x0, 0x0, 0x0,
    0x8f, 0xff, 0xff, 0x10, 0x0, 0x0, 0x0, 0x0,
    0x0, 0x0, 0x0, 0x0, 0x0, 0xef, 0xff, 0xff,
    0x70, 0x0, 0x0, 0x0, 0x0, 0x0, 0x0, 0x0,
    0x0, 0x6, 0xff, 0xff, 0xff, 0xe0, 0x0, 0x0,
    0x0, 0x0, 0x0, 0x0, 0x0, 0x0, 0xd, 0xff,
    0xff, 0xff, 0xf5, 0x0, 0x0, 0x0, 0x0, 0x0,
    0x0, 0x0, 0x0, 0x4f, 0xff, 0xff, 0xff, 0xfc,
    0x0, 0x0, 0x0, 0x0, 0x0, 0x0, 0x0, 0x0,
    0xaf, 0xff, 0xfc, 0xff, 0xff, 0x30, 0x0, 0x0,
    0x0, 0x0, 0x0, 0x0, 0x2, 0xff, 0xff, 0xb4,
    0xff, 0xff, 0xa0, 0x0, 0x0, 0x0, 0x0, 0x0,
    0x0, 0x8, 0xff, 0xff, 0x40, 0xdf, 0xff, 0xf1,
    0x0, 0x0, 0x0, 0x0, 0x0, 0x0, 0xf, 0xff,
    0xfe, 0x0, 0x7f, 0xff, 0xf8, 0x0, 0x0, 0x0,
    0x0, 0x0, 0x0, 0x6f, 0xff, 0xf7, 0x0, 0x1f,
    0xff, 0xfe, 0x0, 0x0, 0x0, 0x0, 0x0, 0x0,
    0xdf, 0xff, 0xf1, 0x0, 0xa, 0xff, 0xff, 0x60,
    0x0, 0x0, 0x0, 0x0, 0x4, 0xff, 0xff, 0xa0,
    0x0, 0x3, 0xff, 0xff, 0xd0, 0x0, 0x0, 0x0,
    0x0, 0xb, 0xff, 0xff, 0x40, 0x0, 0x0, 0xdf,
    0xff, 0xf4, 0x0, 0x0, 0x0, 0x0, 0x2f, 0xff,
    0xfd, 0x0, 0x0, 0x0, 0x6f, 0xff, 0xfb, 0x0,
    0x0, 0x0, 0x0, 0x9f, 0xff, 0xff, 0xff, 0xff,
    0xff, 0xff, 0xff, 0xff, 0x20, 0x0, 0x0, 0x1,
    0xff, 0xff, 0xff, 0xff, 0xff, 0xff, 0xff, 0xff,
    0xff, 0x80, 0x0, 0x0, 0x7, 0xff, 0xff, 0xff,
    0xff, 0xff, 0xff, 0xff, 0xff, 0xff, 0xf0, 0x0,
    0x0, 0xe, 0xff, 0xff, 0xff, 0xff, 0xff, 0xff,
    0xff, 0xff, 0xff, 0xf6, 0x0, 0x0, 0x5f, 0xff,
    0xfd, 0x0, 0x0, 0x0, 0x0, 0x0, 0x6f, 0xff,
    0xfd, 0x0, 0x0, 0xcf, 0xff, 0xf6, 0x0, 0x0,
    0x0, 0x0, 0x0, 0xf, 0xff, 0xff, 0x40, 0x3,
    0xff, 0xff, 0xf1, 0x0, 0x0, 0x0, 0x0, 0x0,
    0x9, 0xff, 0xff, 0xb0, 0xa, 0xff, 0xff, 0xa0,
    0x0, 0x0, 0x0, 0x0, 0x0, 0x3, 0xff, 0xff,
    0xf2, 0x1f, 0xff, 0xff, 0x30, 0x0, 0x0, 0x0,
    0x0, 0x0, 0x0, 0xcf, 0xff, 0xf9,

    /* U+00C3 "Ã" */
    0x0, 0x0, 0x0, 0x0, 0x3c, 0xfe, 0x81, 0x0,
    0xb, 0xb7, 0x0, 0x0, 0x0, 0x0, 0x0, 0x0,
    0x2, 0xff, 0xff, 0xfe, 0x50, 0x8f, 0xf7, 0x0,
    0x0, 0x0, 0x0, 0x0, 0x0, 0xa, 0xff, 0xff,
    0xff, 0xff, 0xff, 0xf3, 0x0, 0x0, 0x0, 0x0,
    0x0, 0x0, 0xf, 0xff, 0x32, 0xbf, 0xff, 0xff,
    0xa0, 0x0, 0x0, 0x0, 0x0, 0x0, 0x0, 0x1f,
    0xf9, 0x0, 0x4, 0xcf, 0xf9, 0x0, 0x0, 0x0,
    0x0, 0x0, 0x0, 0x0, 0x0, 0x0, 0x0, 0x0,
    0x0, 0x0, 0x0, 0x0, 0x0, 0x0, 0x0, 0x0,
    0x0, 0x0, 0x0, 0x0, 0x0, 0x0, 0x0, 0x0,
    0x0, 0x0, 0x0, 0x0, 0x0, 0x0, 0x0, 0x0,
    0x8f, 0xff, 0xff, 0x10, 0x0, 0x0, 0x0, 0x0,
    0x0, 0x0, 0x0, 0x0, 0x0, 0xef, 0xff, 0xff,
    0x70, 0x0, 0x0, 0x0, 0x0, 0x0, 0x0, 0x0,
    0x0, 0x6, 0xff, 0xff, 0xff, 0xe0, 0x0, 0x0,
    0x0, 0x0, 0x0, 0x0, 0x0, 0x0, 0xd, 0xff,
    0xff, 0xff, 0xf5, 0x0, 0x0, 0x0, 0x0, 0x0,
    0x0, 0x0, 0x0, 0x4f, 0xff, 0xff, 0xff, 0xfc,
    0x0, 0x0, 0x0, 0x0, 0x0, 0x0, 0x0, 0x0,
    0xaf, 0xff, 0xfc, 0xff, 0xff, 0x30, 0x0, 0x0,
    0x0, 0x0, 0x0, 0x0, 0x2, 0xff, 0xff, 0xb4,
    0xff, 0xff, 0xa0, 0x0, 0x0, 0x0, 0x0, 0x0,
    0x0, 0x8, 0xff, 0xff, 0x40, 0xdf, 0xff, 0xf1,
    0x0, 0x0, 0x0, 0x0, 0x0, 0x0, 0xf, 0xff,
    0xfe, 0x0, 0x7f, 0xff, 0xf8, 0x0, 0x0, 0x0,
    0x0, 0x0, 0x0, 0x6f, 0xff, 0xf7, 0x0, 0x1f,
    0xff, 0xfe, 0x0, 0x0, 0x0, 0x0, 0x0, 0x0,
    0xdf, 0xff, 0xf1, 0x0, 0xa, 0xff, 0xff, 0x60,
    0x0, 0x0, 0x0, 0x0, 0x4, 0xff, 0xff, 0xa0,
    0x0, 0x3, 0xff, 0xff, 0xd0, 0x0, 0x0, 0x0,
    0x0, 0xb, 0xff, 0xff, 0x40, 0x0, 0x0, 0xdf,
    0xff, 0xf4, 0x0, 0x0, 0x0, 0x0, 0x2f, 0xff,
    0xfd, 0x0, 0x0, 0x0, 0x6f, 0xff, 0xfb, 0x0,
    0x0, 0x0, 0x0, 0x9f, 0xff, 0xff, 0xff, 0xff,
    0xff, 0xff, 0xff, 0xff, 0x20, 0x0, 0x0, 0x1,
    0xff, 0xff, 0xff, 0xff, 0xff, 0xff, 0xff, 0xff,
    0xff, 0x80, 0x0, 0x0, 0x7, 0xff, 0xff, 0xff,
    0xff, 0xff, 0xff, 0xff, 0xff, 0xff, 0xf0, 0x0,
    0x0, 0xe, 0xff, 0xff, 0xff, 0xff, 0xff, 0xff,
    0xff, 0xff, 0xff, 0xf6, 0x0, 0x0, 0x5f, 0xff,
    0xfd, 0x0, 0x0, 0x0, 0x0, 0x0, 0x6f, 0xff,
    0xfd, 0x0, 0x0, 0xcf, 0xff, 0xf6, 0x0, 0x0,
    0x0, 0x0, 0x0, 0xf, 0xff, 0xff, 0x40, 0x3,
    0xff, 0xff, 0xf1, 0x0, 0x0, 0x0, 0x0, 0x0,
    0x9, 0xff, 0xff, 0xb0, 0xa, 0xff, 0xff, 0xa0,
    0x0, 0x0, 0x0, 0x0, 0x0, 0x3, 0xff, 0xff,
    0xf2, 0x1f, 0xff, 0xff, 0x30, 0x0, 0x0, 0x0,
    0x0, 0x0, 0x0, 0xcf, 0xff, 0xf9,

    /* U+00C4 "Ä" */
    0x0, 0x0, 0x0, 0x0, 0x17, 0x71, 0x0, 0x4,
    0x84, 0x0, 0x0, 0x0, 0x0, 0x0, 0x0, 0x0,
    0x0, 0xdf, 0xfd, 0x0, 0x5f, 0xff, 0x50, 0x0,
    0x0, 0x0, 0x0, 0x0, 0x0, 0x2, 0xff, 0xff,
    0x20, 0xaf, 0xff, 0xa0, 0x0, 0x0, 0x0, 0x0,
    0x0, 0x0, 0x1, 0xff, 0xff, 0x10, 0x8f, 0xff,
    0x90, 0x0, 0x0, 0x0, 0x0, 0x0, 0x0, 0x0,
    0x5e, 0xe6, 0x0, 0x1b, 0xfb, 0x10, 0x0, 0x0,
    0x0, 0x0, 0x0, 0x0, 0x0, 0x0, 0x0, 0x0,
    0x0, 0x0, 0x0, 0x0, 0x0, 0x0, 0x0, 0x0,
    0x0, 0x0, 0x0, 0x0, 0x0, 0x0, 0x0, 0x0,
    0x0, 0x0, 0x0, 0x0, 0x0, 0x0, 0x0, 0x0,
    0x8f, 0xff, 0xff, 0x10, 0x0, 0x0, 0x0, 0x0,
    0x0, 0x0, 0x0, 0x0, 0x0, 0xef, 0xff, 0xff,
    0x70, 0x0, 0x0, 0x0, 0x0, 0x0, 0x0, 0x0,
    0x0, 0x6, 0xff, 0xff, 0xff, 0xe0, 0x0, 0x0,
    0x0, 0x0, 0x0, 0x0, 0x0, 0x0, 0xd, 0xff,
    0xff, 0xff, 0xf5, 0x0, 0x0, 0x0, 0x0, 0x0,
    0x0, 0x0, 0x0, 0x4f, 0xff, 0xff, 0xff, 0xfc,
    0x0, 0x0, 0x0, 0x0, 0x0, 0x0, 0x0, 0x0,
    0xaf, 0xff, 0xfc, 0xff, 0xff, 0x30, 0x0, 0x0,
    0x0, 0x0, 0x0, 0x0, 0x2, 0xff, 0xff, 0xb4,
    0xff, 0xff, 0xa0, 0x0, 0x0, 0x0, 0x0, 0x0,
    0x0, 0x8, 0xff, 0xff, 0x40, 0xdf, 0xff, 0xf1,
    0x0, 0x0, 0x0, 0x0, 0x0, 0x0, 0xf, 0xff,
    0xfe, 0x0, 0x7f, 0xff, 0xf8, 0x0, 0x0, 0x0,
    0x0, 0x0, 0x0, 0x6f, 0xff, 0xf7, 0x0, 0x1f,
    0xff, 0xfe, 0x0, 0x0, 0x0, 0x0, 0x0, 0x0,
    0xdf, 0xff, 0xf1, 0x0, 0xa, 0xff, 0xff, 0x60,
    0x0, 0x0, 0x0, 0x0, 0x4, 0xff, 0xff, 0xa0,
    0x0, 0x3, 0xff, 0xff, 0xd0, 0x0, 0x0, 0x0,
    0x0, 0xb, 0xff, 0xff, 0x40, 0x0, 0x0, 0xdf,
    0xff, 0xf4, 0x0, 0x0, 0x0, 0x0, 0x2f, 0xff,
    0xfd, 0x0, 0x0, 0x0, 0x6f, 0xff, 0xfb, 0x0,
    0x0, 0x0, 0x0, 0x9f, 0xff, 0xff, 0xff, 0xff,
    0xff, 0xff, 0xff, 0xff, 0x20, 0x0, 0x0, 0x1,
    0xff, 0xff, 0xff, 0xff, 0xff, 0xff, 0xff, 0xff,
    0xff, 0x80, 0x0, 0x0, 0x7, 0xff, 0xff, 0xff,
    0xff, 0xff, 0xff, 0xff, 0xff, 0xff, 0xf0, 0x0,
    0x0, 0xe, 0xff, 0xff, 0xff, 0xff, 0xff, 0xff,
    0xff, 0xff, 0xff, 0xf6, 0x0, 0x0, 0x5f, 0xff,
    0xfd, 0x0, 0x0, 0x0, 0x0, 0x0, 0x6f, 0xff,
    0xfd, 0x0, 0x0, 0xcf, 0xff, 0xf6, 0x0, 0x0,
    0x0, 0x0, 0x0, 0xf, 0xff, 0xff, 0x40, 0x3,
    0xff, 0xff, 0xf1, 0x0, 0x0, 0x0, 0x0, 0x0,
    0x9, 0xff, 0xff, 0xb0, 0xa, 0xff, 0xff, 0xa0,
    0x0, 0x0, 0x0, 0x0, 0x0, 0x3, 0xff, 0xff,
    0xf2, 0x1f, 0xff, 0xff, 0x30, 0x0, 0x0, 0x0,
    0x0, 0x0, 0x0, 0xcf, 0xff, 0xf9,

    /* U+00C5 "Å" */
    0x0, 0x0, 0x0, 0x0, 0x0, 0x9, 0xef, 0xc4,
    0x0, 0x0, 0x0, 0x0, 0x0, 0x0, 0x0, 0x0,
    0x0, 0x0, 0xcf, 0xff, 0xff, 0x50, 0x0, 0x0,
    0x0, 0x0, 0x0, 0x0, 0x0, 0x0, 0x6, 0xfd,
    0x20, 0x8f, 0xe0, 0x0, 0x0, 0x0, 0x0, 0x0,
    0x0, 0x0, 0x0, 0xa, 0xf6, 0x0, 0xe, 0xf2,
    0x0, 0x0, 0x0, 0x0, 0x0, 0x0, 0x0, 0x0,
    0xa, 0xf6, 0x0, 0xe, 0xf2, 0x0, 0x0, 0x0,
    0x0, 0x0, 0x0, 0x0, 0x0, 0x6, 0xfd, 0x30,
    0x8f, 0xe0, 0x0, 0x0, 0x0, 0x0, 0x0, 0x0,
    0x0, 0x0, 0x0, 0xcf, 0xff, 0xff, 0x50, 0x0,
    0x0, 0x0, 0x0, 0x0, 0x0, 0x0, 0x0, 0x0,
    0x9, 0xef, 0xc4, 0x0, 0x0, 0x0, 0x0, 0x0,
    0x0, 0x0, 0x0, 0x0, 0x0, 0x0, 0x0, 0x0,
    0x0, 0x0, 0x0, 0x0, 0x0, 0x0, 0x0, 0x0,
    0x0, 0x0, 0x8f, 0xff, 0xff, 0x10, 0x0, 0x0,
    0x0, 0x0, 0x0, 0x0, 0x0, 0x0, 0x0, 0xef,
    0xff, 0xff, 0x70, 0x0, 0x0, 0x0, 0x0, 0x0,
    0x0, 0x0, 0x0, 0x6, 0xff, 0xff, 0xff, 0xe0,
    0x0, 0x0, 0x0, 0x0, 0x0, 0x0, 0x0, 0x0,
    0xd, 0xff, 0xff, 0xff, 0xf5, 0x0, 0x0, 0x0,
    0x0, 0x0, 0x0, 0x0, 0x0, 0x4f, 0xff, 0xff,
    0xff, 0xfc, 0x0, 0x0, 0x0, 0x0, 0x0, 0x0,
    0x0, 0x0, 0xaf, 0xff, 0xfc, 0xff, 0xff, 0x30,
    0x0, 0x0, 0x0, 0x0, 0x0, 0x0, 0x2, 0xff,
    0xff, 0xb4, 0xff, 0xff, 0xa0, 0x0, 0x0, 0x0,
    0x0, 0x0, 0x0, 0x8, 0xff, 0xff, 0x40, 0xdf,
    0xff, 0xf1, 0x0, 0x0, 0x0, 0x0, 0x0, 0x0,
    0xf, 0xff, 0xfe, 0x0, 0x7f, 0xff, 0xf8, 0x0,
    0x0, 0x0, 0x0, 0x0, 0x0, 0x6f, 0xff, 0xf7,
    0x0, 0x1f, 0xff, 0xfe, 0x0, 0x0, 0x0, 0x0,
    0x0, 0x0, 0xdf, 0xff, 0xf1, 0x0, 0xa, 0xff,
    0xff, 0x60, 0x0, 0x0, 0x0, 0x0, 0x4, 0xff,
    0xff, 0xa0, 0x0, 0x3, 0xff, 0xff, 0xd0, 0x0,
    0x0, 0x0, 0x0, 0xb, 0xff, 0xff, 0x40, 0x0,
    0x0, 0xdf, 0xff, 0xf4, 0x0, 0x0, 0x0, 0x0,
    0x2f, 0xff, 0xfd, 0x0, 0x0, 0x0, 0x6f, 0xff,
    0xfb, 0x0, 0x0, 0x0, 0x0, 0x9f, 0xff, 0xff,
    0xff, 0xff, 0xff, 0xff, 0xff, 0xff, 0x20, 0x0,
    0x0, 0x1, 0xff, 0xff, 0xff, 0xff, 0xff, 0xff,
    0xff, 0xff, 0xff, 0x80, 0x0, 0x0, 0x7, 0xff,
    0xff, 0xff, 0xff, 0xff, 0xff, 0xff, 0xff, 0xff,
    0xf0, 0x0, 0x0, 0xe, 0xff, 0xff, 0xff, 0xff,
    0xff, 0xff, 0xff, 0xff, 0xff, 0xf6, 0x0, 0x0,
    0x5f, 0xff, 0xfd, 0x0, 0x0, 0x0, 0x0, 0x0,
    0x6f, 0xff, 0xfd, 0x0, 0x0, 0xcf, 0xff, 0xf6,
    0x0, 0x0, 0x0, 0x0, 0x0, 0xf, 0xff, 0xff,
    0x40, 0x3, 0xff, 0xff, 0xf1, 0x0, 0x0, 0x0,
    0x0, 0x0, 0x9, 0xff, 0xff, 0xb0, 0xa, 0xff,
    0xff, 0xa0, 0x0, 0x0, 0x0, 0x0, 0x0, 0x3,
    0xff, 0xff, 0xf2, 0x1f, 0xff, 0xff, 0x30, 0x0,
    0x0, 0x0, 0x0, 0x0, 0x0, 0xcf, 0xff, 0xf9,

    /* U+00C6 "Æ" */
    0x0, 0x0, 0x0, 0x0, 0x0, 0x0, 0xe, 0xff,
    0xff, 0xff, 0xff, 0xff, 0xff, 0xff, 0xff, 0xff,
    0xfa, 0x0, 0x0, 0x0, 0x0, 0x0, 0x0, 0x7,
    0xff, 0xff, 0xff, 0xff, 0xff, 0xff, 0xff, 0xff,
    0xff, 0xff, 0xa0, 0x0, 0x0, 0x0, 0x0, 0x0,
    0x1, 0xff, 0xff, 0xff, 0xff, 0xff, 0xff, 0xff,
    0xff, 0xff, 0xff, 0xfa, 0x0, 0x0, 0x0, 0x0,
    0x0, 0x0, 0x9f, 0xff, 0xff, 0xff, 0xff, 0xff,
    0xff, 0xff, 0xff, 0xff, 0xff, 0xa0, 0x0, 0x0,
    0x0, 0x0, 0x0, 0x2f, 0xff, 0xfd, 0x7f, 0xff,
    0xfe, 0x44, 0x44, 0x44, 0x44, 0x44, 0x43, 0x0,
    0x0, 0x0, 0x0, 0x0, 0xa, 0xff, 0xff, 0x54,
    0xff, 0xff, 0xe0, 0x0, 0x0, 0x0, 0x0, 0x0,
    0x0, 0x0, 0x0, 0x0, 0x0, 0x3, 0xff, 0xff,
    0xd0, 0x4f, 0xff, 0xfe, 0x0, 0x0, 0x0, 0x0,
    0x0, 0x0, 0x0, 0x0, 0x0, 0x0, 0x0, 0xcf,
    0xff, 0xf4, 0x4, 0xff, 0xff, 0xe0, 0x0, 0x0,
    0x0, 0x0, 0x0, 0x0, 0x0, 0x0, 0x0, 0x0,
    0x5f, 0xff, 0xfb, 0x0, 0x4f, 0xff, 0xfe, 0x0,
    0x0, 0x0, 0x0, 0x0, 0x0, 0x0, 0x0, 0x0,
    0x0, 0xd, 0xff, 0xff, 0x30, 0x4, 0xff, 0xff,
    0xff, 0xff, 0xff, 0xff, 0xff, 0xf5, 0x0, 0x0,
    0x0, 0x0, 0x6, 0xff, 0xff, 0xa0, 0x0, 0x4f,
    0xff, 0xff, 0xff, 0xff, 0xff, 0xff, 0xff, 0x50,
    0x0, 0x0, 0x0, 0x0, 0xef, 0xff, 0xf2, 0x0,
    0x4, 0xff, 0xff, 0xff, 0xff, 0xff, 0xff, 0xff,
    0xf5, 0x0, 0x0, 0x0, 0x0, 0x8f, 0xff, 0xf9,
    0x0, 0x0, 0x4f, 0xff, 0xff, 0xff, 0xff, 0xff,
    0xff, 0xff, 0x50, 0x0, 0x0, 0x0, 0x1f, 0xff,
    0xff, 0x10, 0x0, 0x4, 0xff, 0xff, 0xe2, 0x22,
    0x22, 0x22, 0x22, 0x20, 0x0, 0x0, 0x0, 0x9,
    0xff, 0xff, 0xff, 0xff, 0xff, 0xff, 0xff, 0xfe,
    0x0, 0x0, 0x0, 0x0, 0x0, 0x0, 0x0, 0x0,
    0x2, 0xff, 0xff, 0xff, 0xff, 0xff, 0xff, 0xff,
    0xff, 0xe0, 0x0, 0x0, 0x0, 0x0, 0x0, 0x0,
    0x0, 0x0, 0xbf, 0xff, 0xff, 0xff, 0xff, 0xff,
    0xff, 0xff, 0xfe, 0x0, 0x0, 0x0, 0x0, 0x0,
    0x0, 0x0, 0x0, 0x4f, 0xff, 0xff, 0xff, 0xff,
    0xff, 0xff, 0xff, 0xff, 0xe0, 0x0, 0x0, 0x0,
    0x0, 0x0, 0x0, 0x0, 0xc, 0xff, 0xff, 0x60,
    0x0, 0x0, 0x0, 0x4f, 0xff, 0xfe, 0x44, 0x44,
    0x44, 0x44, 0x44, 0x44, 0x0, 0x5, 0xff, 0xff,
    0xd0, 0x0, 0x0, 0x0, 0x4, 0xff, 0xff, 0xff,
    0xff, 0xff, 0xff, 0xff, 0xff, 0xf1, 0x0, 0xef,
    0xff, 0xf5, 0x0, 0x0, 0x0, 0x0, 0x4f, 0xff,
    0xff, 0xff, 0xff, 0xff, 0xff, 0xff, 0xff, 0x10,
    0x7f, 0xff, 0xfd, 0x0, 0x0, 0x0, 0x0, 0x4,
    0xff, 0xff, 0xff, 0xff, 0xff, 0xff, 0xff, 0xff,
    0xf1, 0x1e, 0xff, 0xff, 0x40, 0x0, 0x0, 0x0,
    0x0, 0x4f, 0xff, 0xff, 0xff, 0xff, 0xff, 0xff,
    0xff, 0xff, 0x10,

    /* U+00C7 "Ç" */
    0x0, 0x0, 0x0, 0x1, 0x6a, 0xde, 0xff, 0xda,
    0x50, 0x0, 0x0, 0x0, 0x0, 0x1, 0x9f, 0xff,
    0xff, 0xff, 0xff, 0xff, 0x70, 0x0, 0x0, 0x0,
    0x5f, 0xff, 0xff, 0xff, 0xff, 0xff, 0xff, 0xfd,
    0x20, 0x0, 0x7, 0xff, 0xff, 0xff, 0xff, 0xff,
    0xff, 0xff, 0xff, 0xe2, 0x0, 0x5f, 0xff, 0xff,
    0xff, 0xdb, 0x9a, 0xcf, 0xff, 0xff, 0xe3, 0x1,
    0xff, 0xff, 0xff, 0xc3, 0x0, 0x0, 0x2, 0xaf,
    0xfe, 0x20, 0x9, 0xff, 0xff, 0xf8, 0x0, 0x0,
    0x0, 0x0, 0x6, 0xd1, 0x0, 0xf, 0xff, 0xff,
    0xb0, 0x0, 0x0, 0x0, 0x0, 0x0, 0x0, 0x0,
    0x5f, 0xff, 0xff, 0x20, 0x0, 0x0, 0x0, 0x0,
    0x0, 0x0, 0x0, 0x8f, 0xff, 0xfc, 0x0, 0x0,
    0x0, 0x0, 0x0, 0x0, 0x0, 0x0, 0xaf, 0xff,
    0xf9, 0x0, 0x0, 0x0, 0x0, 0x0, 0x0, 0x0,
    0x0, 0xbf, 0xff, 0xf8, 0x0, 0x0, 0x0, 0x0,
    0x0, 0x0, 0x0, 0x0, 0xaf, 0xff, 0xf9, 0x0,
    0x0, 0x0, 0x0, 0x0, 0x0, 0x0, 0x0, 0x8f,
    0xff, 0xfc, 0x0, 0x0, 0x0, 0x0, 0x0, 0x0,
    0x0, 0x0, 0x5f, 0xff, 0xff, 0x20, 0x0, 0x0,
    0x0, 0x0, 0x0, 0x0, 0x0, 0xf, 0xff, 0xff,
    0xb0, 0x0, 0x0, 0x0, 0x0, 0x0, 0x0, 0x0,
    0xa, 0xff, 0xff, 0xf8, 0x0, 0x0, 0x0, 0x0,
    0x6, 0xd2, 0x0, 0x1, 0xff, 0xff, 0xff, 0xb3,
    0x0, 0x0, 0x2, 0xaf, 0xfe, 0x30, 0x0, 0x6f,
    0xff, 0xff, 0xff, 0xda, 0x9a, 0xcf, 0xff, 0xff,
    0xf3, 0x0, 0x8, 0xff, 0xff, 0xff, 0xff, 0xff,
    0xff, 0xff, 0xff, 0xe1, 0x0, 0x0, 0x5f, 0xff,
    0xff, 0xff, 0xff, 0xff, 0xff, 0xfd, 0x10, 0x0,
    0x0, 0x2, 0x9f, 0xff, 0xff, 0xff, 0xff, 0xff,
    0x70, 0x0, 0x0, 0x0, 0x0, 0x1, 0x6a, 0xff,
    0xff, 0xda, 0x60, 0x0, 0x0, 0x0, 0x0, 0x0,
    0x0, 0x0, 0x6f, 0xf4, 0x0, 0x0, 0x0, 0x0,
    0x0, 0x0, 0x0, 0x0, 0x0, 0xaf, 0xfa, 0x30,
    0x0, 0x0, 0x0, 0x0, 0x0, 0x0, 0x0, 0x0,
    0xcf, 0xff, 0xf5, 0x0, 0x0, 0x0, 0x0, 0x0,
    0x0, 0x0, 0x0, 0x0, 0x8f, 0xfc, 0x0, 0x0,
    0x0, 0x0, 0x0, 0x0, 0x0, 0x14, 0x10, 0x9f,
    0xfc, 0x0, 0x0, 0x0, 0x0, 0x0, 0x0, 0x0,
    0x6f, 0xff, 0xff, 0xf7, 0x0, 0x0, 0x0, 0x0,
    0x0, 0x0, 0x0, 0x9f, 0xff, 0xff, 0x70, 0x0,
    0x0, 0x0, 0x0, 0x0, 0x0, 0x0, 0x3, 0x55,
    0x40, 0x0, 0x0, 0x0, 0x0,

    /* U+00C8 "È" */
    0x0, 0x28, 0x88, 0x87, 0x0, 0x0, 0x0, 0x0,
    0x0, 0x0, 0x6, 0xff, 0xff, 0xa0, 0x0, 0x0,
    0x0, 0x0, 0x0, 0x0, 0x3e, 0xff, 0xf9, 0x0,
    0x0, 0x0, 0x0, 0x0, 0x0, 0x1, 0xbf, 0xff,
    0x90, 0x0, 0x0, 0x0, 0x0, 0x0, 0x0, 0x8,
    0xff, 0xf8, 0x0, 0x0, 0x0, 0x0, 0x0, 0x0,
    0x0, 0x0, 0x0, 0x0, 0x0, 0x0, 0x0, 0x0,
    0x0, 0x0, 0x0, 0x0, 0x0, 0x0, 0x0, 0x5f,
    0xff, 0xff, 0xff, 0xff, 0xff, 0xff, 0xff, 0xf9,
    0x5f, 0xff, 0xff, 0xff, 0xff, 0xff, 0xff, 0xff,
    0xf9, 0x5f, 0xff, 0xff, 0xff, 0xff, 0xff, 0xff,
    0xff, 0xf9, 0x5f, 0xff, 0xff, 0xff, 0xff, 0xff,
    0xff, 0xff, 0xf9, 0x5f, 0xff, 0xfd, 0x44, 0x44,
    0x44, 0x44, 0x44, 0x42, 0x5f, 0xff, 0xfd, 0x0,
    0x0, 0x0, 0x0, 0x0, 0x0, 0x5f, 0xff, 0xfd,
    0x0, 0x0, 0x0, 0x0, 0x0, 0x0, 0x5f, 0xff,
    0xfd, 0x0, 0x0, 0x0, 0x0, 0x0, 0x0, 0x5f,
    0xff, 0xfd, 0x0, 0x0, 0x0, 0x0, 0x0, 0x0,
    0x5f, 0xff, 0xff, 0xff, 0xff, 0xff, 0xff, 0xff,
    0x30, 0x5f, 0xff, 0xff, 0xff, 0xff, 0xff, 0xff,
    0xff, 0x30, 0x5f, 0xff, 0xff, 0xff, 0xff, 0xff,
    0xff, 0xff, 0x30, 0x5f, 0xff, 0xff, 0xff, 0xff,
    0xff, 0xff, 0xff, 0x30, 0x5f, 0xff, 0xfd, 0x22,
    0x22, 0x22, 0x22, 0x22, 0x0, 0x5f, 0xff, 0xfd,
    0x0, 0x0, 0x0, 0x0, 0x0, 0x0, 0x5f, 0xff,
    0xfd, 0x0, 0x0, 0x0, 0x0, 0x0, 0x0, 0x5f,
    0xff, 0xfd, 0x0, 0x0, 0x0, 0x0, 0x0, 0x0,
    0x5f, 0xff, 0xfd, 0x0, 0x0, 0x0, 0x0, 0x0,
    0x0, 0x5f, 0xff, 0xfd, 0x44, 0x44, 0x44, 0x44,
    0x44, 0x44, 0x5f, 0xff, 0xff, 0xff, 0xff, 0xff,
    0xff, 0xff, 0xff, 0x5f, 0xff, 0xff, 0xff, 0xff,
    0xff, 0xff, 0xff, 0xff, 0x5f, 0xff, 0xff, 0xff,
    0xff, 0xff, 0xff, 0xff, 0xff, 0x5f, 0xff, 0xff,
    0xff, 0xff, 0xff, 0xff, 0xff, 0xff,

    /* U+00C9 "É" */
    0x0, 0x0, 0x0, 0x0, 0x0, 0x58, 0x88, 0x84,
    0x0, 0x0, 0x0, 0x0, 0x0, 0x7, 0xff, 0xff,
    0x90, 0x0, 0x0, 0x0, 0x0, 0x0, 0x6f, 0xff,
    0xf5, 0x0, 0x0, 0x0, 0x0, 0x0, 0x6, 0xff,
    0xfd, 0x20, 0x0, 0x0, 0x0, 0x0, 0x0, 0x5f,
    0xff, 0xa0, 0x0, 0x0, 0x0, 0x0, 0x0, 0x0,
    0x0, 0x0, 0x0, 0x0, 0x0, 0x0, 0x0, 0x0,
    0x0, 0x0, 0x0, 0x0, 0x0, 0x0, 0x0, 0x5f,
    0xff, 0xff, 0xff, 0xff, 0xff, 0xff, 0xff, 0xf9,
    0x5f, 0xff, 0xff, 0xff, 0xff, 0xff, 0xff, 0xff,
    0xf9, 0x5f, 0xff, 0xff, 0xff, 0xff, 0xff, 0xff,
    0xff, 0xf9, 0x5f, 0xff, 0xff, 0xff, 0xff, 0xff,
    0xff, 0xff, 0xf9, 0x5f, 0xff, 0xfd, 0x44, 0x44,
    0x44, 0x44, 0x44, 0x42, 0x5f, 0xff, 0xfd, 0x0,
    0x0, 0x0, 0x0, 0x0, 0x0, 0x5f, 0xff, 0xfd,
    0x0, 0x0, 0x0, 0x0, 0x0, 0x0, 0x5f, 0xff,
    0xfd, 0x0, 0x0, 0x0, 0x0, 0x0, 0x0, 0x5f,
    0xff, 0xfd, 0x0, 0x0, 0x0, 0x0, 0x0, 0x0,
    0x5f, 0xff, 0xff, 0xff, 0xff, 0xff, 0xff, 0xff,
    0x30, 0x5f, 0xff, 0xff, 0xff, 0xff, 0xff, 0xff,
    0xff, 0x30, 0x5f, 0xff, 0xff, 0xff, 0xff, 0xff,
    0xff, 0xff, 0x30, 0x5f, 0xff, 0xff, 0xff, 0xff,
    0xff, 0xff, 0xff, 0x30, 0x5f, 0xff, 0xfd, 0x22,
    0x22, 0x22, 0x22, 0x22, 0x0, 0x5f, 0xff, 0xfd,
    0x0, 0x0, 0x0, 0x0, 0x0, 0x0, 0x5f, 0xff,
    0xfd, 0x0, 0x0, 0x0, 0x0, 0x0, 0x0, 0x5f,
    0xff, 0xfd, 0x0, 0x0, 0x0, 0x0, 0x0, 0x0,
    0x5f, 0xff, 0xfd, 0x0, 0x0, 0x0, 0x0, 0x0,
    0x0, 0x5f, 0xff, 0xfd, 0x44, 0x44, 0x44, 0x44,
    0x44, 0x44, 0x5f, 0xff, 0xff, 0xff, 0xff, 0xff,
    0xff, 0xff, 0xff, 0x5f, 0xff, 0xff, 0xff, 0xff,
    0xff, 0xff, 0xff, 0xff, 0x5f, 0xff, 0xff, 0xff,
    0xff, 0xff, 0xff, 0xff, 0xff, 0x5f, 0xff, 0xff,
    0xff, 0xff, 0xff, 0xff, 0xff, 0xff,

    /* U+00CA "Ê" */
    0x0, 0x0, 0x0, 0x28, 0x88, 0x84, 0x0, 0x0,
    0x0, 0x0, 0x0, 0x2, 0xef, 0xff, 0xff, 0x40,
    0x0, 0x0, 0x0, 0x0, 0x1e, 0xff, 0xfe, 0xff,
    0xf3, 0x0, 0x0, 0x0, 0x1, 0xdf, 0xfe, 0x31,
    0xcf, 0xfe, 0x20, 0x0, 0x0, 0xc, 0xff, 0xc1,
    0x0, 0xa, 0xff, 0xe2, 0x0, 0x0, 0x0, 0x0,
    0x0, 0x0, 0x0, 0x0, 0x0, 0x0, 0x0, 0x0,
    0x0, 0x0, 0x0, 0x0, 0x0, 0x0, 0x0, 0x5f,
    0xff, 0xff, 0xff, 0xff, 0xff, 0xff, 0xff, 0xf9,
    0x5f, 0xff, 0xff, 0xff, 0xff, 0xff, 0xff, 0xff,
    0xf9, 0x5f, 0xff, 0xff, 0xff, 0xff, 0xff, 0xff,
    0xff, 0xf9, 0x5f, 0xff, 0xff, 0xff, 0xff, 0xff,
    0xff, 0xff, 0xf9, 0x5f, 0xff, 0xfd, 0x44, 0x44,
    0x44, 0x44, 0x44, 0x42, 0x5f, 0xff, 0xfd, 0x0,
    0x0, 0x0, 0x0, 0x0, 0x0, 0x5f, 0xff, 0xfd,
    0x0, 0x0, 0x0, 0x0, 0x0, 0x0, 0x5f, 0xff,
    0xfd, 0x0, 0x0, 0x0, 0x0, 0x0, 0x0, 0x5f,
    0xff, 0xfd, 0x0, 0x0, 0x0, 0x0, 0x0, 0x0,
    0x5f, 0xff, 0xff, 0xff, 0xff, 0xff, 0xff, 0xff,
    0x30, 0x5f, 0xff, 0xff, 0xff, 0xff, 0xff, 0xff,
    0xff, 0x30, 0x5f, 0xff, 0xff, 0xff, 0xff, 0xff,
    0xff, 0xff, 0x30, 0x5f, 0xff, 0xff, 0xff, 0xff,
    0xff, 0xff, 0xff, 0x30, 0x5f, 0xff, 0xfd, 0x22,
    0x22, 0x22, 0x22, 0x22, 0x0, 0x5f, 0xff, 0xfd,
    0x0, 0x0, 0x0, 0x0, 0x0, 0x0, 0x5f, 0xff,
    0xfd, 0x0, 0x0, 0x0, 0x0, 0x0, 0x0, 0x5f,
    0xff, 0xfd, 0x0, 0x0, 0x0, 0x0, 0x0, 0x0,
    0x5f, 0xff, 0xfd, 0x0, 0x0, 0x0, 0x0, 0x0,
    0x0, 0x5f, 0xff, 0xfd, 0x44, 0x44, 0x44, 0x44,
    0x44, 0x44, 0x5f, 0xff, 0xff, 0xff, 0xff, 0xff,
    0xff, 0xff, 0xff, 0x5f, 0xff, 0xff, 0xff, 0xff,
    0xff, 0xff, 0xff, 0xff, 0x5f, 0xff, 0xff, 0xff,
    0xff, 0xff, 0xff, 0xff, 0xff, 0x5f, 0xff, 0xff,
    0xff, 0xff, 0xff, 0xff, 0xff, 0xff,

    /* U+00CB "Ë" */
    0x0, 0x0, 0x17, 0x60, 0x0, 0x5, 0x73, 0x0,
    0x0, 0x0, 0x1, 0xef, 0xfb, 0x0, 0x8f, 0xff,
    0x30, 0x0, 0x0, 0x5, 0xff, 0xff, 0x0, 0xdf,
    0xff, 0x80, 0x0, 0x0, 0x3, 0xff, 0xfe, 0x0,
    0xbf, 0xff, 0x60, 0x0, 0x0, 0x0, 0x7e, 0xd4,
    0x0, 0x2c, 0xfa, 0x0, 0x0, 0x0, 0x0, 0x0,
    0x0, 0x0, 0x0, 0x0, 0x0, 0x0, 0x0, 0x0,
    0x0, 0x0, 0x0, 0x0, 0x0, 0x0, 0x0, 0x5f,
    0xff, 0xff, 0xff, 0xff, 0xff, 0xff, 0xff, 0xf9,
    0x5f, 0xff, 0xff, 0xff, 0xff, 0xff, 0xff, 0xff,
    0xf9, 0x5f, 0xff, 0xff, 0xff, 0xff, 0xff, 0xff,
    0xff, 0xf9, 0x5f, 0xff, 0xff, 0xff, 0xff, 0xff,
    0xff, 0xff, 0xf9, 0x5f, 0xff, 0xfd, 0x44, 0x44,
    0x44, 0x44, 0x44, 0x42, 0x5f, 0xff, 0xfd, 0x0,
    0x0, 0x0, 0x0, 0x0, 0x0, 0x5f, 0xff, 0xfd,
    0x0, 0x0, 0x0, 0x0, 0x0, 0x0, 0x5f, 0xff,
    0xfd, 0x0, 0x0, 0x0, 0x0, 0x0, 0x0, 0x5f,
    0xff, 0xfd, 0x0, 0x0, 0x0, 0x0, 0x0, 0x0,
    0x5f, 0xff, 0xff, 0xff, 0xff, 0xff, 0xff, 0xff,
    0x30, 0x5f, 0xff, 0xff, 0xff, 0xff, 0xff, 0xff,
    0xff, 0x30, 0x5f, 0xff, 0xff, 0xff, 0xff, 0xff,
    0xff, 0xff, 0x30, 0x5f, 0xff, 0xff, 0xff, 0xff,
    0xff, 0xff, 0xff, 0x30, 0x5f, 0xff, 0xfd, 0x22,
    0x22, 0x22, 0x22, 0x22, 0x0, 0x5f, 0xff, 0xfd,
    0x0, 0x0, 0x0, 0x0, 0x0, 0x0, 0x5f, 0xff,
    0xfd, 0x0, 0x0, 0x0, 0x0, 0x0, 0x0, 0x5f,
    0xff, 0xfd, 0x0, 0x0, 0x0, 0x0, 0x0, 0x0,
    0x5f, 0xff, 0xfd, 0x0, 0x0, 0x0, 0x0, 0x0,
    0x0, 0x5f, 0xff, 0xfd, 0x44, 0x44, 0x44, 0x44,
    0x44, 0x44, 0x5f, 0xff, 0xff, 0xff, 0xff, 0xff,
    0xff, 0xff, 0xff, 0x5f, 0xff, 0xff, 0xff, 0xff,
    0xff, 0xff, 0xff, 0xff, 0x5f, 0xff, 0xff, 0xff,
    0xff, 0xff, 0xff, 0xff, 0xff, 0x5f, 0xff, 0xff,
    0xff, 0xff, 0xff, 0xff, 0xff, 0xff,

    /* U+00CC "Ì" */
    0x17, 0x88, 0x87, 0x0, 0x0, 0x0, 0x4f, 0xff,
    0xfc, 0x0, 0x0, 0x0, 0x2d, 0xff, 0xfb, 0x0,
    0x0, 0x0, 0xa, 0xff, 0xfb, 0x0, 0x0, 0x0,
    0x6, 0xff, 0xfa, 0x0, 0x0, 0x0, 0x0, 0x0,
    0x0, 0x0, 0x0, 0x0, 0x0, 0x0, 0x0, 0x0,
    0x5, 0xff, 0xff, 0xd0, 0x0, 0x0, 0x5f, 0xff,
    0xfd, 0x0, 0x0, 0x5, 0xff, 0xff, 0xd0, 0x0,
    0x0, 0x5f, 0xff, 0xfd, 0x0, 0x0, 0x5, 0xff,
    0xff, 0xd0, 0x0, 0x0, 0x5f, 0xff, 0xfd, 0x0,
    0x0, 0x5, 0xff, 0xff, 0xd0, 0x0, 0x0, 0x5f,
    0xff, 0xfd, 0x0, 0x0, 0x5, 0xff, 0xff, 0xd0,
    0x0, 0x0, 0x5f, 0xff, 0xfd, 0x0, 0x0, 0x5,
    0xff, 0xff, 0xd0, 0x0, 0x0, 0x5f, 0xff, 0xfd,
    0x0, 0x0, 0x5, 0xff, 0xff, 0xd0, 0x0, 0x0,
    0x5f, 0xff, 0xfd, 0x0, 0x0, 0x5, 0xff, 0xff,
    0xd0, 0x0, 0x0, 0x5f, 0xff, 0xfd, 0x0, 0x0,
    0x5, 0xff, 0xff, 0xd0, 0x0, 0x0, 0x5f, 0xff,
    0xfd, 0x0, 0x0, 0x5, 0xff, 0xff, 0xd0, 0x0,
    0x0, 0x5f, 0xff, 0xfd, 0x0, 0x0, 0x5, 0xff,
    0xff, 0xd0, 0x0, 0x0, 0x5f, 0xff, 0xfd, 0x0,
    0x0, 0x5, 0xff, 0xff, 0xd0,

    /* U+00CD "Í" */
    0x0, 0x0, 0x48, 0x88, 0x85, 0x0, 0x0, 0x5f,
    0xff, 0xfa, 0x0, 0x0, 0x4f, 0xff, 0xf7, 0x0,
    0x0, 0x4f, 0xff, 0xe4, 0x0, 0x0, 0x3f, 0xff,
    0xc1, 0x0, 0x0, 0x0, 0x0, 0x0, 0x0, 0x0,
    0x0, 0x0, 0x0, 0x0, 0x0, 0x0, 0x5, 0xff,
    0xff, 0xd0, 0x0, 0x0, 0x5f, 0xff, 0xfd, 0x0,
    0x0, 0x5, 0xff, 0xff, 0xd0, 0x0, 0x0, 0x5f,
    0xff, 0xfd, 0x0, 0x0, 0x5, 0xff, 0xff, 0xd0,
    0x0, 0x0, 0x5f, 0xff, 0xfd, 0x0, 0x0, 0x5,
    0xff, 0xff, 0xd0, 0x0, 0x0, 0x5f, 0xff, 0xfd,
    0x0, 0x0, 0x5, 0xff, 0xff, 0xd0, 0x0, 0x0,
    0x5f, 0xff, 0xfd, 0x0, 0x0, 0x5, 0xff, 0xff,
    0xd0, 0x0, 0x0, 0x5f, 0xff, 0xfd, 0x0, 0x0,
    0x5, 0xff, 0xff, 0xd0, 0x0, 0x0, 0x5f, 0xff,
    0xfd, 0x0, 0x0, 0x5, 0xff, 0xff, 0xd0, 0x0,
    0x0, 0x5f, 0xff, 0xfd, 0x0, 0x0, 0x5, 0xff,
    0xff, 0xd0, 0x0, 0x0, 0x5f, 0xff, 0xfd, 0x0,
    0x0, 0x5, 0xff, 0xff, 0xd0, 0x0, 0x0, 0x5f,
    0xff, 0xfd, 0x0, 0x0, 0x5, 0xff, 0xff, 0xd0,
    0x0, 0x0, 0x5f, 0xff, 0xfd, 0x0, 0x0, 0x5,
    0xff, 0xff, 0xd0, 0x0, 0x0,

    /* U+00CE "Î" */
    0x0, 0x0, 0x17, 0x88, 0x85, 0x0, 0x0, 0x0,
    0x1, 0xdf, 0xff, 0xff, 0x60, 0x0, 0x0, 0xc,
    0xff, 0xfd, 0xff, 0xf5, 0x0, 0x0, 0xbf, 0xff,
    0x40, 0xbf, 0xff, 0x40, 0xb, 0xff, 0xe2, 0x0,
    0x8, 0xff, 0xf4, 0x0, 0x0, 0x0, 0x0, 0x0,
    0x0, 0x0, 0x0, 0x0, 0x0, 0x0, 0x0, 0x0,
    0x0, 0x0, 0x0, 0x5f, 0xff, 0xfd, 0x0, 0x0,
    0x0, 0x0, 0x5f, 0xff, 0xfd, 0x0, 0x0, 0x0,
    0x0, 0x5f, 0xff, 0xfd, 0x0, 0x0, 0x0, 0x0,
    0x5f, 0xff, 0xfd, 0x0, 0x0, 0x0, 0x0, 0x5f,
    0xff, 0xfd, 0x0, 0x0, 0x0, 0x0, 0x5f, 0xff,
    0xfd, 0x0, 0x0, 0x0, 0x0, 0x5f, 0xff, 0xfd,
    0x0, 0x0, 0x0, 0x0, 0x5f, 0xff, 0xfd, 0x0,
    0x0, 0x0, 0x0, 0x5f, 0xff, 0xfd, 0x0, 0x0,
    0x0, 0x0, 0x5f, 0xff, 0xfd, 0x0, 0x0, 0x0,
    0x0, 0x5f, 0xff, 0xfd, 0x0, 0x0, 0x0, 0x0,
    0x5f, 0xff, 0xfd, 0x0, 0x0, 0x0, 0x0, 0x5f,
    0xff, 0xfd, 0x0, 0x0, 0x0, 0x0, 0x5f, 0xff,
    0xfd, 0x0, 0x0, 0x0, 0x0, 0x5f, 0xff, 0xfd,
    0x0, 0x0, 0x0, 0x0, 0x5f, 0xff, 0xfd, 0x0,
    0x0, 0x0, 0x0, 0x5f, 0xff, 0xfd, 0x0, 0x0,
    0x0, 0x0, 0x5f, 0xff, 0xfd, 0x0, 0x0, 0x0,
    0x0, 0x5f, 0xff, 0xfd, 0x0, 0x0, 0x0, 0x0,
    0x5f, 0xff, 0xfd, 0x0, 0x0, 0x0, 0x0, 0x5f,
    0xff, 0xfd, 0x0, 0x0, 0x0, 0x0, 0x5f, 0xff,
    0xfd, 0x0, 0x0, 0x0, 0x0, 0x5f, 0xff, 0xfd,
    0x0, 0x0,

    /* U+00CF "Ï" */
    0x1, 0x77, 0x10, 0x0, 0x48, 0x40, 0xd, 0xff,
    0xd0, 0x5, 0xff, 0xf5, 0x2f, 0xff, 0xf2, 0xa,
    0xff, 0xfa, 0x1f, 0xff, 0xf1, 0x9, 0xff, 0xf8,
    0x5, 0xee, 0x50, 0x1, 0xbf, 0xb1, 0x0, 0x0,
    0x0, 0x0, 0x0, 0x0, 0x0, 0x0, 0x0, 0x0,
    0x0, 0x0, 0x0, 0x5, 0xff, 0xff, 0xd0, 0x0,
    0x0, 0x5, 0xff, 0xff, 0xd0, 0x0, 0x0, 0x5,
    0xff, 0xff, 0xd0, 0x0, 0x0, 0x5, 0xff, 0xff,
    0xd0, 0x0, 0x0, 0x5, 0xff, 0xff, 0xd0, 0x0,
    0x0, 0x5, 0xff, 0xff, 0xd0, 0x0, 0x0, 0x5,
    0xff, 0xff, 0xd0, 0x0, 0x0, 0x5, 0xff, 0xff,
    0xd0, 0x0, 0x0, 0x5, 0xff, 0xff, 0xd0, 0x0,
    0x0, 0x5, 0xff, 0xff, 0xd0, 0x0, 0x0, 0x5,
    0xff, 0xff, 0xd0, 0x0, 0x0, 0x5, 0xff, 0xff,
    0xd0, 0x0, 0x0, 0x5, 0xff, 0xff, 0xd0, 0x0,
    0x0, 0x5, 0xff, 0xff, 0xd0, 0x0, 0x0, 0x5,
    0xff, 0xff, 0xd0, 0x0, 0x0, 0x5, 0xff, 0xff,
    0xd0, 0x0, 0x0, 0x5, 0xff, 0xff, 0xd0, 0x0,
    0x0, 0x5, 0xff, 0xff, 0xd0, 0x0, 0x0, 0x5,
    0xff, 0xff, 0xd0, 0x0, 0x0, 0x5, 0xff, 0xff,
    0xd0, 0x0, 0x0, 0x5, 0xff, 0xff, 0xd0, 0x0,
    0x0, 0x5, 0xff, 0xff, 0xd0, 0x0, 0x0, 0x5,
    0xff, 0xff, 0xd0, 0x0,

    /* U+00D0 "Ð" */
    0x0, 0xe, 0xff, 0xff, 0xff, 0xff, 0xff, 0xed,
    0xa6, 0x10, 0x0, 0x0, 0x0, 0x0, 0xe, 0xff,
    0xff, 0xff, 0xff, 0xff, 0xff, 0xff, 0xfa, 0x10,
    0x0, 0x0, 0x0, 0xe, 0xff, 0xff, 0xff, 0xff,
    0xff, 0xff, 0xff, 0xff, 0xf6, 0x0, 0x0, 0x0,
    0xe, 0xff, 0xff, 0xff, 0xff, 0xff, 0xff, 0xff,
    0xff, 0xff, 0x70, 0x0, 0x0, 0xe, 0xff, 0xff,
    0x86, 0x66, 0x66, 0x8b, 0xff, 0xff, 0xff, 0xf5,
    0x0, 0x0, 0xe, 0xff, 0xff, 0x40, 0x0, 0x0,
    0x0, 0x1b, 0xff, 0xff, 0xff, 0x10, 0x0, 0xe,
    0xff, 0xff, 0x40, 0x0, 0x0, 0x0, 0x0, 0x8f,
    0xff, 0xff, 0x90, 0x0, 0xe, 0xff, 0xff, 0x40,
    0x0, 0x0, 0x0, 0x0, 0xb, 0xff, 0xff, 0xe0,
    0x0, 0xe, 0xff, 0xff, 0x40, 0x0, 0x0, 0x0,
    0x0, 0x3, 0xff, 0xff, 0xf3, 0x89, 0x9f, 0xff,
    0xff, 0xd9, 0x99, 0x98, 0x0, 0x0, 0x0, 0xef,
    0xff, 0xf6, 0xff, 0xff, 0xff, 0xff, 0xff, 0xff,
    0xfe, 0x0, 0x0, 0x0, 0xcf, 0xff, 0xf8, 0xff,
    0xff, 0xff, 0xff, 0xff, 0xff, 0xfe, 0x0, 0x0,
    0x0, 0xaf, 0xff, 0xf9, 0xff, 0xff, 0xff, 0xff,
    0xff, 0xff, 0xfe, 0x0, 0x0, 0x0, 0xcf, 0xff,
    0xf8, 0x0, 0xe, 0xff, 0xff, 0x40, 0x0, 0x0,
    0x0, 0x0, 0x0, 0xef, 0xff, 0xf6, 0x0, 0xe,
    0xff, 0xff, 0x40, 0x0, 0x0, 0x0, 0x0, 0x3,
    0xff, 0xff, 0xf3, 0x0, 0xe, 0xff, 0xff, 0x40,
    0x0, 0x0, 0x0, 0x0, 0xb, 0xff, 0xff, 0xe0,
    0x0, 0xe, 0xff, 0xff, 0x40, 0x0, 0x0, 0x0,
    0x0, 0x8f, 0xff, 0xff, 0x90, 0x0, 0xe, 0xff,
    0xff, 0x40, 0x0, 0x0, 0x0, 0x1b, 0xff, 0xff,
    0xff, 0x10, 0x0, 0xe, 0xff, 0xff, 0x86, 0x66,
    0x67, 0x8c, 0xff, 0xff, 0xff, 0xf5, 0x0, 0x0,
    0xe, 0xff, 0xff, 0xff, 0xff, 0xff, 0xff, 0xff,
    0xff, 0xff, 0x70, 0x0, 0x0, 0xe, 0xff, 0xff,
    0xff, 0xff, 0xff, 0xff, 0xff, 0xff, 0xf6, 0x0,
    0x0, 0x0, 0xe, 0xff, 0xff, 0xff, 0xff, 0xff,
    0xff, 0xff, 0xfa, 0x10, 0x0, 0x0, 0x0, 0xe,
    0xff, 0xff, 0xff, 0xff, 0xff, 0xfd, 0xa6, 0x10,
    0x0, 0x0, 0x0,

    /* U+00D1 "Ñ" */
    0x0, 0x0, 0x0, 0x7d, 0xfd, 0x60, 0x0, 0x4b,
    0xb3, 0x0, 0x0, 0x0, 0x0, 0x7, 0xff, 0xff,
    0xfc, 0x21, 0xcf, 0xf2, 0x0, 0x0, 0x0, 0x0,
    0xe, 0xff, 0xff, 0xff, 0xff, 0xff, 0xd0, 0x0,
    0x0, 0x0, 0x0, 0x4f, 0xfc, 0x24, 0xdf, 0xff,
    0xff, 0x50, 0x0, 0x0, 0x0, 0x0, 0x6f, 0xf4,
    0x0, 0x7, 0xef, 0xe6, 0x0, 0x0, 0x0, 0x0,
    0x0, 0x0, 0x0, 0x0, 0x0, 0x0, 0x0, 0x0,
    0x0, 0x0, 0x0, 0x0, 0x0, 0x0, 0x0, 0x0,
    0x0, 0x0, 0x0, 0x0, 0x0, 0x5f, 0xff, 0xf5,
    0x0, 0x0, 0x0, 0x0, 0x0, 0xef, 0xff, 0xf3,
    0x5f, 0xff, 0xff, 0x20, 0x0, 0x0, 0x0, 0x0,
    0xef, 0xff, 0xf3, 0x5f, 0xff, 0xff, 0xd1, 0x0,
    0x0, 0x0, 0x0, 0xef, 0xff, 0xf3, 0x5f, 0xff,
    0xff, 0xfb, 0x0, 0x0, 0x0, 0x0, 0xef, 0xff,
    0xf3, 0x5f, 0xff, 0xff, 0xff, 0x80, 0x0, 0x0,
    0x0, 0xef, 0xff, 0xf3, 0x5f, 0xff, 0xff, 0xff,
    0xf5, 0x0, 0x0, 0x0, 0xef, 0xff, 0xf3, 0x5f,
    0xff, 0xff, 0xff, 0xff, 0x20, 0x0, 0x0, 0xef,
    0xff, 0xf3, 0x5f, 0xff, 0xff, 0xff, 0xff, 0xd0,
    0x0, 0x0, 0xef, 0xff, 0xf3, 0x5f, 0xff, 0xff,
    0xff, 0xff, 0xfb, 0x0, 0x0, 0xef, 0xff, 0xf3,
    0x5f, 0xff, 0xfc, 0xcf, 0xff, 0xff, 0x70, 0x0,
    0xef, 0xff, 0xf3, 0x5f, 0xff, 0xfc, 0x1e, 0xff,
    0xff, 0xf4, 0x0, 0xef, 0xff, 0xf3, 0x5f, 0xff,
    0xfc, 0x3, 0xff, 0xff, 0xff, 0x20, 0xef, 0xff,
    0xf3, 0x5f, 0xff, 0xfc, 0x0, 0x6f, 0xff, 0xff,
    0xd0, 0xef, 0xff, 0xf3, 0x5f, 0xff, 0xfc, 0x0,
    0xa, 0xff, 0xff, 0xfa, 0xef, 0xff, 0xf3, 0x5f,
    0xff, 0xfc, 0x0, 0x0, 0xcf, 0xff, 0xff, 0xff,
    0xff, 0xf3, 0x5f, 0xff, 0xfc, 0x0, 0x0, 0x1e,
    0xff, 0xff, 0xff, 0xff, 0xf3, 0x5f, 0xff, 0xfc,
    0x0, 0x0, 0x4, 0xff, 0xff, 0xff, 0xff, 0xf3,
    0x5f, 0xff, 0xfc, 0x0, 0x0, 0x0, 0x7f, 0xff,
    0xff, 0xff, 0xf3, 0x5f, 0xff, 0xfc, 0x0, 0x0,
    0x0, 0xa, 0xff, 0xff, 0xff, 0xf3, 0x5f, 0xff,
    0xfc, 0x0, 0x0, 0x0, 0x0, 0xdf, 0xff, 0xff,
    0xf3, 0x5f, 0xff, 0xfc, 0x0, 0x0, 0x0, 0x0,
    0x2e, 0xff, 0xff, 0xf3, 0x5f, 0xff, 0xfc, 0x0,
    0x0, 0x0, 0x0, 0x4, 0xff, 0xff, 0xf3, 0x5f,
    0xff, 0xfc, 0x0, 0x0, 0x0, 0x0, 0x0, 0x7f,
    0xff, 0xf3,

    /* U+00D2 "Ò" */
    0x0, 0x0, 0x0, 0x9f, 0xff, 0xf9, 0x0, 0x0,
    0x0, 0x0, 0x0, 0x0, 0x0, 0x0, 0x0, 0x0,
    0x6f, 0xff, 0xf8, 0x0, 0x0, 0x0, 0x0, 0x0,
    0x0, 0x0, 0x0, 0x0, 0x0, 0x3d, 0xff, 0xf7,
    0x0, 0x0, 0x0, 0x0, 0x0, 0x0, 0x0, 0x0,
    0x0, 0x0, 0x1b, 0xff, 0xf7, 0x0, 0x0, 0x0,
    0x0, 0x0, 0x0, 0x0, 0x0, 0x0, 0x0, 0x6,
    0x88, 0x71, 0x0, 0x0, 0x0, 0x0, 0x0, 0x0,
    0x0, 0x0, 0x0, 0x0, 0x0, 0x0, 0x0, 0x0,
    0x0, 0x0, 0x0, 0x0, 0x0, 0x0, 0x0, 0x0,
    0x0, 0x0, 0x0, 0x0, 0x0, 0x0, 0x0, 0x0,
    0x0, 0x0, 0x0, 0x16, 0xad, 0xef, 0xed, 0xa6,
    0x10, 0x0, 0x0, 0x0, 0x0, 0x0, 0x1, 0x9f,
    0xff, 0xff, 0xff, 0xff, 0xff, 0x91, 0x0, 0x0,
    0x0, 0x0, 0x4, 0xef, 0xff, 0xff, 0xff, 0xff,
    0xff, 0xff, 0xf5, 0x0, 0x0, 0x0, 0x7, 0xff,
    0xff, 0xff, 0xff, 0xff, 0xff, 0xff, 0xff, 0xf7,
    0x0, 0x0, 0x5, 0xff, 0xff, 0xff, 0xfd, 0xa9,
    0xad, 0xff, 0xff, 0xff, 0xf5, 0x0, 0x1, 0xff,
    0xff, 0xff, 0xc3, 0x0, 0x0, 0x3, 0xcf, 0xff,
    0xff, 0xf1, 0x0, 0x9f, 0xff, 0xff, 0x90, 0x0,
    0x0, 0x0, 0x0, 0x9f, 0xff, 0xff, 0x90, 0xf,
    0xff, 0xff, 0xb0, 0x0, 0x0, 0x0, 0x0, 0x0,
    0xbf, 0xff, 0xff, 0x5, 0xff, 0xff, 0xf2, 0x0,
    0x0, 0x0, 0x0, 0x0, 0x2, 0xff, 0xff, 0xf5,
    0x8f, 0xff, 0xfc, 0x0, 0x0, 0x0, 0x0, 0x0,
    0x0, 0xc, 0xff, 0xff, 0x9a, 0xff, 0xff, 0x90,
    0x0, 0x0, 0x0, 0x0, 0x0, 0x0, 0x9f, 0xff,
    0xfa, 0xbf, 0xff, 0xf8, 0x0, 0x0, 0x0, 0x0,
    0x0, 0x0, 0x8, 0xff, 0xff, 0xba, 0xff, 0xff,
    0x90, 0x0, 0x0, 0x0, 0x0, 0x0, 0x0, 0x9f,
    0xff, 0xfa, 0x8f, 0xff, 0xfc, 0x0, 0x0, 0x0,
    0x0, 0x0, 0x0, 0xc, 0xff, 0xff, 0x95, 0xff,
    0xff, 0xf2, 0x0, 0x0, 0x0, 0x0, 0x0, 0x2,
    0xff, 0xff, 0xf5, 0xf, 0xff, 0xff, 0xb0, 0x0,
    0x0, 0x0, 0x0, 0x0, 0xbf, 0xff, 0xff, 0x0,
    0x9f, 0xff, 0xff, 0x80, 0x0, 0x0, 0x0, 0x0,
    0x8f, 0xff, 0xff, 0x90, 0x1, 0xff, 0xff, 0xff,
    0xb3, 0x0, 0x0, 0x3, 0xbf, 0xff, 0xff, 0xf1,
    0x0, 0x5, 0xff, 0xff, 0xff, 0xfd, 0xa9, 0xad,
    0xff, 0xff, 0xff, 0xf5, 0x0, 0x0, 0x7, 0xff,
    0xff, 0xff, 0xff, 0xff, 0xff, 0xff, 0xff, 0xf7,
    0x0, 0x0, 0x0, 0x5, 0xff, 0xff, 0xff, 0xff,
    0xff, 0xff, 0xff, 0xf5, 0x0, 0x0, 0x0, 0x0,
    0x1, 0x9f, 0xff, 0xff, 0xff, 0xff, 0xff, 0x91,
    0x0, 0x0, 0x0, 0x0, 0x0, 0x0, 0x16, 0xad,
    0xef, 0xed, 0xa6, 0x10, 0x0, 0x0, 0x0,

    /* U+00D3 "Ó" */
    0x0, 0x0, 0x0, 0x0, 0x0, 0x0, 0x9, 0xff,
    0xff, 0x90, 0x0, 0x0, 0x0, 0x0, 0x0, 0x0,
    0x0, 0x0, 0x8, 0xff, 0xff, 0x60, 0x0, 0x0,
    0x0, 0x0, 0x0, 0x0, 0x0, 0x0, 0x7, 0xff,
    0xfd, 0x30, 0x0, 0x0, 0x0, 0x0, 0x0, 0x0,
    0x0, 0x0, 0x7, 0xff, 0xfb, 0x10, 0x0, 0x0,
    0x0, 0x0, 0x0, 0x0, 0x0, 0x0, 0x1, 0x78,
    0x86, 0x0, 0x0, 0x0, 0x0, 0x0, 0x0, 0x0,
    0x0, 0x0, 0x0, 0x0, 0x0, 0x0, 0x0, 0x0,
    0x0, 0x0, 0x0, 0x0, 0x0, 0x0, 0x0, 0x0,
    0x0, 0x0, 0x0, 0x0, 0x0, 0x0, 0x0, 0x0,
    0x0, 0x0, 0x0, 0x16, 0xad, 0xef, 0xed, 0xa6,
    0x10, 0x0, 0x0, 0x0, 0x0, 0x0, 0x1, 0x9f,
    0xff, 0xff, 0xff, 0xff, 0xff, 0x91, 0x0, 0x0,
    0x0, 0x0, 0x4, 0xef, 0xff, 0xff, 0xff, 0xff,
    0xff, 0xff, 0xf5, 0x0, 0x0, 0x0, 0x7, 0xff,
    0xff, 0xff, 0xff, 0xff, 0xff, 0xff, 0xff, 0xf7,
    0x0, 0x0, 0x5, 0xff, 0xff, 0xff, 0xfd, 0xa9,
    0xad, 0xff, 0xff, 0xff, 0xf5, 0x0, 0x1, 0xff,
    0xff, 0xff, 0xc3, 0x0, 0x0, 0x3, 0xcf, 0xff,
    0xff, 0xf1, 0x0, 0x9f, 0xff, 0xff, 0x90, 0x0,
    0x0, 0x0, 0x0, 0x9f, 0xff, 0xff, 0x90, 0xf,
    0xff, 0xff, 0xb0, 0x0, 0x0, 0x0, 0x0, 0x0,
    0xbf, 0xff, 0xff, 0x5, 0xff, 0xff, 0xf2, 0x0,
    0x0, 0x0, 0x0, 0x0, 0x2, 0xff, 0xff, 0xf5,
    0x8f, 0xff, 0xfc, 0x0, 0x0, 0x0, 0x0, 0x0,
    0x0, 0xc, 0xff, 0xff, 0x9a, 0xff, 0xff, 0x90,
    0x0, 0x0, 0x0, 0x0, 0x0, 0x0, 0x9f, 0xff,
    0xfa, 0xbf, 0xff, 0xf8, 0x0, 0x0, 0x0, 0x0,
    0x0, 0x0, 0x8, 0xff, 0xff, 0xba, 0xff, 0xff,
    0x90, 0x0, 0x0, 0x0, 0x0, 0x0, 0x0, 0x9f,
    0xff, 0xfa, 0x8f, 0xff, 0xfc, 0x0, 0x0, 0x0,
    0x0, 0x0, 0x0, 0xc, 0xff, 0xff, 0x95, 0xff,
    0xff, 0xf2, 0x0, 0x0, 0x0, 0x0, 0x0, 0x2,
    0xff, 0xff, 0xf5, 0xf, 0xff, 0xff, 0xb0, 0x0,
    0x0, 0x0, 0x0, 0x0, 0xbf, 0xff, 0xff, 0x0,
    0x9f, 0xff, 0xff, 0x80, 0x0, 0x0, 0x0, 0x0,
    0x8f, 0xff, 0xff, 0x90, 0x1, 0xff, 0xff, 0xff,
    0xb3, 0x0, 0x0, 0x3, 0xbf, 0xff, 0xff, 0xf1,
    0x0, 0x5, 0xff, 0xff, 0xff, 0xfd, 0xa9, 0xad,
    0xff, 0xff, 0xff, 0xf5, 0x0, 0x0, 0x7, 0xff,
    0xff, 0xff, 0xff, 0xff, 0xff, 0xff, 0xff, 0xf7,
    0x0, 0x0, 0x0, 0x5, 0xff, 0xff, 0xff, 0xff,
    0xff, 0xff, 0xff, 0xf5, 0x0, 0x0, 0x0, 0x0,
    0x1, 0x9f, 0xff, 0xff, 0xff, 0xff, 0xff, 0x91,
    0x0, 0x0, 0x0, 0x0, 0x0, 0x0, 0x16, 0xad,
    0xef, 0xed, 0xa6, 0x10, 0x0, 0x0, 0x0,

    /* U+00D4 "Ô" */
    0x0, 0x0, 0x0, 0x0, 0x3, 0xff, 0xff, 0xf3,
    0x0, 0x0, 0x0, 0x0, 0x0, 0x0, 0x0, 0x0,
    0x2, 0xef, 0xff, 0xff, 0xe2, 0x0, 0x0, 0x0,
    0x0, 0x0, 0x0, 0x0, 0x2, 0xef, 0xfe, 0x5e,
    0xff, 0xe2, 0x0, 0x0, 0x0, 0x0, 0x0, 0x0,
    0x1, 0xef, 0xfc, 0x10, 0x1c, 0xff, 0xe1, 0x0,
    0x0, 0x0, 0x0, 0x0, 0x0, 0x58, 0x87, 0x0,
    0x0, 0x7, 0x88, 0x50, 0x0, 0x0, 0x0, 0x0,
    0x0, 0x0, 0x0, 0x0, 0x0, 0x0, 0x0, 0x0,
    0x0, 0x0, 0x0, 0x0, 0x0, 0x0, 0x0, 0x0,
    0x0, 0x0, 0x0, 0x0, 0x0, 0x0, 0x0, 0x0,
    0x0, 0x0, 0x0, 0x16, 0xad, 0xef, 0xed, 0xa6,
    0x10, 0x0, 0x0, 0x0, 0x0, 0x0, 0x1, 0x9f,
    0xff, 0xff, 0xff, 0xff, 0xff, 0x91, 0x0, 0x0,
    0x0, 0x0, 0x4, 0xef, 0xff, 0xff, 0xff, 0xff,
    0xff, 0xff, 0xf5, 0x0, 0x0, 0x0, 0x7, 0xff,
    0xff, 0xff, 0xff, 0xff, 0xff, 0xff, 0xff, 0xf7,
    0x0, 0x0, 0x5, 0xff, 0xff, 0xff, 0xfd, 0xa9,
    0xad, 0xff, 0xff, 0xff, 0xf5, 0x0, 0x1, 0xff,
    0xff, 0xff, 0xc3, 0x0, 0x0, 0x3, 0xcf, 0xff,
    0xff, 0xf1, 0x0, 0x9f, 0xff, 0xff, 0x90, 0x0,
    0x0, 0x0, 0x0, 0x9f, 0xff, 0xff, 0x90, 0xf,
    0xff, 0xff, 0xb0, 0x0, 0x0, 0x0, 0x0, 0x0,
    0xbf, 0xff, 0xff, 0x5, 0xff, 0xff, 0xf2, 0x0,
    0x0, 0x0, 0x0, 0x0, 0x2, 0xff, 0xff, 0xf5,
    0x8f, 0xff, 0xfc, 0x0, 0x0, 0x0, 0x0, 0x0,
    0x0, 0xc, 0xff, 0xff, 0x9a, 0xff, 0xff, 0x90,
    0x0, 0x0, 0x0, 0x0, 0x0, 0x0, 0x9f, 0xff,
    0xfa, 0xbf, 0xff, 0xf8, 0x0, 0x0, 0x0, 0x0,
    0x0, 0x0, 0x8, 0xff, 0xff, 0xba, 0xff, 0xff,
    0x90, 0x0, 0x0, 0x0, 0x0, 0x0, 0x0, 0x9f,
    0xff, 0xfa, 0x8f, 0xff, 0xfc, 0x0, 0x0, 0x0,
    0x0, 0x0, 0x0, 0xc, 0xff, 0xff, 0x95, 0xff,
    0xff, 0xf2, 0x0, 0x0, 0x0, 0x0, 0x0, 0x2,
    0xff, 0xff, 0xf5, 0xf, 0xff, 0xff, 0xb0, 0x0,
    0x0, 0x0, 0x0, 0x0, 0xbf, 0xff, 0xff, 0x0,
    0x9f, 0xff, 0xff, 0x80, 0x0, 0x0, 0x0, 0x0,
    0x8f, 0xff, 0xff, 0x90, 0x1, 0xff, 0xff, 0xff,
    0xb3, 0x0, 0x0, 0x3, 0xbf, 0xff, 0xff, 0xf1,
    0x0, 0x5, 0xff, 0xff, 0xff, 0xfd, 0xa9, 0xad,
    0xff, 0xff, 0xff, 0xf5, 0x0, 0x0, 0x7, 0xff,
    0xff, 0xff, 0xff, 0xff, 0xff, 0xff, 0xff, 0xf7,
    0x0, 0x0, 0x0, 0x5, 0xff, 0xff, 0xff, 0xff,
    0xff, 0xff, 0xff, 0xf5, 0x0, 0x0, 0x0, 0x0,
    0x1, 0x9f, 0xff, 0xff, 0xff, 0xff, 0xff, 0x91,
    0x0, 0x0, 0x0, 0x0, 0x0, 0x0, 0x16, 0xad,
    0xef, 0xed, 0xa6, 0x10, 0x0, 0x0, 0x0,

    /* U+00D5 "Õ" */
    0x0, 0x0, 0x0, 0x0, 0x0, 0x0, 0x0, 0x0,
    0x0, 0x0, 0x0, 0x0, 0x0, 0x0, 0x0, 0x0,
    0x2b, 0xff, 0xb2, 0x0, 0xa, 0xca, 0x0, 0x0,
    0x0, 0x0, 0x0, 0x0, 0xd, 0xff, 0xff, 0xf8,
    0x15, 0xff, 0xb0, 0x0, 0x0, 0x0, 0x0, 0x0,
    0x6, 0xff, 0xff, 0xff, 0xff, 0xff, 0xf6, 0x0,
    0x0, 0x0, 0x0, 0x0, 0x0, 0xbf, 0xf5, 0x7,
    0xff, 0xff, 0xfd, 0x0, 0x0, 0x0, 0x0, 0x0,
    0x0, 0xd, 0xfd, 0x0, 0x2, 0xaf, 0xfb, 0x20,
    0x0, 0x0, 0x0, 0x0, 0x0, 0x0, 0x0, 0x0,
    0x0, 0x0, 0x0, 0x0, 0x0, 0x0, 0x0, 0x0,
    0x0, 0x0, 0x0, 0x0, 0x0, 0x0, 0x0, 0x0,
    0x0, 0x0, 0x0, 0x0, 0x0, 0x0, 0x0, 0x1,
    0x6a, 0xde, 0xfe, 0xda, 0x61, 0x0, 0x0, 0x0,
    0x0, 0x0, 0x0, 0x19, 0xff, 0xff, 0xff, 0xff,
    0xff, 0xf9, 0x10, 0x0, 0x0, 0x0, 0x0, 0x4e,
    0xff, 0xff, 0xff, 0xff, 0xff, 0xff, 0xff, 0x50,
    0x0, 0x0, 0x0, 0x7f, 0xff, 0xff, 0xff, 0xff,
    0xff, 0xff, 0xff, 0xff, 0x70, 0x0, 0x0, 0x5f,
    0xff, 0xff, 0xff, 0xda, 0x9a, 0xdf, 0xff, 0xff,
    0xff, 0x50, 0x0, 0x1f, 0xff, 0xff, 0xfc, 0x30,
    0x0, 0x0, 0x3c, 0xff, 0xff, 0xff, 0x10, 0x9,
    0xff, 0xff, 0xf9, 0x0, 0x0, 0x0, 0x0, 0x9,
    0xff, 0xff, 0xf9, 0x0, 0xff, 0xff, 0xfb, 0x0,
    0x0, 0x0, 0x0, 0x0, 0xb, 0xff, 0xff, 0xf0,
    0x5f, 0xff, 0xff, 0x20, 0x0, 0x0, 0x0, 0x0,
    0x0, 0x2f, 0xff, 0xff, 0x58, 0xff, 0xff, 0xc0,
    0x0, 0x0, 0x0, 0x0, 0x0, 0x0, 0xcf, 0xff,
    0xf9, 0xaf, 0xff, 0xf9, 0x0, 0x0, 0x0, 0x0,
    0x0, 0x0, 0x9, 0xff, 0xff, 0xab, 0xff, 0xff,
    0x80, 0x0, 0x0, 0x0, 0x0, 0x0, 0x0, 0x8f,
    0xff, 0xfb, 0xaf, 0xff, 0xf9, 0x0, 0x0, 0x0,
    0x0, 0x0, 0x0, 0x9, 0xff, 0xff, 0xa8, 0xff,
    0xff, 0xc0, 0x0, 0x0, 0x0, 0x0, 0x0, 0x0,
    0xcf, 0xff, 0xf9, 0x5f, 0xff, 0xff, 0x20, 0x0,
    0x0, 0x0, 0x0, 0x0, 0x2f, 0xff, 0xff, 0x50,
    0xff, 0xff, 0xfb, 0x0, 0x0, 0x0, 0x0, 0x0,
    0xb, 0xff, 0xff, 0xf0, 0x9, 0xff, 0xff, 0xf8,
    0x0, 0x0, 0x0, 0x0, 0x8, 0xff, 0xff, 0xf9,
    0x0, 0x1f, 0xff, 0xff, 0xfb, 0x30, 0x0, 0x0,
    0x3b, 0xff, 0xff, 0xff, 0x10, 0x0, 0x5f, 0xff,
    0xff, 0xff, 0xda, 0x9a, 0xdf, 0xff, 0xff, 0xff,
    0x50, 0x0, 0x0, 0x7f, 0xff, 0xff, 0xff, 0xff,
    0xff, 0xff, 0xff, 0xff, 0x70, 0x0, 0x0, 0x0,
    0x5f, 0xff, 0xff, 0xff, 0xff, 0xff, 0xff, 0xff,
    0x50, 0x0, 0x0, 0x0, 0x0, 0x19, 0xff, 0xff,
    0xff, 0xff, 0xff, 0xf9, 0x10, 0x0, 0x0, 0x0,
    0x0, 0x0, 0x1, 0x6a, 0xde, 0xfe, 0xda, 0x61,
    0x0, 0x0, 0x0, 0x0,

    /* U+00D6 "Ö" */
    0x0, 0x0, 0x0, 0x3, 0xdf, 0x90, 0x0, 0x9f,
    0xd3, 0x0, 0x0, 0x0, 0x0, 0x0, 0x0, 0x0,
    0xcf, 0xff, 0x50, 0x4f, 0xff, 0xc0, 0x0, 0x0,
    0x0, 0x0, 0x0, 0x0, 0xe, 0xff, 0xf6, 0x6,
    0xff, 0xfe, 0x0, 0x0, 0x0, 0x0, 0x0, 0x0,
    0x0, 0x9f, 0xff, 0x20, 0x2f, 0xff, 0x90, 0x0,
    0x0, 0x0, 0x0, 0x0, 0x0, 0x0, 0x57, 0x20,
    0x0, 0x27, 0x60, 0x0, 0x0, 0x0, 0x0, 0x0,
    0x0, 0x0, 0x0, 0x0, 0x0, 0x0, 0x0, 0x0,
    0x0, 0x0, 0x0, 0x0, 0x0, 0x0, 0x0, 0x0,
    0x0, 0x0, 0x0, 0x0, 0x0, 0x0, 0x0, 0x0,
    0x0, 0x0, 0x0, 0x16, 0xad, 0xef, 0xed, 0xa6,
    0x10, 0x0, 0x0, 0x0, 0x0, 0x0, 0x1, 0x9f,
    0xff, 0xff, 0xff, 0xff, 0xff, 0x91, 0x0, 0x0,
    0x0, 0x0, 0x4, 0xef, 0xff, 0xff, 0xff, 0xff,
    0xff, 0xff, 0xf5, 0x0, 0x0, 0x0, 0x7, 0xff,
    0xff, 0xff, 0xff, 0xff, 0xff, 0xff, 0xff, 0xf7,
    0x0, 0x0, 0x5, 0xff, 0xff, 0xff, 0xfd, 0xa9,
    0xad, 0xff, 0xff, 0xff, 0xf5, 0x0, 0x1, 0xff,
    0xff, 0xff, 0xc3, 0x0, 0x0, 0x3, 0xcf, 0xff,
    0xff, 0xf1, 0x0, 0x9f, 0xff, 0xff, 0x90, 0x0,
    0x0, 0x0, 0x0, 0x9f, 0xff, 0xff, 0x90, 0xf,
    0xff, 0xff, 0xb0, 0x0, 0x0, 0x0, 0x0, 0x0,
    0xbf, 0xff, 0xff, 0x5, 0xff, 0xff, 0xf2, 0x0,
    0x0, 0x0, 0x0, 0x0, 0x2, 0xff, 0xff, 0xf5,
    0x8f, 0xff, 0xfc, 0x0, 0x0, 0x0, 0x0, 0x0,
    0x0, 0xc, 0xff, 0xff, 0x9a, 0xff, 0xff, 0x90,
    0x0, 0x0, 0x0, 0x0, 0x0, 0x0, 0x9f, 0xff,
    0xfa, 0xbf, 0xff, 0xf8, 0x0, 0x0, 0x0, 0x0,
    0x0, 0x0, 0x8, 0xff, 0xff, 0xba, 0xff, 0xff,
    0x90, 0x0, 0x0, 0x0, 0x0, 0x0, 0x0, 0x9f,
    0xff, 0xfa, 0x8f, 0xff, 0xfc, 0x0, 0x0, 0x0,
    0x0, 0x0, 0x0, 0xc, 0xff, 0xff, 0x95, 0xff,
    0xff, 0xf2, 0x0, 0x0, 0x0, 0x0, 0x0, 0x2,
    0xff, 0xff, 0xf5, 0xf, 0xff, 0xff, 0xb0, 0x0,
    0x0, 0x0, 0x0, 0x0, 0xbf, 0xff, 0xff, 0x0,
    0x9f, 0xff, 0xff, 0x80, 0x0, 0x0, 0x0, 0x0,
    0x8f, 0xff, 0xff, 0x90, 0x1, 0xff, 0xff, 0xff,
    0xb3, 0x0, 0x0, 0x3, 0xbf, 0xff, 0xff, 0xf1,
    0x0, 0x5, 0xff, 0xff, 0xff, 0xfd, 0xa9, 0xad,
    0xff, 0xff, 0xff, 0xf5, 0x0, 0x0, 0x7, 0xff,
    0xff, 0xff, 0xff, 0xff, 0xff, 0xff, 0xff, 0xf7,
    0x0, 0x0, 0x0, 0x5, 0xff, 0xff, 0xff, 0xff,
    0xff, 0xff, 0xff, 0xf5, 0x0, 0x0, 0x0, 0x0,
    0x1, 0x9f, 0xff, 0xff, 0xff, 0xff, 0xff, 0x91,
    0x0, 0x0, 0x0, 0x0, 0x0, 0x0, 0x16, 0xad,
    0xef, 0xed, 0xa6, 0x10, 0x0, 0x0, 0x0,

    /* U+00D7 "×" */
    0x0, 0x4, 0x0, 0x0, 0x0, 0x4, 0x0, 0x0,
    0x6, 0xf9, 0x0, 0x0, 0x6, 0xf9, 0x0, 0x5,
    0xff, 0xf8, 0x0, 0x5, 0xff, 0xf8, 0x0, 0xdf,
    0xff, 0xf8, 0x5, 0xff, 0xff, 0xf1, 0x2, 0xef,
    0xff, 0xfa, 0xff, 0xff, 0xf3, 0x0, 0x2, 0xef,
    0xff, 0xff, 0xff, 0xf4, 0x0, 0x0, 0x2, 0xef,
    0xff, 0xff, 0xf4, 0x0, 0x0, 0x0, 0x6, 0xff,
    0xff, 0xf8, 0x0, 0x0, 0x0, 0x3, 0xff, 0xff,
    0xff, 0xf5, 0x0, 0x0, 0x3, 0xef, 0xff, 0xff,
    0xff, 0xf5, 0x0, 0x2, 0xef, 0xff, 0xf9, 0xff,
    0xff, 0xf4, 0x0, 0xdf, 0xff, 0xf6, 0x4, 0xff,
    0xff, 0xf1, 0x4, 0xff, 0xf7, 0x0, 0x4, 0xff,
    0xf7, 0x0, 0x5, 0xf8, 0x0, 0x0, 0x5, 0xf8,
    0x0, 0x0, 0x3, 0x0, 0x0, 0x0, 0x3, 0x0,
    0x0,

    /* U+00D8 "Ø" */
    0x0, 0x0, 0x0, 0x0, 0x0, 0x0, 0x0, 0x0,
    0x2, 0xff, 0xf5, 0x0, 0x0, 0x0, 0x0, 0x0,
    0x0, 0x0, 0x0, 0x0, 0x0, 0xaf, 0xfc, 0x0,
    0x0, 0x0, 0x0, 0x0, 0x0, 0x0, 0x0, 0x0,
    0x0, 0x2f, 0xff, 0x40, 0x0, 0x0, 0x0, 0x0,
    0x0, 0x16, 0xad, 0xef, 0xed, 0xaf, 0xff, 0xc0,
    0x0, 0x0, 0x0, 0x0, 0x1, 0x9f, 0xff, 0xff,
    0xff, 0xff, 0xff, 0xf5, 0x0, 0x0, 0x0, 0x0,
    0x4, 0xef, 0xff, 0xff, 0xff, 0xff, 0xff, 0xff,
    0xf5, 0x0, 0x0, 0x0, 0x7, 0xff, 0xff, 0xff,
    0xff, 0xff, 0xff, 0xff, 0xff, 0xf7, 0x0, 0x0,
    0x5, 0xff, 0xff, 0xff, 0xfd, 0xa9, 0xaf, 0xff,
    0xff, 0xff, 0xf5, 0x0, 0x1, 0xff, 0xff, 0xff,
    0xc3, 0x0, 0x5, 0xff, 0xff, 0xff, 0xff, 0xf1,
    0x0, 0x9f, 0xff, 0xff, 0x90, 0x0, 0x0, 0xdf,
    0xfa, 0x9f, 0xff, 0xff, 0x90, 0xf, 0xff, 0xff,
    0xb0, 0x0, 0x0, 0x5f, 0xff, 0x10, 0xbf, 0xff,
    0xff, 0x5, 0xff, 0xff, 0xf2, 0x0, 0x0, 0xd,
    0xff, 0x90, 0x2, 0xff, 0xff, 0xf5, 0x8f, 0xff,
    0xfc, 0x0, 0x0, 0x6, 0xff, 0xf1, 0x0, 0xc,
    0xff, 0xff, 0x9a, 0xff, 0xff, 0x90, 0x0, 0x0,
    0xef, 0xf8, 0x0, 0x0, 0x9f, 0xff, 0xfa, 0xbf,
    0xff, 0xf8, 0x0, 0x0, 0x7f, 0xfe, 0x10, 0x0,
    0x8, 0xff, 0xff, 0xba, 0xff, 0xff, 0x90, 0x0,
    0xe, 0xff, 0x70, 0x0, 0x0, 0x9f, 0xff, 0xfa,
    0x8f, 0xff, 0xfc, 0x0, 0x8, 0xff, 0xe0, 0x0,
    0x0, 0xc, 0xff, 0xff, 0x95, 0xff, 0xff, 0xf2,
    0x1, 0xff, 0xf6, 0x0, 0x0, 0x2, 0xff, 0xff,
    0xf5, 0xf, 0xff, 0xff, 0xb0, 0x8f, 0xfe, 0x0,
    0x0, 0x0, 0xbf, 0xff, 0xff, 0x0, 0x9f, 0xff,
    0xff, 0xaf, 0xff, 0x60, 0x0, 0x0, 0x8f, 0xff,
    0xff, 0x90, 0x1, 0xff, 0xff, 0xff, 0xff, 0xd0,
    0x0, 0x3, 0xbf, 0xff, 0xff, 0xf1, 0x0, 0x5,
    0xff, 0xff, 0xff, 0xff, 0xa9, 0xad, 0xff, 0xff,
    0xff, 0xf5, 0x0, 0x0, 0x7, 0xff, 0xff, 0xff,
    0xff, 0xff, 0xff, 0xff, 0xff, 0xf7, 0x0, 0x0,
    0x0, 0x5, 0xff, 0xff, 0xff, 0xff, 0xff, 0xff,
    0xff, 0xf5, 0x0, 0x0, 0x0, 0x0, 0xc, 0xff,
    0xff, 0xff, 0xff, 0xff, 0xff, 0x91, 0x0, 0x0,
    0x0, 0x0, 0x3, 0xff, 0xfa, 0xad, 0xef, 0xed,
    0xa6, 0x10, 0x0, 0x0, 0x0, 0x0, 0x0, 0xbf,
    0xfb, 0x0, 0x0, 0x0, 0x0, 0x0, 0x0, 0x0,
    0x0, 0x0, 0x0, 0x4f, 0xff, 0x30, 0x0, 0x0,
    0x0, 0x0, 0x0, 0x0, 0x0, 0x0,

    /* U+00D9 "Ù" */
    0x0, 0x0, 0x8f, 0xff, 0xfb, 0x0, 0x0, 0x0,
    0x0, 0x0, 0x0, 0x0, 0x0, 0x4e, 0xff, 0xfa,
    0x0, 0x0, 0x0, 0x0, 0x0, 0x0, 0x0, 0x0,
    0x2c, 0xff, 0xf9, 0x0, 0x0, 0x0, 0x0, 0x0,
    0x0, 0x0, 0x0, 0x9, 0xff, 0xf9, 0x0, 0x0,
    0x0, 0x0, 0x0, 0x0, 0x0, 0x0, 0x5, 0x88,
    0x82, 0x0, 0x0, 0x0, 0x0, 0x0, 0x0, 0x0,
    0x0, 0x0, 0x0, 0x0, 0x0, 0x0, 0x0, 0x0,
    0x0, 0x0, 0x0, 0x0, 0x0, 0x0, 0x0, 0x0,
    0x0, 0x8, 0xff, 0xff, 0xa0, 0x0, 0x0, 0x0,
    0x0, 0x6f, 0xff, 0xfc, 0x8f, 0xff, 0xfa, 0x0,
    0x0, 0x0, 0x0, 0x6, 0xff, 0xff, 0xc8, 0xff,
    0xff, 0xa0, 0x0, 0x0, 0x0, 0x0, 0x6f, 0xff,
    0xfc, 0x8f, 0xff, 0xfa, 0x0, 0x0, 0x0, 0x0,
    0x6, 0xff, 0xff, 0xc8, 0xff, 0xff, 0xa0, 0x0,
    0x0, 0x0, 0x0, 0x6f, 0xff, 0xfc, 0x8f, 0xff,
    0xfa, 0x0, 0x0, 0x0, 0x0, 0x6, 0xff, 0xff,
    0xc8, 0xff, 0xff, 0xa0, 0x0, 0x0, 0x0, 0x0,
    0x6f, 0xff, 0xfc, 0x8f, 0xff, 0xfa, 0x0, 0x0,
    0x0, 0x0, 0x6, 0xff, 0xff, 0xc8, 0xff, 0xff,
    0xa0, 0x0, 0x0, 0x0, 0x0, 0x6f, 0xff, 0xfc,
    0x8f, 0xff, 0xfa, 0x0, 0x0, 0x0, 0x0, 0x6,
    0xff, 0xff, 0xc8, 0xff, 0xff, 0xa0, 0x0, 0x0,
    0x0, 0x0, 0x6f, 0xff, 0xfc, 0x8f, 0xff, 0xfa,
    0x0, 0x0, 0x0, 0x0, 0x6, 0xff, 0xff, 0xc8,
    0xff, 0xff, 0xa0, 0x0, 0x0, 0x0, 0x0, 0x6f,
    0xff, 0xfb, 0x7f, 0xff, 0xfb, 0x0, 0x0, 0x0,
    0x0, 0x6, 0xff, 0xff, 0xb6, 0xff, 0xff, 0xd0,
    0x0, 0x0, 0x0, 0x0, 0x9f, 0xff, 0xf9, 0x3f,
    0xff, 0xff, 0x10, 0x0, 0x0, 0x0, 0xd, 0xff,
    0xff, 0x70, 0xff, 0xff, 0xf9, 0x0, 0x0, 0x0,
    0x5, 0xff, 0xff, 0xf3, 0xa, 0xff, 0xff, 0xf8,
    0x0, 0x0, 0x5, 0xff, 0xff, 0xfd, 0x0, 0x2f,
    0xff, 0xff, 0xfe, 0xa9, 0x9d, 0xff, 0xff, 0xff,
    0x60, 0x0, 0x8f, 0xff, 0xff, 0xff, 0xff, 0xff,
    0xff, 0xff, 0xb0, 0x0, 0x0, 0x9f, 0xff, 0xff,
    0xff, 0xff, 0xff, 0xff, 0xc1, 0x0, 0x0, 0x0,
    0x6e, 0xff, 0xff, 0xff, 0xff, 0xff, 0x80, 0x0,
    0x0, 0x0, 0x0, 0x5, 0x9d, 0xef, 0xfd, 0xa6,
    0x10, 0x0, 0x0,

    /* U+00DA "Ú" */
    0x0, 0x0, 0x0, 0x0, 0x0, 0x6, 0xff, 0xff,
    0xb1, 0x0, 0x0, 0x0, 0x0, 0x0, 0x0, 0x6,
    0xff, 0xff, 0x70, 0x0, 0x0, 0x0, 0x0, 0x0,
    0x0, 0x5, 0xff, 0xfe, 0x40, 0x0, 0x0, 0x0,
    0x0, 0x0, 0x0, 0x5, 0xff, 0xfc, 0x10, 0x0,
    0x0, 0x0, 0x0, 0x0, 0x0, 0x0, 0x78, 0x87,
    0x0, 0x0, 0x0, 0x0, 0x0, 0x0, 0x0, 0x0,
    0x0, 0x0, 0x0, 0x0, 0x0, 0x0, 0x0, 0x0,
    0x0, 0x0, 0x0, 0x0, 0x0, 0x0, 0x0, 0x0,
    0x0, 0x8, 0xff, 0xff, 0xa0, 0x0, 0x0, 0x0,
    0x0, 0x6f, 0xff, 0xfc, 0x8f, 0xff, 0xfa, 0x0,
    0x0, 0x0, 0x0, 0x6, 0xff, 0xff, 0xc8, 0xff,
    0xff, 0xa0, 0x0, 0x0, 0x0, 0x0, 0x6f, 0xff,
    0xfc, 0x8f, 0xff, 0xfa, 0x0, 0x0, 0x0, 0x0,
    0x6, 0xff, 0xff, 0xc8, 0xff, 0xff, 0xa0, 0x0,
    0x0, 0x0, 0x0, 0x6f, 0xff, 0xfc, 0x8f, 0xff,
    0xfa, 0x0, 0x0, 0x0, 0x0, 0x6, 0xff, 0xff,
    0xc8, 0xff, 0xff, 0xa0, 0x0, 0x0, 0x0, 0x0,
    0x6f, 0xff, 0xfc, 0x8f, 0xff, 0xfa, 0x0, 0x0,
    0x0, 0x0, 0x6, 0xff, 0xff, 0xc8, 0xff, 0xff,
    0xa0, 0x0, 0x0, 0x0, 0x0, 0x6f, 0xff, 0xfc,
    0x8f, 0xff, 0xfa, 0x0, 0x0, 0x0, 0x0, 0x6,
    0xff, 0xff, 0xc8, 0xff, 0xff, 0xa0, 0x0, 0x0,
    0x0, 0x0, 0x6f, 0xff, 0xfc, 0x8f, 0xff, 0xfa,
    0x0, 0x0, 0x0, 0x0, 0x6, 0xff, 0xff, 0xc8,
    0xff, 0xff, 0xa0, 0x0, 0x0, 0x0, 0x0, 0x6f,
    0xff, 0xfb, 0x7f, 0xff, 0xfb, 0x0, 0x0, 0x0,
    0x0, 0x6, 0xff, 0xff, 0xb6, 0xff, 0xff, 0xd0,
    0x0, 0x0, 0x0, 0x0, 0x9f, 0xff, 0xf9, 0x3f,
    0xff, 0xff, 0x10, 0x0, 0x0, 0x0, 0xd, 0xff,
    0xff, 0x70, 0xff, 0xff, 0xf9, 0x0, 0x0, 0x0,
    0x5, 0xff, 0xff, 0xf3, 0xa, 0xff, 0xff, 0xf8,
    0x0, 0x0, 0x5, 0xff, 0xff, 0xfd, 0x0, 0x2f,
    0xff, 0xff, 0xfe, 0xa9, 0x9d, 0xff, 0xff, 0xff,
    0x60, 0x0, 0x8f, 0xff, 0xff, 0xff, 0xff, 0xff,
    0xff, 0xff, 0xb0, 0x0, 0x0, 0x9f, 0xff, 0xff,
    0xff, 0xff, 0xff, 0xff, 0xc1, 0x0, 0x0, 0x0,
    0x6e, 0xff, 0xff, 0xff, 0xff, 0xff, 0x80, 0x0,
    0x0, 0x0, 0x0, 0x5, 0x9d, 0xef, 0xfd, 0xa6,
    0x10, 0x0, 0x0,

    /* U+00DB "Û" */
    0x0, 0x0, 0x0, 0x2, 0xef, 0xff, 0xf5, 0x0,
    0x0, 0x0, 0x0, 0x0, 0x0, 0x1, 0xdf, 0xff,
    0xff, 0xf4, 0x0, 0x0, 0x0, 0x0, 0x0, 0x1,
    0xdf, 0xff, 0x6d, 0xff, 0xf3, 0x0, 0x0, 0x0,
    0x0, 0x0, 0xcf, 0xfd, 0x20, 0xb, 0xff, 0xf3,
    0x0, 0x0, 0x0, 0x0, 0x48, 0x87, 0x10, 0x0,
    0x6, 0x88, 0x60, 0x0, 0x0, 0x0, 0x0, 0x0,
    0x0, 0x0, 0x0, 0x0, 0x0, 0x0, 0x0, 0x0,
    0x0, 0x0, 0x0, 0x0, 0x0, 0x0, 0x0, 0x0,
    0x0, 0x8, 0xff, 0xff, 0xa0, 0x0, 0x0, 0x0,
    0x0, 0x6f, 0xff, 0xfc, 0x8f, 0xff, 0xfa, 0x0,
    0x0, 0x0, 0x0, 0x6, 0xff, 0xff, 0xc8, 0xff,
    0xff, 0xa0, 0x0, 0x0, 0x0, 0x0, 0x6f, 0xff,
    0xfc, 0x8f, 0xff, 0xfa, 0x0, 0x0, 0x0, 0x0,
    0x6, 0xff, 0xff, 0xc8, 0xff, 0xff, 0xa0, 0x0,
    0x0, 0x0, 0x0, 0x6f, 0xff, 0xfc, 0x8f, 0xff,
    0xfa, 0x0, 0x0, 0x0, 0x0, 0x6, 0xff, 0xff,
    0xc8, 0xff, 0xff, 0xa0, 0x0, 0x0, 0x0, 0x0,
    0x6f, 0xff, 0xfc, 0x8f, 0xff, 0xfa, 0x0, 0x0,
    0x0, 0x0, 0x6, 0xff, 0xff, 0xc8, 0xff, 0xff,
    0xa0, 0x0, 0x0, 0x0, 0x0, 0x6f, 0xff, 0xfc,
    0x8f, 0xff, 0xfa, 0x0, 0x0, 0x0, 0x0, 0x6,
    0xff, 0xff, 0xc8, 0xff, 0xff, 0xa0, 0x0, 0x0,
    0x0, 0x0, 0x6f, 0xff, 0xfc, 0x8f, 0xff, 0xfa,
    0x0, 0x0, 0x0, 0x0, 0x6, 0xff, 0xff, 0xc8,
    0xff, 0xff, 0xa0, 0x0, 0x0, 0x0, 0x0, 0x6f,
    0xff, 0xfb, 0x7f, 0xff, 0xfb, 0x0, 0x0, 0x0,
    0x0, 0x6, 0xff, 0xff, 0xb6, 0xff, 0xff, 0xd0,
    0x0, 0x0, 0x0, 0x0, 0x9f, 0xff, 0xf9, 0x3f,
    0xff, 0xff, 0x10, 0x0, 0x0, 0x0, 0xd, 0xff,
    0xff, 0x70, 0xff, 0xff, 0xf9, 0x0, 0x0, 0x0,
    0x5, 0xff, 0xff, 0xf3, 0xa, 0xff, 0xff, 0xf8,
    0x0, 0x0, 0x5, 0xff, 0xff, 0xfd, 0x0, 0x2f,
    0xff, 0xff, 0xfe, 0xa9, 0x9d, 0xff, 0xff, 0xff,
    0x60, 0x0, 0x8f, 0xff, 0xff, 0xff, 0xff, 0xff,
    0xff, 0xff, 0xb0, 0x0, 0x0, 0x9f, 0xff, 0xff,
    0xff, 0xff, 0xff, 0xff, 0xc1, 0x0, 0x0, 0x0,
    0x6e, 0xff, 0xff, 0xff, 0xff, 0xff, 0x80, 0x0,
    0x0, 0x0, 0x0, 0x5, 0x9d, 0xef, 0xfd, 0xa6,
    0x10, 0x0, 0x0,

    /* U+00DC "Ü" */
    0x0, 0x0, 0x2, 0xcf, 0xa0, 0x0, 0x7e, 0xd4,
    0x0, 0x0, 0x0, 0x0, 0x0, 0xaf, 0xff, 0x70,
    0x2f, 0xff, 0xe0, 0x0, 0x0, 0x0, 0x0, 0xc,
    0xff, 0xf8, 0x4, 0xff, 0xff, 0x0, 0x0, 0x0,
    0x0, 0x0, 0x7f, 0xff, 0x30, 0x1e, 0xff, 0xb0,
    0x0, 0x0, 0x0, 0x0, 0x0, 0x58, 0x30, 0x0,
    0x17, 0x60, 0x0, 0x0, 0x0, 0x0, 0x0, 0x0,
    0x0, 0x0, 0x0, 0x0, 0x0, 0x0, 0x0, 0x0,
    0x0, 0x0, 0x0, 0x0, 0x0, 0x0, 0x0, 0x0,
    0x0, 0x8, 0xff, 0xff, 0xa0, 0x0, 0x0, 0x0,
    0x0, 0x6f, 0xff, 0xfc, 0x8f, 0xff, 0xfa, 0x0,
    0x0, 0x0, 0x0, 0x6, 0xff, 0xff, 0xc8, 0xff,
    0xff, 0xa0, 0x0, 0x0, 0x0, 0x0, 0x6f, 0xff,
    0xfc, 0x8f, 0xff, 0xfa, 0x0, 0x0, 0x0, 0x0,
    0x6, 0xff, 0xff, 0xc8, 0xff, 0xff, 0xa0, 0x0,
    0x0, 0x0, 0x0, 0x6f, 0xff, 0xfc, 0x8f, 0xff,
    0xfa, 0x0, 0x0, 0x0, 0x0, 0x6, 0xff, 0xff,
    0xc8, 0xff, 0xff, 0xa0, 0x0, 0x0, 0x0, 0x0,
    0x6f, 0xff, 0xfc, 0x8f, 0xff, 0xfa, 0x0, 0x0,
    0x0, 0x0, 0x6, 0xff, 0xff, 0xc8, 0xff, 0xff,
    0xa0, 0x0, 0x0, 0x0, 0x0, 0x6f, 0xff, 0xfc,
    0x8f, 0xff, 0xfa, 0x0, 0x0, 0x0, 0x0, 0x6,
    0xff, 0xff, 0xc8, 0xff, 0xff, 0xa0, 0x0, 0x0,
    0x0, 0x0, 0x6f, 0xff, 0xfc, 0x8f, 0xff, 0xfa,
    0x0, 0x0, 0x0, 0x0, 0x6, 0xff, 0xff, 0xc8,
    0xff, 0xff, 0xa0, 0x0, 0x0, 0x0, 0x0, 0x6f,
    0xff, 0xfb, 0x7f, 0xff, 0xfb, 0x0, 0x0, 0x0,
    0x0, 0x6, 0xff, 0xff, 0xb6, 0xff, 0xff, 0xd0,
    0x0, 0x0, 0x0, 0x0, 0x9f, 0xff, 0xf9, 0x3f,
    0xff, 0xff, 0x10, 0x0, 0x0, 0x0, 0xd, 0xff,
    0xff, 0x70, 0xff, 0xff, 0xf9, 0x0, 0x0, 0x0,
    0x5, 0xff, 0xff, 0xf3, 0xa, 0xff, 0xff, 0xf8,
    0x0, 0x0, 0x5, 0xff, 0xff, 0xfd, 0x0, 0x2f,
    0xff, 0xff, 0xfe, 0xa9, 0x9d, 0xff, 0xff, 0xff,
    0x60, 0x0, 0x8f, 0xff, 0xff, 0xff, 0xff, 0xff,
    0xff, 0xff, 0xb0, 0x0, 0x0, 0x9f, 0xff, 0xff,
    0xff, 0xff, 0xff, 0xff, 0xc1, 0x0, 0x0, 0x0,
    0x6e, 0xff, 0xff, 0xff, 0xff, 0xff, 0x80, 0x0,
    0x0, 0x0, 0x0, 0x5, 0x9d, 0xef, 0xfd, 0xa6,
    0x10, 0x0, 0x0,

    /* U+00DD "Ý" */
    0x0, 0x0, 0x0, 0x0, 0x0, 0x0, 0x1a, 0xbb,
    0xba, 0x20, 0x0, 0x0, 0x0, 0x0, 0x0, 0x0,
    0x0, 0x0, 0xcf, 0xff, 0xe3, 0x0, 0x0, 0x0,
    0x0, 0x0, 0x0, 0x0, 0x0, 0xb, 0xff, 0xfd,
    0x10, 0x0, 0x0, 0x0, 0x0, 0x0, 0x0, 0x0,
    0x0, 0xaf, 0xff, 0xb0, 0x0, 0x0, 0x0, 0x0,
    0x0, 0x0, 0x0, 0x0, 0x8, 0xff, 0xf8, 0x0,
    0x0, 0x0, 0x0, 0x0, 0x0, 0x0, 0x0, 0x0,
    0x1, 0x11, 0x10, 0x0, 0x0, 0x0, 0x0, 0x0,
    0x0, 0x0, 0x0, 0x0, 0x0, 0x0, 0x0, 0x0,
    0x0, 0x0, 0x0, 0x0, 0x2f, 0xff, 0xff, 0x50,
    0x0, 0x0, 0x0, 0x0, 0x4, 0xff, 0xff, 0xc0,
    0x9, 0xff, 0xff, 0xe0, 0x0, 0x0, 0x0, 0x0,
    0xd, 0xff, 0xff, 0x30, 0x1, 0xef, 0xff, 0xf8,
    0x0, 0x0, 0x0, 0x0, 0x7f, 0xff, 0xfa, 0x0,
    0x0, 0x6f, 0xff, 0xff, 0x20, 0x0, 0x0, 0x1,
    0xff, 0xff, 0xf1, 0x0, 0x0, 0xc, 0xff, 0xff,
    0xa0, 0x0, 0x0, 0x9, 0xff, 0xff, 0x70, 0x0,
    0x0, 0x3, 0xff, 0xff, 0xf4, 0x0, 0x0, 0x3f,
    0xff, 0xfd, 0x0, 0x0, 0x0, 0x0, 0xaf, 0xff,
    0xfd, 0x0, 0x0, 0xcf, 0xff, 0xf4, 0x0, 0x0,
    0x0, 0x0, 0x1f, 0xff, 0xff, 0x60, 0x6, 0xff,
    0xff, 0xb0, 0x0, 0x0, 0x0, 0x0, 0x7, 0xff,
    0xff, 0xe1, 0xe, 0xff, 0xff, 0x20, 0x0, 0x0,
    0x0, 0x0, 0x0, 0xdf, 0xff, 0xf9, 0x9f, 0xff,
    0xf8, 0x0, 0x0, 0x0, 0x0, 0x0, 0x0, 0x4f,
    0xff, 0xff, 0xff, 0xff, 0xe0, 0x0, 0x0, 0x0,
    0x0, 0x0, 0x0, 0xb, 0xff, 0xff, 0xff, 0xff,
    0x50, 0x0, 0x0, 0x0, 0x0, 0x0, 0x0, 0x2,
    0xff, 0xff, 0xff, 0xfc, 0x0, 0x0, 0x0, 0x0,
    0x0, 0x0, 0x0, 0x0, 0x8f, 0xff, 0xff, 0xf3,
    0x0, 0x0, 0x0, 0x0, 0x0, 0x0, 0x0, 0x0,
    0xe, 0xff, 0xff, 0x90, 0x0, 0x0, 0x0, 0x0,
    0x0, 0x0, 0x0, 0x0, 0xc, 0xff, 0xff, 0x60,
    0x0, 0x0, 0x0, 0x0, 0x0, 0x0, 0x0, 0x0,
    0xc, 0xff, 0xff, 0x60, 0x0, 0x0, 0x0, 0x0,
    0x0, 0x0, 0x0, 0x0, 0xc, 0xff, 0xff, 0x60,
    0x0, 0x0, 0x0, 0x0, 0x0, 0x0, 0x0, 0x0,
    0xc, 0xff, 0xff, 0x60, 0x0, 0x0, 0x0, 0x0,
    0x0, 0x0, 0x0, 0x0, 0xc, 0xff, 0xff, 0x60,
    0x0, 0x0, 0x0, 0x0, 0x0, 0x0, 0x0, 0x0,
    0xc, 0xff, 0xff, 0x60, 0x0, 0x0, 0x0, 0x0,
    0x0, 0x0, 0x0, 0x0, 0xc, 0xff, 0xff, 0x60,
    0x0, 0x0, 0x0, 0x0, 0x0, 0x0, 0x0, 0x0,
    0xc, 0xff, 0xff, 0x60, 0x0, 0x0, 0x0, 0x0,

    /* U+00DE "Þ" */
    0x5f, 0xff, 0xfd, 0x0, 0x0, 0x0, 0x0, 0x0,
    0x0, 0x0, 0x5, 0xff, 0xff, 0xd0, 0x0, 0x0,
    0x0, 0x0, 0x0, 0x0, 0x0, 0x5f, 0xff, 0xfe,
    0x55, 0x55, 0x54, 0x30, 0x0, 0x0, 0x0, 0x5,
    0xff, 0xff, 0xff, 0xff, 0xff, 0xff, 0xfb, 0x50,
    0x0, 0x0, 0x5f, 0xff, 0xff, 0xff, 0xff, 0xff,
    0xff, 0xff, 0xc2, 0x0, 0x5, 0xff, 0xff, 0xff,
    0xff, 0xff, 0xff, 0xff, 0xff, 0xe2, 0x0, 0x5f,
    0xff, 0xff, 0xff, 0xff, 0xff, 0xff, 0xff, 0xff,
    0xc0, 0x5, 0xff, 0xff, 0xd0, 0x0, 0x0, 0x26,
    0xef, 0xff, 0xff, 0x50, 0x5f, 0xff, 0xfd, 0x0,
    0x0, 0x0, 0x1, 0xef, 0xff, 0xfb, 0x5, 0xff,
    0xff, 0xd0, 0x0, 0x0, 0x0, 0x6, 0xff, 0xff,
    0xf0, 0x5f, 0xff, 0xfd, 0x0, 0x0, 0x0, 0x0,
    0x3f, 0xff, 0xff, 0x5, 0xff, 0xff, 0xd0, 0x0,
    0x0, 0x0, 0x3, 0xff, 0xff, 0xf0, 0x5f, 0xff,
    0xfd, 0x0, 0x0, 0x0, 0x0, 0x6f, 0xff, 0xff,
    0x5, 0xff, 0xff, 0xd0, 0x0, 0x0, 0x0, 0x1e,
    0xff, 0xff, 0xb0, 0x5f, 0xff, 0xfd, 0x0, 0x0,
    0x2, 0x6e, 0xff, 0xff, 0xf5, 0x5, 0xff, 0xff,
    0xff, 0xff, 0xff, 0xff, 0xff, 0xff, 0xfc, 0x0,
    0x5f, 0xff, 0xff, 0xff, 0xff, 0xff, 0xff, 0xff,
    0xfe, 0x20, 0x5, 0xff, 0xff, 0xff, 0xff, 0xff,
    0xff, 0xff, 0xfc, 0x10, 0x0, 0x5f, 0xff, 0xff,
    0xff, 0xff, 0xff, 0xff, 0xb5, 0x0, 0x0, 0x5,
    0xff, 0xff, 0xe5, 0x55, 0x55, 0x42, 0x0, 0x0,
    0x0, 0x0, 0x5f, 0xff, 0xfd, 0x0, 0x0, 0x0,
    0x0, 0x0, 0x0, 0x0, 0x5, 0xff, 0xff, 0xd0,
    0x0, 0x0, 0x0, 0x0, 0x0, 0x0, 0x0, 0x5f,
    0xff, 0xfd, 0x0, 0x0, 0x0, 0x0, 0x0, 0x0,
    0x0, 0x0,

    /* U+00DF "ß" */
    0x0, 0x0, 0x4, 0xad, 0xff, 0xdb, 0x60, 0x0,
    0x0, 0x0, 0x0, 0x3, 0xdf, 0xff, 0xff, 0xff,
    0xfe, 0x50, 0x0, 0x0, 0x0, 0x5f, 0xff, 0xff,
    0xff, 0xff, 0xff, 0xf6, 0x0, 0x0, 0x3, 0xff,
    0xff, 0xff, 0xff, 0xff, 0xff, 0xff, 0x30, 0x0,
    0xc, 0xff, 0xff, 0xe7, 0x34, 0x7f, 0xff, 0xff,
    0xa0, 0x0, 0x3f, 0xff, 0xff, 0x20, 0x0, 0x3,
    0xff, 0xff, 0xf0, 0x0, 0x7f, 0xff, 0xf9, 0x0,
    0x0, 0x0, 0xbf, 0xff, 0xf2, 0x0, 0x9f, 0xff,
    0xf6, 0x0, 0x0, 0x0, 0x9f, 0xff, 0xf2, 0x0,
    0xaf, 0xff, 0xf4, 0x0, 0x0, 0x0, 0xcf, 0xff,
    0xf0, 0x0, 0xbf, 0xff, 0xf4, 0x0, 0x0, 0x4,
    0xff, 0xff, 0xa0, 0x0, 0xbf, 0xff, 0xf4, 0x0,
    0x3, 0x8f, 0xff, 0xff, 0x20, 0x0, 0xbf, 0xff,
    0xf4, 0x0, 0x8f, 0xff, 0xff, 0xf5, 0x0, 0x0,
    0xbf, 0xff, 0xf4, 0x0, 0x8f, 0xff, 0xff, 0xf9,
    0x20, 0x0, 0xbf, 0xff, 0xf4, 0x0, 0x8f, 0xff,
    0xff, 0xff, 0xf3, 0x0, 0xbf, 0xff, 0xf4, 0x0,
    0x8f, 0xff, 0xff, 0xff, 0xff, 0x20, 0xbf, 0xff,
    0xf4, 0x0, 0x0, 0x2, 0x8f, 0xff, 0xff, 0xa0,
    0xbf, 0xff, 0xf4, 0x0, 0x0, 0x0, 0x4, 0xff,
    0xff, 0xf0, 0xbf, 0xff, 0xf4, 0x0, 0x0, 0x0,
    0x0, 0xff, 0xff, 0xf1, 0xbf, 0xff, 0xf4, 0x0,
    0x0, 0x0, 0x0, 0xff, 0xff, 0xf2, 0xbf, 0xff,
    0xf4, 0x0, 0x0, 0x0, 0x7, 0xff, 0xff, 0xf0,
    0xbf, 0xff, 0xf4, 0x1, 0x74, 0x35, 0xaf, 0xff,
    0xff, 0xb0, 0xbf, 0xff, 0xf4, 0x4, 0xff, 0xff,
    0xff, 0xff, 0xff, 0x40, 0xbf, 0xff, 0xf4, 0x6,
    0xff, 0xff, 0xff, 0xff, 0xf7, 0x0, 0xbf, 0xff,
    0xf4, 0x8, 0xff, 0xff, 0xff, 0xff, 0x60, 0x0,
    0xbf, 0xff, 0xf4, 0x7, 0xef, 0xff, 0xdb, 0x61,
    0x0, 0x0,

    /* U+00E0 "à" */
    0x0, 0x6f, 0xff, 0xfc, 0x0, 0x0, 0x0, 0x0,
    0x0, 0x0, 0x3e, 0xff, 0xfc, 0x0, 0x0, 0x0,
    0x0, 0x0, 0x0, 0x1b, 0xff, 0xfb, 0x0, 0x0,
    0x0, 0x0, 0x0, 0x0, 0x8, 0xff, 0xfb, 0x0,
    0x0, 0x0, 0x0, 0x0, 0x0, 0x4, 0x88, 0x83,
    0x0, 0x0, 0x0, 0x0, 0x0, 0x0, 0x0, 0x0,
    0x0, 0x0, 0x0, 0x0, 0x0, 0x0, 0x0, 0x0,
    0x0, 0x0, 0x0, 0x0, 0x0, 0x27, 0xbd, 0xff,
    0xec, 0x93, 0x0, 0x0, 0x4, 0xcf, 0xff, 0xff,
    0xff, 0xff, 0xfa, 0x10, 0x0, 0xef, 0xff, 0xff,
    0xff, 0xff, 0xff, 0xfc, 0x0, 0x7, 0xff, 0xff,
    0xff, 0xff, 0xff, 0xff, 0xf8, 0x0, 0xe, 0xe9,
    0x52, 0x12, 0x5d, 0xff, 0xff, 0xf0, 0x0, 0x30,
    0x0, 0x0, 0x0, 0x1d, 0xff, 0xff, 0x40, 0x0,
    0x0, 0x0, 0x0, 0x0, 0x8f, 0xff, 0xf6, 0x0,
    0x5, 0xad, 0xff, 0xff, 0xff, 0xff, 0xff, 0x80,
    0x2d, 0xff, 0xff, 0xff, 0xff, 0xff, 0xff, 0xf8,
    0xd, 0xff, 0xff, 0xff, 0xff, 0xff, 0xff, 0xff,
    0x87, 0xff, 0xff, 0xd3, 0x0, 0x0, 0x7f, 0xff,
    0xf8, 0xbf, 0xff, 0xf3, 0x0, 0x0, 0x7, 0xff,
    0xff, 0x8c, 0xff, 0xff, 0x10, 0x0, 0x0, 0xbf,
    0xff, 0xf8, 0xbf, 0xff, 0xf7, 0x0, 0x0, 0x8f,
    0xff, 0xff, 0x86, 0xff, 0xff, 0xfb, 0x88, 0xdf,
    0xff, 0xff, 0xf8, 0xd, 0xff, 0xff, 0xff, 0xff,
    0xff, 0xff, 0xff, 0x80, 0x2d, 0xff, 0xff, 0xff,
    0xfe, 0x5f, 0xff, 0xf8, 0x0, 0x6, 0xbe, 0xfe,
    0xc8, 0x12, 0xff, 0xff, 0x80,

    /* U+00E1 "á" */
    0x0, 0x0, 0x0, 0x0, 0x5, 0xff, 0xff, 0xc1,
    0x0, 0x0, 0x0, 0x0, 0x4, 0xff, 0xff, 0x90,
    0x0, 0x0, 0x0, 0x0, 0x4, 0xff, 0xff, 0x50,
    0x0, 0x0, 0x0, 0x0, 0x3, 0xff, 0xfd, 0x20,
    0x0, 0x0, 0x0, 0x0, 0x0, 0x78, 0x87, 0x0,
    0x0, 0x0, 0x0, 0x0, 0x0, 0x0, 0x0, 0x0,
    0x0, 0x0, 0x0, 0x0, 0x0, 0x0, 0x0, 0x0,
    0x0, 0x0, 0x0, 0x0, 0x0, 0x27, 0xbd, 0xff,
    0xec, 0x93, 0x0, 0x0, 0x4, 0xcf, 0xff, 0xff,
    0xff, 0xff, 0xfa, 0x10, 0x0, 0xef, 0xff, 0xff,
    0xff, 0xff, 0xff, 0xfc, 0x0, 0x7, 0xff, 0xff,
    0xff, 0xff, 0xff, 0xff, 0xf8, 0x0, 0xe, 0xe9,
    0x52, 0x12, 0x5d, 0xff, 0xff, 0xf0, 0x0, 0x30,
    0x0, 0x0, 0x0, 0x1d, 0xff, 0xff, 0x40, 0x0,
    0x0, 0x0, 0x0, 0x0, 0x8f, 0xff, 0xf6, 0x0,
    0x5, 0xad, 0xff, 0xff, 0xff, 0xff, 0xff, 0x80,
    0x2d, 0xff, 0xff, 0xff, 0xff, 0xff, 0xff, 0xf8,
    0xd, 0xff, 0xff, 0xff, 0xff, 0xff, 0xff, 0xff,
    0x87, 0xff, 0xff, 0xd3, 0x0, 0x0, 0x7f, 0xff,
    0xf8, 0xbf, 0xff, 0xf3, 0x0, 0x0, 0x7, 0xff,
    0xff, 0x8c, 0xff, 0xff, 0x10, 0x0, 0x0, 0xbf,
    0xff, 0xf8, 0xbf, 0xff, 0xf7, 0x0, 0x0, 0x8f,
    0xff, 0xff, 0x86, 0xff, 0xff, 0xfb, 0x88, 0xdf,
    0xff, 0xff, 0xf8, 0xd, 0xff, 0xff, 0xff, 0xff,
    0xff, 0xff, 0xff, 0x80, 0x2d, 0xff, 0xff, 0xff,
    0xfe, 0x5f, 0xff, 0xf8, 0x0, 0x6, 0xbe, 0xfe,
    0xc8, 0x12, 0xff, 0xff, 0x80,

    /* U+00E2 "â" */
    0x0, 0x0, 0x1, 0xdf, 0xff, 0xf6, 0x0, 0x0,
    0x0, 0x0, 0x0, 0xcf, 0xff, 0xff, 0xf6, 0x0,
    0x0, 0x0, 0x0, 0xcf, 0xff, 0x6c, 0xff, 0xf5,
    0x0, 0x0, 0x0, 0xbf, 0xfe, 0x30, 0x9, 0xff,
    0xf4, 0x0, 0x0, 0x38, 0x87, 0x20, 0x0, 0x6,
    0x88, 0x70, 0x0, 0x0, 0x0, 0x0, 0x0, 0x0,
    0x0, 0x0, 0x0, 0x0, 0x0, 0x0, 0x0, 0x0,
    0x0, 0x0, 0x0, 0x0, 0x0, 0x27, 0xbd, 0xff,
    0xec, 0x93, 0x0, 0x0, 0x4, 0xcf, 0xff, 0xff,
    0xff, 0xff, 0xfa, 0x10, 0x0, 0xef, 0xff, 0xff,
    0xff, 0xff, 0xff, 0xfc, 0x0, 0x7, 0xff, 0xff,
    0xff, 0xff, 0xff, 0xff, 0xf8, 0x0, 0xe, 0xe9,
    0x52, 0x12, 0x5d, 0xff, 0xff, 0xf0, 0x0, 0x30,
    0x0, 0x0, 0x0, 0x1d, 0xff, 0xff, 0x40, 0x0,
    0x0, 0x0, 0x0, 0x0, 0x8f, 0xff, 0xf6, 0x0,
    0x5, 0xad, 0xff, 0xff, 0xff, 0xff, 0xff, 0x80,
    0x2d, 0xff, 0xff, 0xff, 0xff, 0xff, 0xff, 0xf8,
    0xd, 0xff, 0xff, 0xff, 0xff, 0xff, 0xff, 0xff,
    0x87, 0xff, 0xff, 0xd3, 0x0, 0x0, 0x7f, 0xff,
    0xf8, 0xbf, 0xff, 0xf3, 0x0, 0x0, 0x7, 0xff,
    0xff, 0x8c, 0xff, 0xff, 0x10, 0x0, 0x0, 0xbf,
    0xff, 0xf8, 0xbf, 0xff, 0xf7, 0x0, 0x0, 0x8f,
    0xff, 0xff, 0x86, 0xff, 0xff, 0xfb, 0x88, 0xdf,
    0xff, 0xff, 0xf8, 0xd, 0xff, 0xff, 0xff, 0xff,
    0xff, 0xff, 0xff, 0x80, 0x2d, 0xff, 0xff, 0xff,
    0xfe, 0x5f, 0xff, 0xf8, 0x0, 0x6, 0xbe, 0xfe,
    0xc8, 0x12, 0xff, 0xff, 0x80,

    /* U+00E3 "ã" */
    0x0, 0x0, 0x6d, 0xfc, 0x40, 0x0, 0x7b, 0x90,
    0x0, 0x0, 0x6f, 0xff, 0xff, 0xa1, 0x3f, 0xfb,
    0x0, 0x0, 0xe, 0xff, 0xff, 0xff, 0xff, 0xff,
    0x60, 0x0, 0x2, 0xff, 0xa0, 0x3d, 0xff, 0xff,
    0xd0, 0x0, 0x0, 0x4e, 0xe3, 0x0, 0x8, 0xde,
    0xa1, 0x0, 0x0, 0x0, 0x0, 0x0, 0x0, 0x0,
    0x0, 0x0, 0x0, 0x0, 0x0, 0x0, 0x0, 0x0,
    0x0, 0x0, 0x0, 0x0, 0x0, 0x27, 0xbd, 0xff,
    0xec, 0x93, 0x0, 0x0, 0x4, 0xcf, 0xff, 0xff,
    0xff, 0xff, 0xfa, 0x10, 0x0, 0xef, 0xff, 0xff,
    0xff, 0xff, 0xff, 0xfc, 0x0, 0x7, 0xff, 0xff,
    0xff, 0xff, 0xff, 0xff, 0xf8, 0x0, 0xe, 0xe9,
    0x52, 0x12, 0x5d, 0xff, 0xff, 0xf0, 0x0, 0x30,
    0x0, 0x0, 0x0, 0x1d, 0xff, 0xff, 0x40, 0x0,
    0x0, 0x0, 0x0, 0x0, 0x8f, 0xff, 0xf6, 0x0,
    0x5, 0xad, 0xff, 0xff, 0xff, 0xff, 0xff, 0x80,
    0x2d, 0xff, 0xff, 0xff, 0xff, 0xff, 0xff, 0xf8,
    0xd, 0xff, 0xff, 0xff, 0xff, 0xff, 0xff, 0xff,
    0x87, 0xff, 0xff, 0xd3, 0x0, 0x0, 0x7f, 0xff,
    0xf8, 0xbf, 0xff, 0xf3, 0x0, 0x0, 0x7, 0xff,
    0xff, 0x8c, 0xff, 0xff, 0x10, 0x0, 0x0, 0xbf,
    0xff, 0xf8, 0xbf, 0xff, 0xf7, 0x0, 0x0, 0x8f,
    0xff, 0xff, 0x86, 0xff, 0xff, 0xfb, 0x88, 0xdf,
    0xff, 0xff, 0xf8, 0xd, 0xff, 0xff, 0xff, 0xff,
    0xff, 0xff, 0xff, 0x80, 0x2d, 0xff, 0xff, 0xff,
    0xfe, 0x5f, 0xff, 0xf8, 0x0, 0x6, 0xbe, 0xfe,
    0xc8, 0x12, 0xff, 0xff, 0x80,

    /* U+00E4 "ä" */
    0x0, 0x1, 0xbf, 0xb1, 0x0, 0x5e, 0xe6, 0x0,
    0x0, 0x0, 0x8f, 0xff, 0x90, 0x1f, 0xff, 0xf1,
    0x0, 0x0, 0xa, 0xff, 0xfa, 0x2, 0xff, 0xff,
    0x20, 0x0, 0x0, 0x5f, 0xff, 0x50, 0xd, 0xff,
    0xd0, 0x0, 0x0, 0x0, 0x48, 0x40, 0x0, 0x17,
    0x71, 0x0, 0x0, 0x0, 0x0, 0x0, 0x0, 0x0,
    0x0, 0x0, 0x0, 0x0, 0x0, 0x0, 0x0, 0x0,
    0x0, 0x0, 0x0, 0x0, 0x0, 0x27, 0xbd, 0xff,
    0xec, 0x93, 0x0, 0x0, 0x4, 0xcf, 0xff, 0xff,
    0xff, 0xff, 0xfa, 0x10, 0x0, 0xef, 0xff, 0xff,
    0xff, 0xff, 0xff, 0xfc, 0x0, 0x7, 0xff, 0xff,
    0xff, 0xff, 0xff, 0xff, 0xf8, 0x0, 0xe, 0xe9,
    0x52, 0x12, 0x5d, 0xff, 0xff, 0xf0, 0x0, 0x30,
    0x0, 0x0, 0x0, 0x1d, 0xff, 0xff, 0x40, 0x0,
    0x0, 0x0, 0x0, 0x0, 0x8f, 0xff, 0xf6, 0x0,
    0x5, 0xad, 0xff, 0xff, 0xff, 0xff, 0xff, 0x80,
    0x2d, 0xff, 0xff, 0xff, 0xff, 0xff, 0xff, 0xf8,
    0xd, 0xff, 0xff, 0xff, 0xff, 0xff, 0xff, 0xff,
    0x87, 0xff, 0xff, 0xd3, 0x0, 0x0, 0x7f, 0xff,
    0xf8, 0xbf, 0xff, 0xf3, 0x0, 0x0, 0x7, 0xff,
    0xff, 0x8c, 0xff, 0xff, 0x10, 0x0, 0x0, 0xbf,
    0xff, 0xf8, 0xbf, 0xff, 0xf7, 0x0, 0x0, 0x8f,
    0xff, 0xff, 0x86, 0xff, 0xff, 0xfb, 0x88, 0xdf,
    0xff, 0xff, 0xf8, 0xd, 0xff, 0xff, 0xff, 0xff,
    0xff, 0xff, 0xff, 0x80, 0x2d, 0xff, 0xff, 0xff,
    0xfe, 0x5f, 0xff, 0xf8, 0x0, 0x6, 0xbe, 0xfe,
    0xc8, 0x12, 0xff, 0xff, 0x80,

    /* U+00E5 "å" */
    0x0, 0x0, 0x0, 0x4c, 0xfe, 0x80, 0x0, 0x0,
    0x0, 0x0, 0x0, 0x5f, 0xff, 0xff, 0xc0, 0x0,
    0x0, 0x0, 0x0, 0xe, 0xf8, 0x3, 0xef, 0x60,
    0x0, 0x0, 0x0, 0x2, 0xfe, 0x0, 0x6, 0xfa,
    0x0, 0x0, 0x0, 0x0, 0x2f, 0xe0, 0x0, 0x6f,
    0xa0, 0x0, 0x0, 0x0, 0x0, 0xef, 0x80, 0x2d,
    0xf6, 0x0, 0x0, 0x0, 0x0, 0x5, 0xff, 0xff,
    0xfc, 0x0, 0x0, 0x0, 0x0, 0x0, 0x4, 0xcf,
    0xe9, 0x10, 0x0, 0x0, 0x0, 0x0, 0x0, 0x0,
    0x0, 0x0, 0x0, 0x0, 0x0, 0x0, 0x0, 0x0,
    0x0, 0x0, 0x0, 0x0, 0x0, 0x0, 0x2, 0x7b,
    0xdf, 0xfe, 0xc9, 0x30, 0x0, 0x0, 0x4c, 0xff,
    0xff, 0xff, 0xff, 0xff, 0xa1, 0x0, 0xe, 0xff,
    0xff, 0xff, 0xff, 0xff, 0xff, 0xc0, 0x0, 0x7f,
    0xff, 0xff, 0xff, 0xff, 0xff, 0xff, 0x80, 0x0,
    0xee, 0x95, 0x21, 0x25, 0xdf, 0xff, 0xff, 0x0,
    0x3, 0x0, 0x0, 0x0, 0x1, 0xdf, 0xff, 0xf4,
    0x0, 0x0, 0x0, 0x0, 0x0, 0x8, 0xff, 0xff,
    0x60, 0x0, 0x5a, 0xdf, 0xff, 0xff, 0xff, 0xff,
    0xf8, 0x2, 0xdf, 0xff, 0xff, 0xff, 0xff, 0xff,
    0xff, 0x80, 0xdf, 0xff, 0xff, 0xff, 0xff, 0xff,
    0xff, 0xf8, 0x7f, 0xff, 0xfd, 0x30, 0x0, 0x7,
    0xff, 0xff, 0x8b, 0xff, 0xff, 0x30, 0x0, 0x0,
    0x7f, 0xff, 0xf8, 0xcf, 0xff, 0xf1, 0x0, 0x0,
    0xb, 0xff, 0xff, 0x8b, 0xff, 0xff, 0x70, 0x0,
    0x8, 0xff, 0xff, 0xf8, 0x6f, 0xff, 0xff, 0xb8,
    0x8d, 0xff, 0xff, 0xff, 0x80, 0xdf, 0xff, 0xff,
    0xff, 0xff, 0xff, 0xff, 0xf8, 0x2, 0xdf, 0xff,
    0xff, 0xff, 0xe5, 0xff, 0xff, 0x80, 0x0, 0x6b,
    0xef, 0xec, 0x81, 0x2f, 0xff, 0xf8,

    /* U+00E6 "æ" */
    0x0, 0x2, 0x7b, 0xef, 0xfe, 0xc8, 0x10, 0x0,
    0x5, 0xad, 0xff, 0xda, 0x50, 0x0, 0x0, 0x4,
    0xcf, 0xff, 0xff, 0xff, 0xff, 0xf7, 0x4, 0xdf,
    0xff, 0xff, 0xff, 0xfd, 0x20, 0x0, 0xe, 0xff,
    0xff, 0xff, 0xff, 0xff, 0xff, 0xbf, 0xff, 0xff,
    0xff, 0xff, 0xff, 0xf5, 0x0, 0x7, 0xff, 0xff,
    0xff, 0xff, 0xff, 0xff, 0xff, 0xff, 0xff, 0xff,
    0xff, 0xff, 0xff, 0x30, 0x0, 0xee, 0x95, 0x21,
    0x25, 0xdf, 0xff, 0xff, 0xff, 0xa4, 0x22, 0x6d,
    0xff, 0xff, 0xd0, 0x0, 0x30, 0x0, 0x0, 0x0,
    0x1d, 0xff, 0xff, 0xf6, 0x0, 0x0, 0x0, 0xbf,
    0xff, 0xf4, 0x0, 0x0, 0x0, 0x0, 0x0, 0x8,
    0xff, 0xff, 0xc0, 0x0, 0x0, 0x0, 0x3f, 0xff,
    0xf9, 0x0, 0x5, 0x9d, 0xef, 0xff, 0xff, 0xff,
    0xff, 0xff, 0xff, 0xff, 0xff, 0xff, 0xff, 0xfb,
    0x2, 0xcf, 0xff, 0xff, 0xff, 0xff, 0xff, 0xff,
    0xff, 0xff, 0xff, 0xff, 0xff, 0xff, 0xfc, 0xd,
    0xff, 0xff, 0xff, 0xff, 0xff, 0xff, 0xff, 0xff,
    0xff, 0xff, 0xff, 0xff, 0xff, 0xfc, 0x7f, 0xff,
    0xfd, 0x30, 0x0, 0x7, 0xff, 0xff, 0xc0, 0x0,
    0x0, 0x0, 0x0, 0x0, 0x0, 0xbf, 0xff, 0xf3,
    0x0, 0x0, 0x8, 0xff, 0xff, 0xf3, 0x0, 0x0,
    0x0, 0x0, 0x0, 0x0, 0xcf, 0xff, 0xf1, 0x0,
    0x0, 0xc, 0xff, 0xff, 0xfe, 0x10, 0x0, 0x0,
    0x9, 0x50, 0x0, 0xaf, 0xff, 0xf8, 0x0, 0x0,
    0x7f, 0xff, 0xff, 0xff, 0xe7, 0x32, 0x37, 0xef,
    0xf3, 0x0, 0x5f, 0xff, 0xff, 0xb8, 0x9c, 0xff,
    0xff, 0xff, 0xff, 0xff, 0xff, 0xff, 0xff, 0xfe,
    0x10, 0xb, 0xff, 0xff, 0xff, 0xff, 0xff, 0xf9,
    0x5f, 0xff, 0xff, 0xff, 0xff, 0xff, 0xfe, 0x30,
    0x0, 0xbf, 0xff, 0xff, 0xff, 0xff, 0x80, 0x4,
    0xdf, 0xff, 0xff, 0xff, 0xff, 0xc2, 0x0, 0x0,
    0x4, 0x9d, 0xff, 0xec, 0x82, 0x0, 0x0, 0x4,
    0x9d, 0xef, 0xed, 0x94, 0x0, 0x0,

    /* U+00E7 "ç" */
    0x0, 0x0, 0x3, 0x8c, 0xef, 0xfd, 0x93, 0x0,
    0x0, 0x0, 0x1, 0xbf, 0xff, 0xff, 0xff, 0xff,
    0xb1, 0x0, 0x0, 0x3e, 0xff, 0xff, 0xff, 0xff,
    0xff, 0xfe, 0x10, 0x2, 0xef, 0xff, 0xff, 0xff,
    0xff, 0xff, 0xff, 0xc0, 0xc, 0xff, 0xff, 0xfb,
    0x53, 0x5b, 0xff, 0xff, 0xe2, 0x4f, 0xff, 0xff,
    0x60, 0x0, 0x0, 0x6f, 0xf7, 0x0, 0xaf, 0xff,
    0xfa, 0x0, 0x0, 0x0, 0x5, 0x10, 0x0, 0xdf,
    0xff, 0xf4, 0x0, 0x0, 0x0, 0x0, 0x0, 0x0,
    0xff, 0xff, 0xf1, 0x0, 0x0, 0x0, 0x0, 0x0,
    0x0, 0xff, 0xff, 0xf1, 0x0, 0x0, 0x0, 0x0,
    0x0, 0x0, 0xdf, 0xff, 0xf4, 0x0, 0x0, 0x0,
    0x0, 0x0, 0x0, 0xaf, 0xff, 0xfa, 0x0, 0x0,
    0x0, 0x5, 0x10, 0x0, 0x4f, 0xff, 0xff, 0x60,
    0x0, 0x0, 0x6f, 0xf7, 0x0, 0xc, 0xff, 0xff,
    0xfb, 0x53, 0x5a, 0xff, 0xff, 0xe2, 0x2, 0xef,
    0xff, 0xff, 0xff, 0xff, 0xff, 0xff, 0xc0, 0x0,
    0x4e, 0xff, 0xff, 0xff, 0xff, 0xff, 0xfe, 0x10,
    0x0, 0x1, 0xbf, 0xff, 0xff, 0xff, 0xff, 0xb1,
    0x0, 0x0, 0x0, 0x3, 0x9e, 0xff, 0xfd, 0x93,
    0x0, 0x0, 0x0, 0x0, 0x0, 0x6, 0xff, 0x30,
    0x0, 0x0, 0x0, 0x0, 0x0, 0x0, 0xa, 0xff,
    0x82, 0x0, 0x0, 0x0, 0x0, 0x0, 0x0, 0xd,
    0xff, 0xff, 0x40, 0x0, 0x0, 0x0, 0x0, 0x0,
    0x0, 0x9, 0xff, 0xb0, 0x0, 0x0, 0x0, 0x0,
    0x1, 0x40, 0x9, 0xff, 0xc0, 0x0, 0x0, 0x0,
    0x0, 0x7, 0xff, 0xff, 0xff, 0x70, 0x0, 0x0,
    0x0, 0x0, 0xa, 0xff, 0xff, 0xe7, 0x0, 0x0,
    0x0, 0x0, 0x0, 0x0, 0x35, 0x54, 0x0, 0x0,
    0x0, 0x0,

    /* U+00E8 "è" */
    0x0, 0x2d, 0xff, 0xff, 0x30, 0x0, 0x0, 0x0,
    0x0, 0x0, 0x0, 0xa, 0xff, 0xff, 0x30, 0x0,
    0x0, 0x0, 0x0, 0x0, 0x0, 0x7, 0xff, 0xfe,
    0x20, 0x0, 0x0, 0x0, 0x0, 0x0, 0x0, 0x4,
    0xef, 0xfe, 0x20, 0x0, 0x0, 0x0, 0x0, 0x0,
    0x0, 0x1, 0x78, 0x86, 0x0, 0x0, 0x0, 0x0,
    0x0, 0x0, 0x0, 0x0, 0x0, 0x0, 0x0, 0x0,
    0x0, 0x0, 0x0, 0x0, 0x0, 0x0, 0x0, 0x0,
    0x0, 0x0, 0x0, 0x0, 0x0, 0x4a, 0xdf, 0xfe,
    0xb7, 0x10, 0x0, 0x0, 0x0, 0x2, 0xcf, 0xff,
    0xff, 0xff, 0xff, 0x60, 0x0, 0x0, 0x4, 0xff,
    0xff, 0xff, 0xff, 0xff, 0xff, 0xa0, 0x0, 0x2,
    0xff, 0xff, 0xff, 0xfe, 0xff, 0xff, 0xff, 0x80,
    0x0, 0xdf, 0xff, 0xfb, 0x30, 0x1, 0x7f, 0xff,
    0xff, 0x30, 0x5f, 0xff, 0xfb, 0x0, 0x0, 0x0,
    0x4f, 0xff, 0xfa, 0xa, 0xff, 0xff, 0x30, 0x0,
    0x0, 0x0, 0xbf, 0xff, 0xe0, 0xdf, 0xff, 0xff,
    0xff, 0xff, 0xff, 0xff, 0xff, 0xff, 0x1f, 0xff,
    0xff, 0xff, 0xff, 0xff, 0xff, 0xff, 0xff, 0xf2,
    0xff, 0xff, 0xff, 0xff, 0xff, 0xff, 0xff, 0xff,
    0xff, 0x1d, 0xff, 0xff, 0x30, 0x0, 0x0, 0x0,
    0x0, 0x0, 0x0, 0xaf, 0xff, 0xfa, 0x0, 0x0,
    0x0, 0x0, 0x0, 0x0, 0x4, 0xff, 0xff, 0xf7,
    0x0, 0x0, 0x0, 0x4a, 0x0, 0x0, 0xc, 0xff,
    0xff, 0xfb, 0x52, 0x25, 0xaf, 0xf9, 0x0, 0x0,
    0x2e, 0xff, 0xff, 0xff, 0xff, 0xff, 0xff, 0xf6,
    0x0, 0x0, 0x3e, 0xff, 0xff, 0xff, 0xff, 0xff,
    0xff, 0x80, 0x0, 0x0, 0x1b, 0xff, 0xff, 0xff,
    0xff, 0xfe, 0x60, 0x0, 0x0, 0x0, 0x3, 0x8c,
    0xef, 0xfd, 0xb6, 0x0, 0x0, 0x0,

    /* U+00E9 "é" */
    0x0, 0x0, 0x0, 0x0, 0x1, 0xdf, 0xff, 0xf4,
    0x0, 0x0, 0x0, 0x0, 0x0, 0x1, 0xdf, 0xff,
    0xd2, 0x0, 0x0, 0x0, 0x0, 0x0, 0x1, 0xcf,
    0xff, 0xa0, 0x0, 0x0, 0x0, 0x0, 0x0, 0x0,
    0xcf, 0xff, 0x60, 0x0, 0x0, 0x0, 0x0, 0x0,
    0x0, 0x48, 0x88, 0x30, 0x0, 0x0, 0x0, 0x0,
    0x0, 0x0, 0x0, 0x0, 0x0, 0x0, 0x0, 0x0,
    0x0, 0x0, 0x0, 0x0, 0x0, 0x0, 0x0, 0x0,
    0x0, 0x0, 0x0, 0x0, 0x0, 0x4a, 0xdf, 0xfe,
    0xb7, 0x10, 0x0, 0x0, 0x0, 0x2, 0xcf, 0xff,
    0xff, 0xff, 0xff, 0x60, 0x0, 0x0, 0x4, 0xff,
    0xff, 0xff, 0xff, 0xff, 0xff, 0xa0, 0x0, 0x2,
    0xff, 0xff, 0xff, 0xfe, 0xff, 0xff, 0xff, 0x80,
    0x0, 0xdf, 0xff, 0xfb, 0x30, 0x1, 0x7f, 0xff,
    0xff, 0x30, 0x5f, 0xff, 0xfb, 0x0, 0x0, 0x0,
    0x4f, 0xff, 0xfa, 0xa, 0xff, 0xff, 0x30, 0x0,
    0x0, 0x0, 0xbf, 0xff, 0xe0, 0xdf, 0xff, 0xff,
    0xff, 0xff, 0xff, 0xff, 0xff, 0xff, 0x1f, 0xff,
    0xff, 0xff, 0xff, 0xff, 0xff, 0xff, 0xff, 0xf2,
    0xff, 0xff, 0xff, 0xff, 0xff, 0xff, 0xff, 0xff,
    0xff, 0x1d, 0xff, 0xff, 0x30, 0x0, 0x0, 0x0,
    0x0, 0x0, 0x0, 0xaf, 0xff, 0xfa, 0x0, 0x0,
    0x0, 0x0, 0x0, 0x0, 0x4, 0xff, 0xff, 0xf7,
    0x0, 0x0, 0x0, 0x4a, 0x0, 0x0, 0xc, 0xff,
    0xff, 0xfb, 0x52, 0x25, 0xaf, 0xf9, 0x0, 0x0,
    0x2e, 0xff, 0xff, 0xff, 0xff, 0xff, 0xff, 0xf6,
    0x0, 0x0, 0x3e, 0xff, 0xff, 0xff, 0xff, 0xff,
    0xff, 0x80, 0x0, 0x0, 0x1b, 0xff, 0xff, 0xff,
    0xff, 0xfe, 0x60, 0x0, 0x0, 0x0, 0x3, 0x8c,
    0xef, 0xfd, 0xb6, 0x0, 0x0, 0x0,

    /* U+00EA "ê" */
    0x0, 0x0, 0x0, 0x9f, 0xff, 0xfb, 0x0, 0x0,
    0x0, 0x0, 0x0, 0x0, 0x8f, 0xff, 0xff, 0xfb,
    0x0, 0x0, 0x0, 0x0, 0x0, 0x7f, 0xff, 0xa7,
    0xff, 0xfa, 0x0, 0x0, 0x0, 0x0, 0x6f, 0xff,
    0x80, 0x5, 0xff, 0xf9, 0x0, 0x0, 0x0, 0x7,
    0x88, 0x40, 0x0, 0x3, 0x88, 0x82, 0x0, 0x0,
    0x0, 0x0, 0x0, 0x0, 0x0, 0x0, 0x0, 0x0,
    0x0, 0x0, 0x0, 0x0, 0x0, 0x0, 0x0, 0x0,
    0x0, 0x0, 0x0, 0x0, 0x0, 0x4a, 0xdf, 0xfe,
    0xb7, 0x10, 0x0, 0x0, 0x0, 0x2, 0xcf, 0xff,
    0xff, 0xff, 0xff, 0x60, 0x0, 0x0, 0x4, 0xff,
    0xff, 0xff, 0xff, 0xff, 0xff, 0xa0, 0x0, 0x2,
    0xff, 0xff, 0xff, 0xfe, 0xff, 0xff, 0xff, 0x80,
    0x0, 0xdf, 0xff, 0xfb, 0x30, 0x1, 0x7f, 0xff,
    0xff, 0x30, 0x5f, 0xff, 0xfb, 0x0, 0x0, 0x0,
    0x4f, 0xff, 0xfa, 0xa, 0xff, 0xff, 0x30, 0x0,
    0x0, 0x0, 0xbf, 0xff, 0xe0, 0xdf, 0xff, 0xff,
    0xff, 0xff, 0xff, 0xff, 0xff, 0xff, 0x1f, 0xff,
    0xff, 0xff, 0xff, 0xff, 0xff, 0xff, 0xff, 0xf2,
    0xff, 0xff, 0xff, 0xff, 0xff, 0xff, 0xff, 0xff,
    0xff, 0x1d, 0xff, 0xff, 0x30, 0x0, 0x0, 0x0,
    0x0, 0x0, 0x0, 0xaf, 0xff, 0xfa, 0x0, 0x0,
    0x0, 0x0, 0x0, 0x0, 0x4, 0xff, 0xff, 0xf7,
    0x0, 0x0, 0x0, 0x4a, 0x0, 0x0, 0xc, 0xff,
    0xff, 0xfb, 0x52, 0x25, 0xaf, 0xf9, 0x0, 0x0,
    0x2e, 0xff, 0xff, 0xff, 0xff, 0xff, 0xff, 0xf6,
    0x0, 0x0, 0x3e, 0xff, 0xff, 0xff, 0xff, 0xff,
    0xff, 0x80, 0x0, 0x0, 0x1b, 0xff, 0xff, 0xff,
    0xff, 0xfe, 0x60, 0x0, 0x0, 0x0, 0x3, 0x8c,
    0xef, 0xfd, 0xb6, 0x0, 0x0, 0x0,

    /* U+00EB "ë" */
    0x0, 0x0, 0x7e, 0xd4, 0x0, 0x2c, 0xfa, 0x0,
    0x0, 0x0, 0x0, 0x3f, 0xff, 0xe0, 0xb, 0xff,
    0xf6, 0x0, 0x0, 0x0, 0x4, 0xff, 0xff, 0x0,
    0xcf, 0xff, 0x80, 0x0, 0x0, 0x0, 0x1e, 0xff,
    0xb0, 0x7, 0xff, 0xf3, 0x0, 0x0, 0x0, 0x0,
    0x27, 0x60, 0x0, 0x5, 0x83, 0x0, 0x0, 0x0,
    0x0, 0x0, 0x0, 0x0, 0x0, 0x0, 0x0, 0x0,
    0x0, 0x0, 0x0, 0x0, 0x0, 0x0, 0x0, 0x0,
    0x0, 0x0, 0x0, 0x0, 0x0, 0x4a, 0xdf, 0xfe,
    0xb7, 0x10, 0x0, 0x0, 0x0, 0x2, 0xcf, 0xff,
    0xff, 0xff, 0xff, 0x60, 0x0, 0x0, 0x4, 0xff,
    0xff, 0xff, 0xff, 0xff, 0xff, 0xa0, 0x0, 0x2,
    0xff, 0xff, 0xff, 0xfe, 0xff, 0xff, 0xff, 0x80,
    0x0, 0xdf, 0xff, 0xfb, 0x30, 0x1, 0x7f, 0xff,
    0xff, 0x30, 0x5f, 0xff, 0xfb, 0x0, 0x0, 0x0,
    0x4f, 0xff, 0xfa, 0xa, 0xff, 0xff, 0x30, 0x0,
    0x0, 0x0, 0xbf, 0xff, 0xe0, 0xdf, 0xff, 0xff,
    0xff, 0xff, 0xff, 0xff, 0xff, 0xff, 0x1f, 0xff,
    0xff, 0xff, 0xff, 0xff, 0xff, 0xff, 0xff, 0xf2,
    0xff, 0xff, 0xff, 0xff, 0xff, 0xff, 0xff, 0xff,
    0xff, 0x1d, 0xff, 0xff, 0x30, 0x0, 0x0, 0x0,
    0x0, 0x0, 0x0, 0xaf, 0xff, 0xfa, 0x0, 0x0,
    0x0, 0x0, 0x0, 0x0, 0x4, 0xff, 0xff, 0xf7,
    0x0, 0x0, 0x0, 0x4a, 0x0, 0x0, 0xc, 0xff,
    0xff, 0xfb, 0x52, 0x25, 0xaf, 0xf9, 0x0, 0x0,
    0x2e, 0xff, 0xff, 0xff, 0xff, 0xff, 0xff, 0xf6,
    0x0, 0x0, 0x3e, 0xff, 0xff, 0xff, 0xff, 0xff,
    0xff, 0x80, 0x0, 0x0, 0x1b, 0xff, 0xff, 0xff,
    0xff, 0xfe, 0x60, 0x0, 0x0, 0x0, 0x3, 0x8c,
    0xef, 0xfd, 0xb6, 0x0, 0x0, 0x0,

    /* U+00EC "ì" */
    0x6f, 0xff, 0xfc, 0x0, 0x0, 0x4, 0xff, 0xff,
    0xa0, 0x0, 0x0, 0x3e, 0xff, 0xf8, 0x0, 0x0,
    0x1, 0xdf, 0xff, 0x60, 0x0, 0x0, 0xb, 0xff,
    0xf4, 0x0, 0x0, 0x0, 0x0, 0x0, 0x0, 0x0,
    0x0, 0x0, 0x0, 0x0, 0x0, 0xbf, 0xff, 0xf4,
    0x0, 0x0, 0xbf, 0xff, 0xf4, 0x0, 0x0, 0xbf,
    0xff, 0xf4, 0x0, 0x0, 0xbf, 0xff, 0xf4, 0x0,
    0x0, 0xbf, 0xff, 0xf4, 0x0, 0x0, 0xbf, 0xff,
    0xf4, 0x0, 0x0, 0xbf, 0xff, 0xf4, 0x0, 0x0,
    0xbf, 0xff, 0xf4, 0x0, 0x0, 0xbf, 0xff, 0xf4,
    0x0, 0x0, 0xbf, 0xff, 0xf4, 0x0, 0x0, 0xbf,
    0xff, 0xf4, 0x0, 0x0, 0xbf, 0xff, 0xf4, 0x0,
    0x0, 0xbf, 0xff, 0xf4, 0x0, 0x0, 0xbf, 0xff,
    0xf4, 0x0, 0x0, 0xbf, 0xff, 0xf4, 0x0, 0x0,
    0xbf, 0xff, 0xf4, 0x0, 0x0, 0xbf, 0xff, 0xf4,
    0x0, 0x0, 0xbf, 0xff, 0xf4,

    /* U+00ED "í" */
    0x0, 0x0, 0x4f, 0xff, 0xfd, 0x20, 0x0, 0x2e,
    0xff, 0xfc, 0x10, 0x0, 0x1d, 0xff, 0xfa, 0x0,
    0x0, 0xc, 0xff, 0xf8, 0x0, 0x0, 0xa, 0xff,
    0xf6, 0x0, 0x0, 0x0, 0x0, 0x0, 0x0, 0x0,
    0x0, 0x0, 0x0, 0x0, 0x0, 0x0, 0x0, 0xbf,
    0xff, 0xf4, 0x0, 0x0, 0xb, 0xff, 0xff, 0x40,
    0x0, 0x0, 0xbf, 0xff, 0xf4, 0x0, 0x0, 0xb,
    0xff, 0xff, 0x40, 0x0, 0x0, 0xbf, 0xff, 0xf4,
    0x0, 0x0, 0xb, 0xff, 0xff, 0x40, 0x0, 0x0,
    0xbf, 0xff, 0xf4, 0x0, 0x0, 0xb, 0xff, 0xff,
    0x40, 0x0, 0x0, 0xbf, 0xff, 0xf4, 0x0, 0x0,
    0xb, 0xff, 0xff, 0x40, 0x0, 0x0, 0xbf, 0xff,
    0xf4, 0x0, 0x0, 0xb, 0xff, 0xff, 0x40, 0x0,
    0x0, 0xbf, 0xff, 0xf4, 0x0, 0x0, 0xb, 0xff,
    0xff, 0x40, 0x0, 0x0, 0xbf, 0xff, 0xf4, 0x0,
    0x0, 0xb, 0xff, 0xff, 0x40, 0x0, 0x0, 0xbf,
    0xff, 0xf4, 0x0, 0x0, 0xb, 0xff, 0xff, 0x40,
    0x0, 0x0,

    /* U+00EE "î" */
    0x0, 0xb, 0xff, 0xff, 0x40, 0x0, 0x0, 0x6f,
    0xff, 0xff, 0xe1, 0x0, 0x2, 0xff, 0xfd, 0xff,
    0xfa, 0x0, 0xc, 0xff, 0xe1, 0x6f, 0xff, 0x60,
    0x7f, 0xff, 0x30, 0x8, 0xff, 0xf2, 0x0, 0x0,
    0x0, 0x0, 0x0, 0x0, 0x0, 0x0, 0x0, 0x0,
    0x0, 0x0, 0x0, 0xb, 0xff, 0xff, 0x40, 0x0,
    0x0, 0xb, 0xff, 0xff, 0x40, 0x0, 0x0, 0xb,
    0xff, 0xff, 0x40, 0x0, 0x0, 0xb, 0xff, 0xff,
    0x40, 0x0, 0x0, 0xb, 0xff, 0xff, 0x40, 0x0,
    0x0, 0xb, 0xff, 0xff, 0x40, 0x0, 0x0, 0xb,
    0xff, 0xff, 0x40, 0x0, 0x0, 0xb, 0xff, 0xff,
    0x40, 0x0, 0x0, 0xb, 0xff, 0xff, 0x40, 0x0,
    0x0, 0xb, 0xff, 0xff, 0x40, 0x0, 0x0, 0xb,
    0xff, 0xff, 0x40, 0x0, 0x0, 0xb, 0xff, 0xff,
    0x40, 0x0, 0x0, 0xb, 0xff, 0xff, 0x40, 0x0,
    0x0, 0xb, 0xff, 0xff, 0x40, 0x0, 0x0, 0xb,
    0xff, 0xff, 0x40, 0x0, 0x0, 0xb, 0xff, 0xff,
    0x40, 0x0, 0x0, 0xb, 0xff, 0xff, 0x40, 0x0,
    0x0, 0xb, 0xff, 0xff, 0x40, 0x0,

    /* U+00EF "ï" */
    0x5, 0x61, 0x0, 0x36, 0x20, 0x8f, 0xfd, 0x4,
    0xff, 0xf2, 0xdf, 0xff, 0x3a, 0xff, 0xf7, 0xcf,
    0xff, 0x28, 0xff, 0xf5, 0x3d, 0xe7, 0x1, 0xbf,
    0xa0, 0x0, 0x0, 0x0, 0x0, 0x0, 0x0, 0x0,
    0x0, 0x0, 0x0, 0x0, 0xbf, 0xff, 0xf4, 0x0,
    0x0, 0xbf, 0xff, 0xf4, 0x0, 0x0, 0xbf, 0xff,
    0xf4, 0x0, 0x0, 0xbf, 0xff, 0xf4, 0x0, 0x0,
    0xbf, 0xff, 0xf4, 0x0, 0x0, 0xbf, 0xff, 0xf4,
    0x0, 0x0, 0xbf, 0xff, 0xf4, 0x0, 0x0, 0xbf,
    0xff, 0xf4, 0x0, 0x0, 0xbf, 0xff, 0xf4, 0x0,
    0x0, 0xbf, 0xff, 0xf4, 0x0, 0x0, 0xbf, 0xff,
    0xf4, 0x0, 0x0, 0xbf, 0xff, 0xf4, 0x0, 0x0,
    0xbf, 0xff, 0xf4, 0x0, 0x0, 0xbf, 0xff, 0xf4,
    0x0, 0x0, 0xbf, 0xff, 0xf4, 0x0, 0x0, 0xbf,
    0xff, 0xf4, 0x0, 0x0, 0xbf, 0xff, 0xf4, 0x0,
    0x0, 0xbf, 0xff, 0xf4, 0x0,

    /* U+00F0 "ð" */
    0x0, 0x0, 0x0, 0x0, 0x0, 0x0, 0x0, 0x0,
    0x0, 0x0, 0x0, 0x0, 0x3c, 0xa3, 0x0, 0x0,
    0x0, 0x40, 0x0, 0x0, 0x0, 0x8f, 0xff, 0xfa,
    0x10, 0x5, 0xcf, 0x50, 0x0, 0x0, 0x2a, 0xff,
    0xff, 0xfe, 0x7d, 0xff, 0xfb, 0x0, 0x0, 0x0,
    0x2, 0xcf, 0xff, 0xff, 0xff, 0xd6, 0x0, 0x0,
    0x0, 0x0, 0x1, 0xcf, 0xff, 0xff, 0xb0, 0x0,
    0x0, 0x0, 0x0, 0x18, 0xff, 0xff, 0xff, 0xff,
    0x70, 0x0, 0x0, 0x0, 0x8f, 0xff, 0xfb, 0x4d,
    0xff, 0xff, 0x40, 0x0, 0x0, 0x8, 0xff, 0xa2,
    0x0, 0x1d, 0xff, 0xfe, 0x0, 0x0, 0x0, 0x18,
    0x10, 0x0, 0x0, 0x3f, 0xff, 0xf8, 0x0, 0x0,
    0x0, 0x0, 0x0, 0x0, 0x0, 0x9f, 0xff, 0xf1,
    0x0, 0x0, 0x3, 0x9d, 0xff, 0xd9, 0x31, 0xff,
    0xff, 0x60, 0x0, 0x8, 0xff, 0xff, 0xff, 0xff,
    0x9d, 0xff, 0xfc, 0x0, 0x9, 0xff, 0xff, 0xff,
    0xff, 0xff, 0xff, 0xff, 0xf0, 0x4, 0xff, 0xff,
    0xff, 0xba, 0xcf, 0xff, 0xff, 0xff, 0x30, 0xbf,
    0xff, 0xfb, 0x10, 0x0, 0x3e, 0xff, 0xff, 0xf5,
    0xf, 0xff, 0xfe, 0x10, 0x0, 0x0, 0x5f, 0xff,
    0xff, 0x51, 0xff, 0xff, 0xa0, 0x0, 0x0, 0x0,
    0xff, 0xff, 0xf5, 0x2f, 0xff, 0xf9, 0x0, 0x0,
    0x0, 0xe, 0xff, 0xff, 0x31, 0xff, 0xff, 0xc0,
    0x0, 0x0, 0x1, 0xff, 0xff, 0xf0, 0xe, 0xff,
    0xff, 0x30, 0x0, 0x0, 0x9f, 0xff, 0xfa, 0x0,
    0x9f, 0xff, 0xfe, 0x61, 0x2, 0xaf, 0xff, 0xff,
    0x30, 0x1, 0xef, 0xff, 0xff, 0xff, 0xff, 0xff,
    0xff, 0x80, 0x0, 0x4, 0xff, 0xff, 0xff, 0xff,
    0xff, 0xff, 0xa0, 0x0, 0x0, 0x3, 0xdf, 0xff,
    0xff, 0xff, 0xff, 0x70, 0x0, 0x0, 0x0, 0x0,
    0x5a, 0xdf, 0xfe, 0xb7, 0x10, 0x0, 0x0,

    /* U+00F1 "ñ" */
    0x0, 0x0, 0x2b, 0xed, 0x70, 0x0, 0x3a, 0xa2,
    0x0, 0x0, 0x1, 0xef, 0xff, 0xfd, 0x31, 0xbf,
    0xf1, 0x0, 0x0, 0x8, 0xff, 0xff, 0xff, 0xff,
    0xff, 0xd0, 0x0, 0x0, 0xc, 0xfe, 0x21, 0xaf,
    0xff, 0xff, 0x40, 0x0, 0x0, 0xd, 0xe8, 0x0,
    0x5, 0xce, 0xc4, 0x0, 0x0, 0x0, 0x0, 0x0,
    0x0, 0x0, 0x0, 0x0, 0x0, 0x0, 0x0, 0x0,
    0x0, 0x0, 0x0, 0x0, 0x0, 0x0, 0x0, 0xbf,
    0xff, 0xf1, 0x6, 0xbe, 0xfe, 0xc7, 0x10, 0x0,
    0xbf, 0xff, 0xf4, 0xdf, 0xff, 0xff, 0xff, 0xf5,
    0x0, 0xbf, 0xff, 0xff, 0xff, 0xff, 0xff, 0xff,
    0xff, 0x40, 0xbf, 0xff, 0xff, 0xff, 0xff, 0xff,
    0xff, 0xff, 0xe0, 0xbf, 0xff, 0xff, 0xfe, 0x97,
    0x9f, 0xff, 0xff, 0xf5, 0xbf, 0xff, 0xff, 0x90,
    0x0, 0x2, 0xef, 0xff, 0xfa, 0xbf, 0xff, 0xfd,
    0x0, 0x0, 0x0, 0x7f, 0xff, 0xfc, 0xbf, 0xff,
    0xf8, 0x0, 0x0, 0x0, 0x3f, 0xff, 0xfd, 0xbf,
    0xff, 0xf5, 0x0, 0x0, 0x0, 0x1f, 0xff, 0xfe,
    0xbf, 0xff, 0xf4, 0x0, 0x0, 0x0, 0x1f, 0xff,
    0xfe, 0xbf, 0xff, 0xf4, 0x0, 0x0, 0x0, 0x1f,
    0xff, 0xfe, 0xbf, 0xff, 0xf4, 0x0, 0x0, 0x0,
    0x1f, 0xff, 0xfe, 0xbf, 0xff, 0xf4, 0x0, 0x0,
    0x0, 0x1f, 0xff, 0xfe, 0xbf, 0xff, 0xf4, 0x0,
    0x0, 0x0, 0x1f, 0xff, 0xfe, 0xbf, 0xff, 0xf4,
    0x0, 0x0, 0x0, 0x1f, 0xff, 0xfe, 0xbf, 0xff,
    0xf4, 0x0, 0x0, 0x0, 0x1f, 0xff, 0xfe, 0xbf,
    0xff, 0xf4, 0x0, 0x0, 0x0, 0x1f, 0xff, 0xfe,
    0xbf, 0xff, 0xf4, 0x0, 0x0, 0x0, 0x1f, 0xff,
    0xfe,

    /* U+00F2 "ò" */
    0x0, 0xa, 0xff, 0xff, 0x80, 0x0, 0x0, 0x0,
    0x0, 0x0, 0x0, 0x7, 0xff, 0xff, 0x70, 0x0,
    0x0, 0x0, 0x0, 0x0, 0x0, 0x3, 0xef, 0xff,
    0x60, 0x0, 0x0, 0x0, 0x0, 0x0, 0x0, 0x1,
    0xcf, 0xff, 0x60, 0x0, 0x0, 0x0, 0x0, 0x0,
    0x0, 0x0, 0x68, 0x87, 0x0, 0x0, 0x0, 0x0,
    0x0, 0x0, 0x0, 0x0, 0x0, 0x0, 0x0, 0x0,
    0x0, 0x0, 0x0, 0x0, 0x0, 0x0, 0x0, 0x0,
    0x0, 0x0, 0x0, 0x0, 0x0, 0x39, 0xcf, 0xff,
    0xc9, 0x30, 0x0, 0x0, 0x0, 0x1, 0xbf, 0xff,
    0xff, 0xff, 0xff, 0xb1, 0x0, 0x0, 0x4, 0xef,
    0xff, 0xff, 0xff, 0xff, 0xff, 0xe3, 0x0, 0x2,
    0xef, 0xff, 0xff, 0xff, 0xff, 0xff, 0xff, 0xe1,
    0x0, 0xcf, 0xff, 0xff, 0xa5, 0x35, 0xbf, 0xff,
    0xff, 0xc0, 0x4f, 0xff, 0xff, 0x60, 0x0, 0x0,
    0x6f, 0xff, 0xff, 0x4a, 0xff, 0xff, 0xa0, 0x0,
    0x0, 0x0, 0xbf, 0xff, 0xf9, 0xdf, 0xff, 0xf4,
    0x0, 0x0, 0x0, 0x5, 0xff, 0xff, 0xcf, 0xff,
    0xff, 0x10, 0x0, 0x0, 0x0, 0x2f, 0xff, 0xfe,
    0xff, 0xff, 0xf1, 0x0, 0x0, 0x0, 0x2, 0xff,
    0xff, 0xed, 0xff, 0xff, 0x40, 0x0, 0x0, 0x0,
    0x5f, 0xff, 0xfc, 0xaf, 0xff, 0xfa, 0x0, 0x0,
    0x0, 0xb, 0xff, 0xff, 0x94, 0xff, 0xff, 0xf6,
    0x0, 0x0, 0x7, 0xff, 0xff, 0xf4, 0xc, 0xff,
    0xff, 0xfa, 0x53, 0x5b, 0xff, 0xff, 0xfc, 0x0,
    0x2e, 0xff, 0xff, 0xff, 0xff, 0xff, 0xff, 0xfe,
    0x10, 0x0, 0x4e, 0xff, 0xff, 0xff, 0xff, 0xff,
    0xfe, 0x30, 0x0, 0x0, 0x1b, 0xff, 0xff, 0xff,
    0xff, 0xfb, 0x10, 0x0, 0x0, 0x0, 0x3, 0x9d,
    0xff, 0xfd, 0x93, 0x0, 0x0, 0x0,

    /* U+00F3 "ó" */
    0x0, 0x0, 0x0, 0x0, 0x0, 0xaf, 0xff, 0xf8,
    0x0, 0x0, 0x0, 0x0, 0x0, 0x0, 0x9f, 0xff,
    0xf5, 0x0, 0x0, 0x0, 0x0, 0x0, 0x0, 0x8f,
    0xff, 0xd2, 0x0, 0x0, 0x0, 0x0, 0x0, 0x0,
    0x8f, 0xff, 0xa0, 0x0, 0x0, 0x0, 0x0, 0x0,
    0x0, 0x18, 0x88, 0x50, 0x0, 0x0, 0x0, 0x0,
    0x0, 0x0, 0x0, 0x0, 0x0, 0x0, 0x0, 0x0,
    0x0, 0x0, 0x0, 0x0, 0x0, 0x0, 0x0, 0x0,
    0x0, 0x0, 0x0, 0x0, 0x0, 0x39, 0xcf, 0xff,
    0xc9, 0x30, 0x0, 0x0, 0x0, 0x1, 0xbf, 0xff,
    0xff, 0xff, 0xff, 0xb1, 0x0, 0x0, 0x4, 0xef,
    0xff, 0xff, 0xff, 0xff, 0xff, 0xe3, 0x0, 0x2,
    0xef, 0xff, 0xff, 0xff, 0xff, 0xff, 0xff, 0xe1,
    0x0, 0xcf, 0xff, 0xff, 0xa5, 0x35, 0xbf, 0xff,
    0xff, 0xc0, 0x4f, 0xff, 0xff, 0x60, 0x0, 0x0,
    0x6f, 0xff, 0xff, 0x4a, 0xff, 0xff, 0xa0, 0x0,
    0x0, 0x0, 0xbf, 0xff, 0xf9, 0xdf, 0xff, 0xf4,
    0x0, 0x0, 0x0, 0x5, 0xff, 0xff, 0xcf, 0xff,
    0xff, 0x10, 0x0, 0x0, 0x0, 0x2f, 0xff, 0xfe,
    0xff, 0xff, 0xf1, 0x0, 0x0, 0x0, 0x2, 0xff,
    0xff, 0xed, 0xff, 0xff, 0x40, 0x0, 0x0, 0x0,
    0x5f, 0xff, 0xfc, 0xaf, 0xff, 0xfa, 0x0, 0x0,
    0x0, 0xb, 0xff, 0xff, 0x94, 0xff, 0xff, 0xf6,
    0x0, 0x0, 0x7, 0xff, 0xff, 0xf4, 0xc, 0xff,
    0xff, 0xfa, 0x53, 0x5b, 0xff, 0xff, 0xfc, 0x0,
    0x2e, 0xff, 0xff, 0xff, 0xff, 0xff, 0xff, 0xfe,
    0x10, 0x0, 0x4e, 0xff, 0xff, 0xff, 0xff, 0xff,
    0xfe, 0x30, 0x0, 0x0, 0x1b, 0xff, 0xff, 0xff,
    0xff, 0xfb, 0x10, 0x0, 0x0, 0x0, 0x3, 0x9d,
    0xff, 0xfd, 0x93, 0x0, 0x0, 0x0,

    /* U+00F4 "ô" */
    0x0, 0x0, 0x0, 0x4f, 0xff, 0xfe, 0x20, 0x0,
    0x0, 0x0, 0x0, 0x0, 0x3f, 0xff, 0xff, 0xfe,
    0x20, 0x0, 0x0, 0x0, 0x0, 0x3f, 0xff, 0xd5,
    0xef, 0xfd, 0x10, 0x0, 0x0, 0x0, 0x2e, 0xff,
    0xc1, 0x2, 0xdf, 0xfd, 0x10, 0x0, 0x0, 0x6,
    0x88, 0x70, 0x0, 0x0, 0x78, 0x84, 0x0, 0x0,
    0x0, 0x0, 0x0, 0x0, 0x0, 0x0, 0x0, 0x0,
    0x0, 0x0, 0x0, 0x0, 0x0, 0x0, 0x0, 0x0,
    0x0, 0x0, 0x0, 0x0, 0x0, 0x39, 0xcf, 0xff,
    0xc9, 0x30, 0x0, 0x0, 0x0, 0x1, 0xbf, 0xff,
    0xff, 0xff, 0xff, 0xb1, 0x0, 0x0, 0x4, 0xef,
    0xff, 0xff, 0xff, 0xff, 0xff, 0xe3, 0x0, 0x2,
    0xef, 0xff, 0xff, 0xff, 0xff, 0xff, 0xff, 0xe1,
    0x0, 0xcf, 0xff, 0xff, 0xa5, 0x35, 0xbf, 0xff,
    0xff, 0xc0, 0x4f, 0xff, 0xff, 0x60, 0x0, 0x0,
    0x6f, 0xff, 0xff, 0x4a, 0xff, 0xff, 0xa0, 0x0,
    0x0, 0x0, 0xbf, 0xff, 0xf9, 0xdf, 0xff, 0xf4,
    0x0, 0x0, 0x0, 0x5, 0xff, 0xff, 0xcf, 0xff,
    0xff, 0x10, 0x0, 0x0, 0x0, 0x2f, 0xff, 0xfe,
    0xff, 0xff, 0xf1, 0x0, 0x0, 0x0, 0x2, 0xff,
    0xff, 0xed, 0xff, 0xff, 0x40, 0x0, 0x0, 0x0,
    0x5f, 0xff, 0xfc, 0xaf, 0xff, 0xfa, 0x0, 0x0,
    0x0, 0xb, 0xff, 0xff, 0x94, 0xff, 0xff, 0xf6,
    0x0, 0x0, 0x7, 0xff, 0xff, 0xf4, 0xc, 0xff,
    0xff, 0xfa, 0x53, 0x5b, 0xff, 0xff, 0xfc, 0x0,
    0x2e, 0xff, 0xff, 0xff, 0xff, 0xff, 0xff, 0xfe,
    0x10, 0x0, 0x4e, 0xff, 0xff, 0xff, 0xff, 0xff,
    0xfe, 0x30, 0x0, 0x0, 0x1b, 0xff, 0xff, 0xff,
    0xff, 0xfb, 0x10, 0x0, 0x0, 0x0, 0x3, 0x9d,
    0xff, 0xfd, 0x93, 0x0, 0x0, 0x0,

    /* U+00F5 "õ" */
    0x0, 0x0, 0x9, 0xef, 0xa2, 0x0, 0xa, 0xb5,
    0x0, 0x0, 0x0, 0xb, 0xff, 0xff, 0xf6, 0x7,
    0xff, 0x60, 0x0, 0x0, 0x3, 0xff, 0xff, 0xff,
    0xff, 0xff, 0xf2, 0x0, 0x0, 0x0, 0x8f, 0xf5,
    0x7, 0xff, 0xff, 0xf9, 0x0, 0x0, 0x0, 0x9,
    0xed, 0x0, 0x2, 0xae, 0xd7, 0x0, 0x0, 0x0,
    0x0, 0x0, 0x0, 0x0, 0x0, 0x0, 0x0, 0x0,
    0x0, 0x0, 0x0, 0x0, 0x0, 0x0, 0x0, 0x0,
    0x0, 0x0, 0x0, 0x0, 0x0, 0x39, 0xcf, 0xff,
    0xc9, 0x30, 0x0, 0x0, 0x0, 0x1, 0xbf, 0xff,
    0xff, 0xff, 0xff, 0xb1, 0x0, 0x0, 0x4, 0xef,
    0xff, 0xff, 0xff, 0xff, 0xff, 0xe3, 0x0, 0x2,
    0xef, 0xff, 0xff, 0xff, 0xff, 0xff, 0xff, 0xe1,
    0x0, 0xcf, 0xff, 0xff, 0xa5, 0x35, 0xbf, 0xff,
    0xff, 0xc0, 0x4f, 0xff, 0xff, 0x60, 0x0, 0x0,
    0x6f, 0xff, 0xff, 0x4a, 0xff, 0xff, 0xa0, 0x0,
    0x0, 0x0, 0xbf, 0xff, 0xf9, 0xdf, 0xff, 0xf4,
    0x0, 0x0, 0x0, 0x5, 0xff, 0xff, 0xcf, 0xff,
    0xff, 0x10, 0x0, 0x0, 0x0, 0x2f, 0xff, 0xfe,
    0xff, 0xff, 0xf1, 0x0, 0x0, 0x0, 0x2, 0xff,
    0xff, 0xed, 0xff, 0xff, 0x40, 0x0, 0x0, 0x0,
    0x5f, 0xff, 0xfc, 0xaf, 0xff, 0xfa, 0x0, 0x0,
    0x0, 0xb, 0xff, 0xff, 0x94, 0xff, 0xff, 0xf6,
    0x0, 0x0, 0x7, 0xff, 0xff, 0xf4, 0xc, 0xff,
    0xff, 0xfa, 0x53, 0x5b, 0xff, 0xff, 0xfc, 0x0,
    0x2e, 0xff, 0xff, 0xff, 0xff, 0xff, 0xff, 0xfe,
    0x10, 0x0, 0x4e, 0xff, 0xff, 0xff, 0xff, 0xff,
    0xfe, 0x30, 0x0, 0x0, 0x1b, 0xff, 0xff, 0xff,
    0xff, 0xfb, 0x10, 0x0, 0x0, 0x0, 0x3, 0x9d,
    0xff, 0xfd, 0x93, 0x0, 0x0, 0x0,

    /* U+00F6 "ö" */
    0x0, 0x0, 0x4d, 0xe8, 0x0, 0xa, 0xfc, 0x20,
    0x0, 0x0, 0x0, 0xe, 0xff, 0xf3, 0x6, 0xff,
    0xfb, 0x0, 0x0, 0x0, 0x0, 0xff, 0xff, 0x50,
    0x7f, 0xff, 0xd0, 0x0, 0x0, 0x0, 0xa, 0xff,
    0xf1, 0x3, 0xff, 0xf8, 0x0, 0x0, 0x0, 0x0,
    0x6, 0x82, 0x0, 0x3, 0x85, 0x0, 0x0, 0x0,
    0x0, 0x0, 0x0, 0x0, 0x0, 0x0, 0x0, 0x0,
    0x0, 0x0, 0x0, 0x0, 0x0, 0x0, 0x0, 0x0,
    0x0, 0x0, 0x0, 0x0, 0x0, 0x39, 0xcf, 0xff,
    0xc9, 0x30, 0x0, 0x0, 0x0, 0x1, 0xbf, 0xff,
    0xff, 0xff, 0xff, 0xb1, 0x0, 0x0, 0x4, 0xef,
    0xff, 0xff, 0xff, 0xff, 0xff, 0xe3, 0x0, 0x2,
    0xef, 0xff, 0xff, 0xff, 0xff, 0xff, 0xff, 0xe1,
    0x0, 0xcf, 0xff, 0xff, 0xa5, 0x35, 0xbf, 0xff,
    0xff, 0xc0, 0x4f, 0xff, 0xff, 0x60, 0x0, 0x0,
    0x6f, 0xff, 0xff, 0x4a, 0xff, 0xff, 0xa0, 0x0,
    0x0, 0x0, 0xbf, 0xff, 0xf9, 0xdf, 0xff, 0xf4,
    0x0, 0x0, 0x0, 0x5, 0xff, 0xff, 0xcf, 0xff,
    0xff, 0x10, 0x0, 0x0, 0x0, 0x2f, 0xff, 0xfe,
    0xff, 0xff, 0xf1, 0x0, 0x0, 0x0, 0x2, 0xff,
    0xff, 0xed, 0xff, 0xff, 0x40, 0x0, 0x0, 0x0,
    0x5f, 0xff, 0xfc, 0xaf, 0xff, 0xfa, 0x0, 0x0,
    0x0, 0xb, 0xff, 0xff, 0x94, 0xff, 0xff, 0xf6,
    0x0, 0x0, 0x7, 0xff, 0xff, 0xf4, 0xc, 0xff,
    0xff, 0xfa, 0x53, 0x5b, 0xff, 0xff, 0xfc, 0x0,
    0x2e, 0xff, 0xff, 0xff, 0xff, 0xff, 0xff, 0xfe,
    0x10, 0x0, 0x4e, 0xff, 0xff, 0xff, 0xff, 0xff,
    0xfe, 0x30, 0x0, 0x0, 0x1b, 0xff, 0xff, 0xff,
    0xff, 0xfb, 0x10, 0x0, 0x0, 0x0, 0x3, 0x9d,
    0xff, 0xfd, 0x93, 0x0, 0x0, 0x0,

    /* U+00F7 "÷" */
    0x0, 0x0, 0x0, 0x1b, 0xfc, 0x30, 0x0, 0x0,
    0x0, 0x0, 0x0, 0xc, 0xff, 0xfe, 0x0, 0x0,
    0x0, 0x0, 0x0, 0x0, 0xff, 0xff, 0xf3, 0x0,
    0x0, 0x0, 0x0, 0x0, 0xe, 0xff, 0xff, 0x10,
    0x0, 0x0, 0x0, 0x0, 0x0, 0x6f, 0xff, 0x90,
    0x0, 0x0, 0x0, 0x0, 0x0, 0x0, 0x36, 0x40,
    0x0, 0x0, 0x0, 0x0, 0x0, 0x0, 0x0, 0x0,
    0x0, 0x0, 0x0, 0x0, 0xff, 0xff, 0xff, 0xff,
    0xff, 0xff, 0xff, 0xf3, 0xf, 0xff, 0xff, 0xff,
    0xff, 0xff, 0xff, 0xff, 0x30, 0xff, 0xff, 0xff,
    0xff, 0xff, 0xff, 0xff, 0xf3, 0xf, 0xff, 0xff,
    0xff, 0xff, 0xff, 0xff, 0xff, 0x30, 0x0, 0x0,
    0x0, 0x0, 0x0, 0x0, 0x0, 0x0, 0x0, 0x0,
    0x0, 0x0, 0x0, 0x0, 0x0, 0x0, 0x0, 0x0,
    0x0, 0x0, 0x36, 0x40, 0x0, 0x0, 0x0, 0x0,
    0x0, 0x0, 0x6f, 0xff, 0x90, 0x0, 0x0, 0x0,
    0x0, 0x0, 0xe, 0xff, 0xff, 0x10, 0x0, 0x0,
    0x0, 0x0, 0x0, 0xff, 0xff, 0xf3, 0x0, 0x0,
    0x0, 0x0, 0x0, 0xb, 0xff, 0xfe, 0x0, 0x0,
    0x0, 0x0, 0x0, 0x0, 0x1b, 0xfc, 0x30, 0x0,
    0x0, 0x0,

    /* U+00F8 "ø" */
    0x0, 0x0, 0x0, 0x0, 0x0, 0x0, 0xb, 0xfe,
    0x0, 0x0, 0x0, 0x0, 0x0, 0x0, 0x0, 0x3,
    0xff, 0x70, 0x0, 0x0, 0x0, 0x3, 0x9c, 0xff,
    0xfc, 0xff, 0xe0, 0x0, 0x0, 0x0, 0x1b, 0xff,
    0xff, 0xff, 0xff, 0xff, 0x10, 0x0, 0x0, 0x4e,
    0xff, 0xff, 0xff, 0xff, 0xff, 0xfe, 0x30, 0x0,
    0x2e, 0xff, 0xff, 0xff, 0xff, 0xff, 0xff, 0xfe,
    0x10, 0xc, 0xff, 0xff, 0xfa, 0x53, 0xff, 0xff,
    0xff, 0xfc, 0x4, 0xff, 0xff, 0xf6, 0x0, 0x4f,
    0xfd, 0xff, 0xff, 0xf4, 0xaf, 0xff, 0xfa, 0x0,
    0xc, 0xfe, 0xb, 0xff, 0xff, 0x9d, 0xff, 0xff,
    0x40, 0x4, 0xff, 0x60, 0x5f, 0xff, 0xfc, 0xff,
    0xff, 0xf1, 0x0, 0xcf, 0xd0, 0x2, 0xff, 0xff,
    0xef, 0xff, 0xff, 0x10, 0x4f, 0xf6, 0x0, 0x2f,
    0xff, 0xfe, 0xdf, 0xff, 0xf4, 0xc, 0xfd, 0x0,
    0x5, 0xff, 0xff, 0xca, 0xff, 0xff, 0xa5, 0xff,
    0x50, 0x0, 0xbf, 0xff, 0xf9, 0x4f, 0xff, 0xff,
    0xff, 0xd0, 0x0, 0x7f, 0xff, 0xff, 0x40, 0xcf,
    0xff, 0xff, 0xfa, 0x35, 0xbf, 0xff, 0xff, 0xc0,
    0x2, 0xef, 0xff, 0xff, 0xff, 0xff, 0xff, 0xff,
    0xe1, 0x0, 0x4, 0xef, 0xff, 0xff, 0xff, 0xff,
    0xff, 0xe3, 0x0, 0x0, 0x2, 0xff, 0xff, 0xff,
    0xff, 0xff, 0xb1, 0x0, 0x0, 0x0, 0x5f, 0xfe,
    0xdf, 0xff, 0xd9, 0x30, 0x0, 0x0, 0x0, 0xd,
    0xfc, 0x0, 0x0, 0x0, 0x0, 0x0, 0x0, 0x0,
    0x6, 0xff, 0x40, 0x0, 0x0, 0x0, 0x0, 0x0,
    0x0,

    /* U+00F9 "ù" */
    0x0, 0x4e, 0xff, 0xfd, 0x10, 0x0, 0x0, 0x0,
    0x0, 0x0, 0x2, 0xcf, 0xff, 0xd1, 0x0, 0x0,
    0x0, 0x0, 0x0, 0x0, 0x9, 0xff, 0xfd, 0x10,
    0x0, 0x0, 0x0, 0x0, 0x0, 0x0, 0x6f, 0xff,
    0xc0, 0x0, 0x0, 0x0, 0x0, 0x0, 0x0, 0x3,
    0x88, 0x84, 0x0, 0x0, 0x0, 0x0, 0x0, 0x0,
    0x0, 0x0, 0x0, 0x0, 0x0, 0x0, 0x0, 0x0,
    0x0, 0x0, 0x0, 0x0, 0x0, 0x0, 0x0, 0xcf,
    0xff, 0xf3, 0x0, 0x0, 0x0, 0x5f, 0xff, 0xfa,
    0xcf, 0xff, 0xf3, 0x0, 0x0, 0x0, 0x5f, 0xff,
    0xfa, 0xcf, 0xff, 0xf3, 0x0, 0x0, 0x0, 0x5f,
    0xff, 0xfa, 0xcf, 0xff, 0xf3, 0x0, 0x0, 0x0,
    0x5f, 0xff, 0xfa, 0xcf, 0xff, 0xf3, 0x0, 0x0,
    0x0, 0x5f, 0xff, 0xfa, 0xcf, 0xff, 0xf3, 0x0,
    0x0, 0x0, 0x5f, 0xff, 0xfa, 0xcf, 0xff, 0xf3,
    0x0, 0x0, 0x0, 0x5f, 0xff, 0xfa, 0xcf, 0xff,
    0xf3, 0x0, 0x0, 0x0, 0x5f, 0xff, 0xfa, 0xcf,
    0xff, 0xf3, 0x0, 0x0, 0x0, 0x5f, 0xff, 0xfa,
    0xcf, 0xff, 0xf3, 0x0, 0x0, 0x0, 0x6f, 0xff,
    0xfa, 0xcf, 0xff, 0xf4, 0x0, 0x0, 0x0, 0x8f,
    0xff, 0xfa, 0xaf, 0xff, 0xf8, 0x0, 0x0, 0x0,
    0xef, 0xff, 0xfa, 0x8f, 0xff, 0xff, 0x20, 0x0,
    0xa, 0xff, 0xff, 0xfa, 0x3f, 0xff, 0xff, 0xfa,
    0x78, 0xdf, 0xff, 0xff, 0xfa, 0xd, 0xff, 0xff,
    0xff, 0xff, 0xff, 0xff, 0xff, 0xfa, 0x3, 0xff,
    0xff, 0xff, 0xff, 0xff, 0xff, 0xff, 0xfa, 0x0,
    0x4e, 0xff, 0xff, 0xff, 0xfe, 0x4f, 0xff, 0xfa,
    0x0, 0x1, 0x6b, 0xef, 0xeb, 0x60, 0x1f, 0xff,
    0xfa,

    /* U+00FA "ú" */
    0x0, 0x0, 0x0, 0x0, 0x3, 0xff, 0xff, 0xd3,
    0x0, 0x0, 0x0, 0x0, 0x0, 0x3e, 0xff, 0xfb,
    0x10, 0x0, 0x0, 0x0, 0x0, 0x2, 0xef, 0xff,
    0x70, 0x0, 0x0, 0x0, 0x0, 0x0, 0x2e, 0xff,
    0xe4, 0x0, 0x0, 0x0, 0x0, 0x0, 0x0, 0x68,
    0x87, 0x10, 0x0, 0x0, 0x0, 0x0, 0x0, 0x0,
    0x0, 0x0, 0x0, 0x0, 0x0, 0x0, 0x0, 0x0,
    0x0, 0x0, 0x0, 0x0, 0x0, 0x0, 0x0, 0xcf,
    0xff, 0xf3, 0x0, 0x0, 0x0, 0x5f, 0xff, 0xfa,
    0xcf, 0xff, 0xf3, 0x0, 0x0, 0x0, 0x5f, 0xff,
    0xfa, 0xcf, 0xff, 0xf3, 0x0, 0x0, 0x0, 0x5f,
    0xff, 0xfa, 0xcf, 0xff, 0xf3, 0x0, 0x0, 0x0,
    0x5f, 0xff, 0xfa, 0xcf, 0xff, 0xf3, 0x0, 0x0,
    0x0, 0x5f, 0xff, 0xfa, 0xcf, 0xff, 0xf3, 0x0,
    0x0, 0x0, 0x5f, 0xff, 0xfa, 0xcf, 0xff, 0xf3,
    0x0, 0x0, 0x0, 0x5f, 0xff, 0xfa, 0xcf, 0xff,
    0xf3, 0x0, 0x0, 0x0, 0x5f, 0xff, 0xfa, 0xcf,
    0xff, 0xf3, 0x0, 0x0, 0x0, 0x5f, 0xff, 0xfa,
    0xcf, 0xff, 0xf3, 0x0, 0x0, 0x0, 0x6f, 0xff,
    0xfa, 0xcf, 0xff, 0xf4, 0x0, 0x0, 0x0, 0x8f,
    0xff, 0xfa, 0xaf, 0xff, 0xf8, 0x0, 0x0, 0x0,
    0xef, 0xff, 0xfa, 0x8f, 0xff, 0xff, 0x20, 0x0,
    0xa, 0xff, 0xff, 0xfa, 0x3f, 0xff, 0xff, 0xfa,
    0x78, 0xdf, 0xff, 0xff, 0xfa, 0xd, 0xff, 0xff,
    0xff, 0xff, 0xff, 0xff, 0xff, 0xfa, 0x3, 0xff,
    0xff, 0xff, 0xff, 0xff, 0xff, 0xff, 0xfa, 0x0,
    0x4e, 0xff, 0xff, 0xff, 0xfe, 0x4f, 0xff, 0xfa,
    0x0, 0x1, 0x6b, 0xef, 0xeb, 0x60, 0x1f, 0xff,
    0xfa,

    /* U+00FB "û" */
    0x0, 0x0, 0x0, 0xbf, 0xff, 0xf9, 0x0, 0x0,
    0x0, 0x0, 0x0, 0xb, 0xff, 0xff, 0xff, 0x80,
    0x0, 0x0, 0x0, 0x0, 0xaf, 0xff, 0x8a, 0xff,
    0xf7, 0x0, 0x0, 0x0, 0x9, 0xff, 0xf5, 0x0,
    0x7f, 0xff, 0x60, 0x0, 0x0, 0x28, 0x88, 0x30,
    0x0, 0x4, 0x88, 0x70, 0x0, 0x0, 0x0, 0x0,
    0x0, 0x0, 0x0, 0x0, 0x0, 0x0, 0x0, 0x0,
    0x0, 0x0, 0x0, 0x0, 0x0, 0x0, 0x0, 0xcf,
    0xff, 0xf3, 0x0, 0x0, 0x0, 0x5f, 0xff, 0xfa,
    0xcf, 0xff, 0xf3, 0x0, 0x0, 0x0, 0x5f, 0xff,
    0xfa, 0xcf, 0xff, 0xf3, 0x0, 0x0, 0x0, 0x5f,
    0xff, 0xfa, 0xcf, 0xff, 0xf3, 0x0, 0x0, 0x0,
    0x5f, 0xff, 0xfa, 0xcf, 0xff, 0xf3, 0x0, 0x0,
    0x0, 0x5f, 0xff, 0xfa, 0xcf, 0xff, 0xf3, 0x0,
    0x0, 0x0, 0x5f, 0xff, 0xfa, 0xcf, 0xff, 0xf3,
    0x0, 0x0, 0x0, 0x5f, 0xff, 0xfa, 0xcf, 0xff,
    0xf3, 0x0, 0x0, 0x0, 0x5f, 0xff, 0xfa, 0xcf,
    0xff, 0xf3, 0x0, 0x0, 0x0, 0x5f, 0xff, 0xfa,
    0xcf, 0xff, 0xf3, 0x0, 0x0, 0x0, 0x6f, 0xff,
    0xfa, 0xcf, 0xff, 0xf4, 0x0, 0x0, 0x0, 0x8f,
    0xff, 0xfa, 0xaf, 0xff, 0xf8, 0x0, 0x0, 0x0,
    0xef, 0xff, 0xfa, 0x8f, 0xff, 0xff, 0x20, 0x0,
    0xa, 0xff, 0xff, 0xfa, 0x3f, 0xff, 0xff, 0xfa,
    0x78, 0xdf, 0xff, 0xff, 0xfa, 0xd, 0xff, 0xff,
    0xff, 0xff, 0xff, 0xff, 0xff, 0xfa, 0x3, 0xff,
    0xff, 0xff, 0xff, 0xff, 0xff, 0xff, 0xfa, 0x0,
    0x4e, 0xff, 0xff, 0xff, 0xfe, 0x4f, 0xff, 0xfa,
    0x0, 0x1, 0x6b, 0xef, 0xeb, 0x60, 0x1f, 0xff,
    0xfa,

    /* U+00FC "ü" */
    0x0, 0x0, 0xaf, 0xc2, 0x0, 0x4d, 0xe8, 0x0,
    0x0, 0x0, 0x6, 0xff, 0xfb, 0x0, 0xef, 0xff,
    0x30, 0x0, 0x0, 0x8, 0xff, 0xfd, 0x0, 0xff,
    0xff, 0x50, 0x0, 0x0, 0x3, 0xff, 0xf8, 0x0,
    0xbf, 0xfe, 0x10, 0x0, 0x0, 0x0, 0x38, 0x50,
    0x0, 0x6, 0x72, 0x0, 0x0, 0x0, 0x0, 0x0,
    0x0, 0x0, 0x0, 0x0, 0x0, 0x0, 0x0, 0x0,
    0x0, 0x0, 0x0, 0x0, 0x0, 0x0, 0x0, 0xcf,
    0xff, 0xf3, 0x0, 0x0, 0x0, 0x5f, 0xff, 0xfa,
    0xcf, 0xff, 0xf3, 0x0, 0x0, 0x0, 0x5f, 0xff,
    0xfa, 0xcf, 0xff, 0xf3, 0x0, 0x0, 0x0, 0x5f,
    0xff, 0xfa, 0xcf, 0xff, 0xf3, 0x0, 0x0, 0x0,
    0x5f, 0xff, 0xfa, 0xcf, 0xff, 0xf3, 0x0, 0x0,
    0x0, 0x5f, 0xff, 0xfa, 0xcf, 0xff, 0xf3, 0x0,
    0x0, 0x0, 0x5f, 0xff, 0xfa, 0xcf, 0xff, 0xf3,
    0x0, 0x0, 0x0, 0x5f, 0xff, 0xfa, 0xcf, 0xff,
    0xf3, 0x0, 0x0, 0x0, 0x5f, 0xff, 0xfa, 0xcf,
    0xff, 0xf3, 0x0, 0x0, 0x0, 0x5f, 0xff, 0xfa,
    0xcf, 0xff, 0xf3, 0x0, 0x0, 0x0, 0x6f, 0xff,
    0xfa, 0xcf, 0xff, 0xf4, 0x0, 0x0, 0x0, 0x8f,
    0xff, 0xfa, 0xaf, 0xff, 0xf8, 0x0, 0x0, 0x0,
    0xef, 0xff, 0xfa, 0x8f, 0xff, 0xff, 0x20, 0x0,
    0xa, 0xff, 0xff, 0xfa, 0x3f, 0xff, 0xff, 0xfa,
    0x78, 0xdf, 0xff, 0xff, 0xfa, 0xd, 0xff, 0xff,
    0xff, 0xff, 0xff, 0xff, 0xff, 0xfa, 0x3, 0xff,
    0xff, 0xff, 0xff, 0xff, 0xff, 0xff, 0xfa, 0x0,
    0x4e, 0xff, 0xff, 0xff, 0xfe, 0x4f, 0xff, 0xfa,
    0x0, 0x1, 0x6b, 0xef, 0xeb, 0x60, 0x1f, 0xff,
    0xfa,

    /* U+00FD "ý" */
    0x0, 0x0, 0x0, 0x0, 0x0, 0x4, 0x88, 0x88,
    0x50, 0x0, 0x0, 0x0, 0x0, 0x0, 0x0, 0x4,
    0xff, 0xff, 0xc1, 0x0, 0x0, 0x0, 0x0, 0x0,
    0x0, 0x2, 0xff, 0xff, 0xa0, 0x0, 0x0, 0x0,
    0x0, 0x0, 0x0, 0x1, 0xef, 0xff, 0x80, 0x0,
    0x0, 0x0, 0x0, 0x0, 0x0, 0x0, 0xcf, 0xff,
    0x60, 0x0, 0x0, 0x0, 0x0, 0x0, 0x0, 0x0,
    0x38, 0x88, 0x30, 0x0, 0x0, 0x0, 0x0, 0x0,
    0x0, 0x0, 0x0, 0x0, 0x0, 0x0, 0x0, 0x0,
    0x0, 0x0, 0x0, 0x0, 0x0, 0x0, 0x0, 0x0,
    0x0, 0x0, 0x0, 0x0, 0x1f, 0xff, 0xff, 0x10,
    0x0, 0x0, 0x0, 0x9, 0xff, 0xff, 0x20, 0x9f,
    0xff, 0xf8, 0x0, 0x0, 0x0, 0x1, 0xff, 0xff,
    0xc0, 0x3, 0xff, 0xff, 0xe0, 0x0, 0x0, 0x0,
    0x6f, 0xff, 0xf5, 0x0, 0xc, 0xff, 0xff, 0x50,
    0x0, 0x0, 0xd, 0xff, 0xfe, 0x0, 0x0, 0x5f,
    0xff, 0xfb, 0x0, 0x0, 0x4, 0xff, 0xff, 0x80,
    0x0, 0x0, 0xef, 0xff, 0xf2, 0x0, 0x0, 0xaf,
    0xff, 0xf1, 0x0, 0x0, 0x7, 0xff, 0xff, 0x80,
    0x0, 0x1f, 0xff, 0xfa, 0x0, 0x0, 0x0, 0x1f,
    0xff, 0xfe, 0x0, 0x7, 0xff, 0xff, 0x30, 0x0,
    0x0, 0x0, 0xaf, 0xff, 0xf5, 0x0, 0xef, 0xff,
    0xd0, 0x0, 0x0, 0x0, 0x3, 0xff, 0xff, 0xc0,
    0x4f, 0xff, 0xf6, 0x0, 0x0, 0x0, 0x0, 0xc,
    0xff, 0xff, 0x3b, 0xff, 0xfe, 0x0, 0x0, 0x0,
    0x0, 0x0, 0x5f, 0xff, 0xfb, 0xff, 0xff, 0x80,
    0x0, 0x0, 0x0, 0x0, 0x0, 0xef, 0xff, 0xff,
    0xff, 0xf2, 0x0, 0x0, 0x0, 0x0, 0x0, 0x8,
    0xff, 0xff, 0xff, 0xfb, 0x0, 0x0, 0x0, 0x0,
    0x0, 0x0, 0x1f, 0xff, 0xff, 0xff, 0x40, 0x0,
    0x0, 0x0, 0x0, 0x0, 0x0, 0xaf, 0xff, 0xff,
    0xd0, 0x0, 0x0, 0x0, 0x0, 0x0, 0x0, 0x3,
    0xff, 0xff, 0xf7, 0x0, 0x0, 0x0, 0x0, 0x0,
    0x0, 0x0, 0xe, 0xff, 0xff, 0x10, 0x0, 0x0,
    0x0, 0x0, 0x0, 0x0, 0x5, 0xff, 0xff, 0x90,
    0x0, 0x0, 0x0, 0x0, 0xd, 0x94, 0x36, 0xff,
    0xff, 0xf2, 0x0, 0x0, 0x0, 0x0, 0x5, 0xff,
    0xff, 0xff, 0xff, 0xfa, 0x0, 0x0, 0x0, 0x0,
    0x0, 0xdf, 0xff, 0xff, 0xff, 0xfe, 0x10, 0x0,
    0x0, 0x0, 0x0, 0x1e, 0xff, 0xff, 0xff, 0xfd,
    0x20, 0x0, 0x0, 0x0, 0x0, 0x0, 0x6, 0xbe,
    0xfe, 0xb6, 0x0, 0x0, 0x0, 0x0, 0x0, 0x0,

    /* U+00FE "þ" */
    0x9d, 0xdd, 0xd4, 0x0, 0x0, 0x0, 0x0, 0x0,
    0x0, 0x0, 0xbf, 0xff, 0xf4, 0x0, 0x0, 0x0,
    0x0, 0x0, 0x0, 0x0, 0xbf, 0xff, 0xf4, 0x0,
    0x0, 0x0, 0x0, 0x0, 0x0, 0x0, 0xbf, 0xff,
    0xf4, 0x0, 0x0, 0x0, 0x0, 0x0, 0x0, 0x0,
    0xbf, 0xff, 0xf4, 0x0, 0x0, 0x0, 0x0, 0x0,
    0x0, 0x0, 0xbf, 0xff, 0xf4, 0x0, 0x0, 0x0,
    0x0, 0x0, 0x0, 0x0, 0xbf, 0xff, 0xf4, 0x0,
    0x0, 0x0, 0x0, 0x0, 0x0, 0x0, 0xbf, 0xff,
    0xf4, 0x7, 0xce, 0xfe, 0xc7, 0x10, 0x0, 0x0,
    0xbf, 0xff, 0xf7, 0xef, 0xff, 0xff, 0xff, 0xf5,
    0x0, 0x0, 0xbf, 0xff, 0xff, 0xff, 0xff, 0xff,
    0xff, 0xff, 0x80, 0x0, 0xbf, 0xff, 0xff, 0xff,
    0xff, 0xff, 0xff, 0xff, 0xf5, 0x0, 0xbf, 0xff,
    0xff, 0xfc, 0x53, 0x5a, 0xff, 0xff, 0xff, 0x10,
    0xbf, 0xff, 0xff, 0x80, 0x0, 0x0, 0x5f, 0xff,
    0xff, 0x70, 0xbf, 0xff, 0xfc, 0x0, 0x0, 0x0,
    0x9, 0xff, 0xff, 0xc0, 0xbf, 0xff, 0xf6, 0x0,
    0x0, 0x0, 0x3, 0xff, 0xff, 0xf0, 0xbf, 0xff,
    0xf4, 0x0, 0x0, 0x0, 0x0, 0xff, 0xff, 0xf0,
    0xbf, 0xff, 0xf4, 0x0, 0x0, 0x0, 0x0, 0xff,
    0xff, 0xf0, 0xbf, 0xff, 0xf6, 0x0, 0x0, 0x0,
    0x3, 0xff, 0xff, 0xf0, 0xbf, 0xff, 0xfc, 0x0,
    0x0, 0x0, 0x8, 0xff, 0xff, 0xc0, 0xbf, 0xff,
    0xff, 0x80, 0x0, 0x0, 0x5f, 0xff, 0xff, 0x70,
    0xbf, 0xff, 0xff, 0xfb, 0x53, 0x5a, 0xff, 0xff,
    0xff, 0x10, 0xbf, 0xff, 0xff, 0xff, 0xff, 0xff,
    0xff, 0xff, 0xf6, 0x0, 0xbf, 0xff, 0xff, 0xff,
    0xff, 0xff, 0xff, 0xff, 0x90, 0x0, 0xbf, 0xff,
    0xf6, 0xdf, 0xff, 0xff, 0xff, 0xf6, 0x0, 0x0,
    0xbf, 0xff, 0xf4, 0x6, 0xbe, 0xfe, 0xc7, 0x10,
    0x0, 0x0, 0xbf, 0xff, 0xf4, 0x0, 0x0, 0x0,
    0x0, 0x0, 0x0, 0x0, 0xbf, 0xff, 0xf4, 0x0,
    0x0, 0x0, 0x0, 0x0, 0x0, 0x0, 0xbf, 0xff,
    0xf4, 0x0, 0x0, 0x0, 0x0, 0x0, 0x0, 0x0,
    0xbf, 0xff, 0xf4, 0x0, 0x0, 0x0, 0x0, 0x0,
    0x0, 0x0, 0xbf, 0xff, 0xf4, 0x0, 0x0, 0x0,
    0x0, 0x0, 0x0, 0x0, 0xbf, 0xff, 0xf4, 0x0,
    0x0, 0x0, 0x0, 0x0, 0x0, 0x0,

    /* U+00FF "ÿ" */
    0x0, 0x0, 0x1, 0x77, 0x10, 0x0, 0x48, 0x40,
    0x0, 0x0, 0x0, 0x0, 0x0, 0xdf, 0xfd, 0x0,
    0x6f, 0xff, 0x50, 0x0, 0x0, 0x0, 0x0, 0x3f,
    0xff, 0xf2, 0xb, 0xff, 0xfa, 0x0, 0x0, 0x0,
    0x0, 0x1, 0xff, 0xff, 0x0, 0x9f, 0xff, 0x80,
    0x0, 0x0, 0x0, 0x0, 0x6, 0xee, 0x50, 0x1,
    0xbf, 0xb1, 0x0, 0x0, 0x0, 0x0, 0x0, 0x0,
    0x0, 0x0, 0x0, 0x0, 0x0, 0x0, 0x0, 0x0,
    0x0, 0x0, 0x0, 0x0, 0x0, 0x0, 0x0, 0x0,
    0x0, 0x0, 0x0, 0x0, 0x0, 0x0, 0x0, 0x0,
    0x0, 0x0, 0x0, 0x0, 0x1f, 0xff, 0xff, 0x10,
    0x0, 0x0, 0x0, 0x9, 0xff, 0xff, 0x20, 0x9f,
    0xff, 0xf8, 0x0, 0x0, 0x0, 0x1, 0xff, 0xff,
    0xc0, 0x3, 0xff, 0xff, 0xe0, 0x0, 0x0, 0x0,
    0x6f, 0xff, 0xf5, 0x0, 0xc, 0xff, 0xff, 0x50,
    0x0, 0x0, 0xd, 0xff, 0xfe, 0x0, 0x0, 0x5f,
    0xff, 0xfb, 0x0, 0x0, 0x4, 0xff, 0xff, 0x80,
    0x0, 0x0, 0xef, 0xff, 0xf2, 0x0, 0x0, 0xaf,
    0xff, 0xf1, 0x0, 0x0, 0x7, 0xff, 0xff, 0x80,
    0x0, 0x1f, 0xff, 0xfa, 0x0, 0x0, 0x0, 0x1f,
    0xff, 0xfe, 0x0, 0x7, 0xff, 0xff, 0x30, 0x0,
    0x0, 0x0, 0xaf, 0xff, 0xf5, 0x0, 0xef, 0xff,
    0xd0, 0x0, 0x0, 0x0, 0x3, 0xff, 0xff, 0xc0,
    0x4f, 0xff, 0xf6, 0x0, 0x0, 0x0, 0x0, 0xc,
    0xff, 0xff, 0x3b, 0xff, 0xfe, 0x0, 0x0, 0x0,
    0x0, 0x0, 0x5f, 0xff, 0xfb, 0xff, 0xff, 0x80,
    0x0, 0x0, 0x0, 0x0, 0x0, 0xef, 0xff, 0xff,
    0xff, 0xf2, 0x0, 0x0, 0x0, 0x0, 0x0, 0x8,
    0xff, 0xff, 0xff, 0xfb, 0x0, 0x0, 0x0, 0x0,
    0x0, 0x0, 0x1f, 0xff, 0xff, 0xff, 0x40, 0x0,
    0x0, 0x0, 0x0, 0x0, 0x0, 0xaf, 0xff, 0xff,
    0xd0, 0x0, 0x0, 0x0, 0x0, 0x0, 0x0, 0x3,
    0xff, 0xff, 0xf7, 0x0, 0x0, 0x0, 0x0, 0x0,
    0x0, 0x0, 0xe, 0xff, 0xff, 0x10, 0x0, 0x0,
    0x0, 0x0, 0x0, 0x0, 0x5, 0xff, 0xff, 0x90,
    0x0, 0x0, 0x0, 0x0, 0xd, 0x94, 0x36, 0xff,
    0xff, 0xf2, 0x0, 0x0, 0x0, 0x0, 0x5, 0xff,
    0xff, 0xff, 0xff, 0xfa, 0x0, 0x0, 0x0, 0x0,
    0x0, 0xdf, 0xff, 0xff, 0xff, 0xfe, 0x10, 0x0,
    0x0, 0x0, 0x0, 0x1e, 0xff, 0xff, 0xff, 0xfd,
    0x20, 0x0, 0x0, 0x0, 0x0, 0x0, 0x6, 0xbe,
    0xfe, 0xb6, 0x0, 0x0, 0x0, 0x0, 0x0, 0x0
};


/*---------------------
 *  GLYPH DESCRIPTION
 *--------------------*/

static const lv_font_fmt_txt_glyph_dsc_t glyph_dsc[] = {
    {.bitmap_index = 0, .adv_w = 0, .box_w = 0, .box_h = 0, .ofs_x = 0, .ofs_y = 0} /* id = 0 reserved */,
    {.bitmap_index = 0, .adv_w = 145, .box_w = 0, .box_h = 0, .ofs_x = 0, .ofs_y = 0},
    {.bitmap_index = 0, .adv_w = 148, .box_w = 7, .box_h = 23, .ofs_x = 1, .ofs_y = 0},
    {.bitmap_index = 81, .adv_w = 224, .box_w = 12, .box_h = 10, .ofs_x = 1, .ofs_y = 13},
    {.bitmap_index = 141, .adv_w = 369, .box_w = 23, .box_h = 23, .ofs_x = 0, .ofs_y = 0},
    {.bitmap_index = 406, .adv_w = 327, .box_w = 20, .box_h = 31, .ofs_x = 0, .ofs_y = -4},
    {.bitmap_index = 716, .adv_w = 449, .box_w = 28, .box_h = 23, .ofs_x = 0, .ofs_y = 0},
    {.bitmap_index = 1038, .adv_w = 373, .box_w = 22, .box_h = 23, .ofs_x = 1, .ofs_y = 0},
    {.bitmap_index = 1291, .adv_w = 118, .box_w = 5, .box_h = 10, .ofs_x = 1, .ofs_y = 13},
    {.bitmap_index = 1316, .adv_w = 183, .box_w = 10, .box_h = 31, .ofs_x = 2, .ofs_y = -6},
    {.bitmap_index = 1471, .adv_w = 183, .box_w = 10, .box_h = 31, .ofs_x = 0, .ofs_y = -6},
    {.bitmap_index = 1626, .adv_w = 222, .box_w = 14, .box_h = 14, .ofs_x = 0, .ofs_y = 11},
    {.bitmap_index = 1724, .adv_w = 307, .box_w = 17, .box_h = 16, .ofs_x = 1, .ofs_y = 4},
    {.bitmap_index = 1860, .adv_w = 134, .box_w = 7, .box_h = 12, .ofs_x = 1, .ofs_y = -5},
    {.bitmap_index = 1902, .adv_w = 198, .box_w = 10, .box_h = 5, .ofs_x = 1, .ofs_y = 7},
    {.bitmap_index = 1927, .adv_w = 134, .box_w = 7, .box_h = 7, .ofs_x = 1, .ofs_y = 0},
    {.bitmap_index = 1952, .adv_w = 201, .box_w = 16, .box_h = 31, .ofs_x = -2, .ofs_y = -3},
    {.bitmap_index = 2200, .adv_w = 348, .box_w = 20, .box_h = 23, .ofs_x = 1, .ofs_y = 0},
    {.bitmap_index = 2430, .adv_w = 201, .box_w = 10, .box_h = 23, .ofs_x = 0, .ofs_y = 0},
    {.bitmap_index = 2545, .adv_w = 302, .box_w = 18, .box_h = 23, .ofs_x = 0, .ofs_y = 0},
    {.bitmap_index = 2752, .adv_w = 303, .box_w = 19, .box_h = 23, .ofs_x = -1, .ofs_y = 0},
    {.bitmap_index = 2971, .adv_w = 353, .box_w = 22, .box_h = 23, .ofs_x = 0, .ofs_y = 0},
    {.bitmap_index = 3224, .adv_w = 305, .box_w = 19, .box_h = 23, .ofs_x = 0, .ofs_y = 0},
    {.bitmap_index = 3443, .adv_w = 326, .box_w = 19, .box_h = 23, .ofs_x = 1, .ofs_y = 0},
    {.bitmap_index = 3662, .adv_w = 317, .box_w = 19, .box_h = 23, .ofs_x = 0, .ofs_y = 0},
    {.bitmap_index = 3881, .adv_w = 338, .box_w = 19, .box_h = 23, .ofs_x = 1, .ofs_y = 0},
    {.bitmap_index = 4100, .adv_w = 326, .box_w = 20, .box_h = 23, .ofs_x = 0, .ofs_y = 0},
    {.bitmap_index = 4330, .adv_w = 134, .box_w = 7, .box_h = 18, .ofs_x = 1, .ofs_y = 0},
    {.bitmap_index = 4393, .adv_w = 134, .box_w = 7, .box_h = 23, .ofs_x = 1, .ofs_y = -5},
    {.bitmap_index = 4474, .adv_w = 307, .box_w = 17, .box_h = 17, .ofs_x = 1, .ofs_y = 3},
    {.bitmap_index = 4619, .adv_w = 307, .box_w = 17, .box_h = 13, .ofs_x = 1, .ofs_y = 5},
    {.bitmap_index = 4730, .adv_w = 307, .box_w = 17, .box_h = 17, .ofs_x = 1, .ofs_y = 3},
    {.bitmap_index = 4875, .adv_w = 302, .box_w = 19, .box_h = 23, .ofs_x = -1, .ofs_y = 0},
    {.bitmap_index = 5094, .adv_w = 530, .box_w = 31, .box_h = 29, .ofs_x = 1, .ofs_y = -6},
    {.bitmap_index = 5544, .adv_w = 392, .box_w = 26, .box_h = 23, .ofs_x = -1, .ofs_y = 0},
    {.bitmap_index = 5843, .adv_w = 392, .box_w = 22, .box_h = 23, .ofs_x = 2, .ofs_y = 0},
    {.bitmap_index = 6096, .adv_w = 371, .box_w = 22, .box_h = 23, .ofs_x = 1, .ofs_y = 0},
    {.bitmap_index = 6349, .adv_w = 423, .box_w = 24, .box_h = 23, .ofs_x = 2, .ofs_y = 0},
    {.bitmap_index = 6625, .adv_w = 344, .box_w = 18, .box_h = 23, .ofs_x = 2, .ofs_y = 0},
    {.bitmap_index = 6832, .adv_w = 327, .box_w = 18, .box_h = 23, .ofs_x = 2, .ofs_y = 0},
    {.bitmap_index = 7039, .adv_w = 395, .box_w = 22, .box_h = 23, .ofs_x = 1, .ofs_y = 0},
    {.bitmap_index = 7292, .adv_w = 414, .box_w = 22, .box_h = 23, .ofs_x = 2, .ofs_y = 0},
    {.bitmap_index = 7545, .adv_w = 168, .box_w = 6, .box_h = 23, .ofs_x = 2, .ofs_y = 0},
    {.bitmap_index = 7614, .adv_w = 277, .box_w = 16, .box_h = 23, .ofs_x = -1, .ofs_y = 0},
    {.bitmap_index = 7798, .adv_w = 379, .box_w = 23, .box_h = 23, .ofs_x = 2, .ofs_y = 0},
    {.bitmap_index = 8063, .adv_w = 309, .box_w = 18, .box_h = 23, .ofs_x = 2, .ofs_y = 0},
    {.bitmap_index = 8270, .adv_w = 489, .box_w = 26, .box_h = 23, .ofs_x = 2, .ofs_y = 0},
    {.bitmap_index = 8569, .adv_w = 414, .box_w = 22, .box_h = 23, .ofs_x = 2, .ofs_y = 0},
    {.bitmap_index = 8822, .adv_w = 432, .box_w = 25, .box_h = 23, .ofs_x = 1, .ofs_y = 0},
    {.bitmap_index = 9110, .adv_w = 375, .box_w = 21, .box_h = 23, .ofs_x = 2, .ofs_y = 0},
    {.bitmap_index = 9352, .adv_w = 432, .box_w = 26, .box_h = 29, .ofs_x = 1, .ofs_y = -6},
    {.bitmap_index = 9729, .adv_w = 376, .box_w = 21, .box_h = 23, .ofs_x = 2, .ofs_y = 0},
    {.bitmap_index = 9971, .adv_w = 327, .box_w = 20, .box_h = 23, .ofs_x = 0, .ofs_y = 0},
    {.bitmap_index = 10201, .adv_w = 316, .box_w = 20, .box_h = 23, .ofs_x = 0, .ofs_y = 0},
    {.bitmap_index = 10431, .adv_w = 403, .box_w = 21, .box_h = 23, .ofs_x = 2, .ofs_y = 0},
    {.bitmap_index = 10673, .adv_w = 382, .box_w = 26, .box_h = 23, .ofs_x = -1, .ofs_y = 0},
    {.bitmap_index = 10972, .adv_w = 595, .box_w = 37, .box_h = 23, .ofs_x = 0, .ofs_y = 0},
    {.bitmap_index = 11398, .adv_w = 366, .box_w = 23, .box_h = 23, .ofs_x = 0, .ofs_y = 0},
    {.bitmap_index = 11663, .adv_w = 346, .box_w = 24, .box_h = 23, .ofs_x = -1, .ofs_y = 0},
    {.bitmap_index = 11939, .adv_w = 344, .box_w = 20, .box_h = 23, .ofs_x = 1, .ofs_y = 0},
    {.bitmap_index = 12169, .adv_w = 188, .box_w = 10, .box_h = 31, .ofs_x = 2, .ofs_y = -6},
    {.bitmap_index = 12324, .adv_w = 201, .box_w = 16, .box_h = 31, .ofs_x = -2, .ofs_y = -3},
    {.bitmap_index = 12572, .adv_w = 188, .box_w = 10, .box_h = 31, .ofs_x = 0, .ofs_y = -6},
    {.bitmap_index = 12727, .adv_w = 307, .box_w = 17, .box_h = 14, .ofs_x = 1, .ofs_y = 5},
    {.bitmap_index = 12846, .adv_w = 256, .box_w = 16, .box_h = 3, .ofs_x = 0, .ofs_y = -3},
    {.bitmap_index = 12870, .adv_w = 307, .box_w = 11, .box_h = 5, .ofs_x = 2, .ofs_y = 20},
    {.bitmap_index = 12898, .adv_w = 316, .box_w = 17, .box_h = 18, .ofs_x = 1, .ofs_y = 0},
    {.bitmap_index = 13051, .adv_w = 353, .box_w = 20, .box_h = 25, .ofs_x = 2, .ofs_y = 0},
    {.bitmap_index = 13301, .adv_w = 303, .box_w = 18, .box_h = 18, .ofs_x = 1, .ofs_y = 0},
    {.bitmap_index = 13463, .adv_w = 354, .box_w = 19, .box_h = 25, .ofs_x = 1, .ofs_y = 0},
    {.bitmap_index = 13701, .adv_w = 323, .box_w = 19, .box_h = 18, .ofs_x = 1, .ofs_y = 0},
    {.bitmap_index = 13872, .adv_w = 198, .box_w = 14, .box_h = 25, .ofs_x = 0, .ofs_y = 0},
    {.bitmap_index = 14047, .adv_w = 358, .box_w = 20, .box_h = 24, .ofs_x = 1, .ofs_y = -6},
    {.bitmap_index = 14287, .adv_w = 354, .box_w = 18, .box_h = 25, .ofs_x = 2, .ofs_y = 0},
    {.bitmap_index = 14512, .adv_w = 154, .box_w = 7, .box_h = 26, .ofs_x = 1, .ofs_y = 0},
    {.bitmap_index = 14603, .adv_w = 157, .box_w = 12, .box_h = 33, .ofs_x = -3, .ofs_y = -6},
    {.bitmap_index = 14801, .adv_w = 335, .box_w = 20, .box_h = 25, .ofs_x = 2, .ofs_y = 0},
    {.bitmap_index = 15051, .adv_w = 154, .box_w = 6, .box_h = 25, .ofs_x = 2, .ofs_y = 0},
    {.bitmap_index = 15126, .adv_w = 537, .box_w = 30, .box_h = 18, .ofs_x = 2, .ofs_y = 0},
    {.bitmap_index = 15396, .adv_w = 354, .box_w = 18, .box_h = 18, .ofs_x = 2, .ofs_y = 0},
    {.bitmap_index = 15558, .adv_w = 335, .box_w = 19, .box_h = 18, .ofs_x = 1, .ofs_y = 0},
    {.bitmap_index = 15729, .adv_w = 353, .box_w = 20, .box_h = 24, .ofs_x = 2, .ofs_y = -6},
    {.bitmap_index = 15969, .adv_w = 353, .box_w = 19, .box_h = 24, .ofs_x = 1, .ofs_y = -6},
    {.bitmap_index = 16197, .adv_w = 221, .box_w = 11, .box_h = 18, .ofs_x = 2, .ofs_y = 0},
    {.bitmap_index = 16296, .adv_w = 272, .box_w = 17, .box_h = 18, .ofs_x = 0, .ofs_y = 0},
    {.bitmap_index = 16449, .adv_w = 223, .box_w = 14, .box_h = 22, .ofs_x = 0, .ofs_y = 0},
    {.bitmap_index = 16603, .adv_w = 352, .box_w = 18, .box_h = 18, .ofs_x = 2, .ofs_y = 0},
    {.bitmap_index = 16765, .adv_w = 306, .box_w = 21, .box_h = 18, .ofs_x = -1, .ofs_y = 0},
    {.bitmap_index = 16954, .adv_w = 480, .box_w = 30, .box_h = 18, .ofs_x = 0, .ofs_y = 0},
    {.bitmap_index = 17224, .adv_w = 305, .box_w = 19, .box_h = 18, .ofs_x = 0, .ofs_y = 0},
    {.bitmap_index = 17395, .adv_w = 306, .box_w = 21, .box_h = 24, .ofs_x = -1, .ofs_y = -6},
    {.bitmap_index = 17647, .adv_w = 278, .box_w = 16, .box_h = 18, .ofs_x = 1, .ofs_y = 0},
    {.bitmap_index = 17791, .adv_w = 200, .box_w = 12, .box_h = 31, .ofs_x = 1, .ofs_y = -6},
    {.bitmap_index = 17977, .adv_w = 158, .box_w = 6, .box_h = 31, .ofs_x = 2, .ofs_y = -6},
    {.bitmap_index = 18070, .adv_w = 200, .box_w = 11, .box_h = 31, .ofs_x = 0, .ofs_y = -6},
    {.bitmap_index = 18241, .adv_w = 307, .box_w = 17, .box_h = 7, .ofs_x = 1, .ofs_y = 8},
    {.bitmap_index = 18301, .adv_w = 148, .box_w = 7, .box_h = 23, .ofs_x = 1, .ofs_y = -5},
    {.bitmap_index = 18382, .adv_w = 303, .box_w = 18, .box_h = 26, .ofs_x = 1, .ofs_y = -4},
    {.bitmap_index = 18616, .adv_w = 342, .box_w = 21, .box_h = 23, .ofs_x = 0, .ofs_y = 0},
    {.bitmap_index = 18858, .adv_w = 358, .box_w = 22, .box_h = 23, .ofs_x = 0, .ofs_y = -1},
    {.bitmap_index = 19111, .adv_w = 377, .box_w = 26, .box_h = 23, .ofs_x = -1, .ofs_y = 0},
    {.bitmap_index = 19410, .adv_w = 158, .box_w = 6, .box_h = 31, .ofs_x = 2, .ofs_y = -6},
    {.bitmap_index = 19503, .adv_w = 267, .box_w = 17, .box_h = 27, .ofs_x = 0, .ofs_y = -4},
    {.bitmap_index = 19733, .adv_w = 307, .box_w = 12, .box_h = 5, .ofs_x = 4, .ofs_y = 20},
    {.bitmap_index = 19763, .adv_w = 402, .box_w = 23, .box_h = 24, .ofs_x = 1, .ofs_y = 0},
    {.bitmap_index = 20039, .adv_w = 211, .box_w = 12, .box_h = 11, .ofs_x = 0, .ofs_y = 13},
    {.bitmap_index = 20105, .adv_w = 291, .box_w = 17, .box_h = 13, .ofs_x = 1, .ofs_y = 2},
    {.bitmap_index = 20216, .adv_w = 307, .box_w = 17, .box_h = 10, .ofs_x = 1, .ofs_y = 4},
    {.bitmap_index = 20301, .adv_w = 402, .box_w = 23, .box_h = 24, .ofs_x = 1, .ofs_y = 0},
    {.bitmap_index = 20577, .adv_w = 307, .box_w = 13, .box_h = 3, .ofs_x = 3, .ofs_y = 21},
    {.bitmap_index = 20597, .adv_w = 214, .box_w = 12, .box_h = 12, .ofs_x = 1, .ofs_y = 12},
    {.bitmap_index = 20669, .adv_w = 307, .box_w = 17, .box_h = 22, .ofs_x = 1, .ofs_y = 0},
    {.bitmap_index = 20856, .adv_w = 220, .box_w = 13, .box_h = 13, .ofs_x = 0, .ofs_y = 11},
    {.bitmap_index = 20941, .adv_w = 220, .box_w = 13, .box_h = 13, .ofs_x = 0, .ofs_y = 11},
    {.bitmap_index = 21026, .adv_w = 307, .box_w = 11, .box_h = 5, .ofs_x = 6, .ofs_y = 20},
    {.bitmap_index = 21054, .adv_w = 353, .box_w = 18, .box_h = 24, .ofs_x = 2, .ofs_y = -6},
    {.bitmap_index = 21270, .adv_w = 351, .box_w = 20, .box_h = 28, .ofs_x = 0, .ofs_y = -3},
    {.bitmap_index = 21550, .adv_w = 155, .box_w = 7, .box_h = 7, .ofs_x = 1, .ofs_y = 6},
    {.bitmap_index = 21575, .adv_w = 307, .box_w = 9, .box_h = 8, .ofs_x = 5, .ofs_y = -8},
    {.bitmap_index = 21611, .adv_w = 220, .box_w = 11, .box_h = 13, .ofs_x = 2, .ofs_y = 11},
    {.bitmap_index = 21683, .adv_w = 219, .box_w = 13, .box_h = 11, .ofs_x = 0, .ofs_y = 13},
    {.bitmap_index = 21755, .adv_w = 291, .box_w = 18, .box_h = 13, .ofs_x = 0, .ofs_y = 2},
    {.bitmap_index = 21872, .adv_w = 535, .box_w = 31, .box_h = 23, .ofs_x = 2, .ofs_y = 0},
    {.bitmap_index = 22229, .adv_w = 535, .box_w = 31, .box_h = 23, .ofs_x = 2, .ofs_y = 0},
    {.bitmap_index = 22586, .adv_w = 535, .box_w = 33, .box_h = 23, .ofs_x = 0, .ofs_y = 0},
    {.bitmap_index = 22966, .adv_w = 302, .box_w = 18, .box_h = 24, .ofs_x = 1, .ofs_y = -6},
    {.bitmap_index = 23182, .adv_w = 392, .box_w = 26, .box_h = 30, .ofs_x = -1, .ofs_y = 0},
    {.bitmap_index = 23572, .adv_w = 392, .box_w = 26, .box_h = 30, .ofs_x = -1, .ofs_y = 0},
    {.bitmap_index = 23962, .adv_w = 392, .box_w = 26, .box_h = 30, .ofs_x = -1, .ofs_y = 0},
    {.bitmap_index = 24352, .adv_w = 392, .box_w = 26, .box_h = 30, .ofs_x = -1, .ofs_y = 0},
    {.bitmap_index = 24742, .adv_w = 392, .box_w = 26, .box_h = 30, .ofs_x = -1, .ofs_y = 0},
    {.bitmap_index = 25132, .adv_w = 392, .box_w = 26, .box_h = 32, .ofs_x = -1, .ofs_y = 0},
    {.bitmap_index = 25548, .adv_w = 553, .box_w = 35, .box_h = 23, .ofs_x = -1, .ofs_y = 0},
    {.bitmap_index = 25951, .adv_w = 371, .box_w = 22, .box_h = 31, .ofs_x = 1, .ofs_y = -8},
    {.bitmap_index = 26292, .adv_w = 344, .box_w = 18, .box_h = 30, .ofs_x = 2, .ofs_y = 0},
    {.bitmap_index = 26562, .adv_w = 344, .box_w = 18, .box_h = 30, .ofs_x = 2, .ofs_y = 0},
    {.bitmap_index = 26832, .adv_w = 344, .box_w = 18, .box_h = 30, .ofs_x = 2, .ofs_y = 0},
    {.bitmap_index = 27102, .adv_w = 344, .box_w = 18, .box_h = 30, .ofs_x = 2, .ofs_y = 0},
    {.bitmap_index = 27372, .adv_w = 168, .box_w = 11, .box_h = 30, .ofs_x = -2, .ofs_y = 0},
    {.bitmap_index = 27537, .adv_w = 168, .box_w = 11, .box_h = 30, .ofs_x = 2, .ofs_y = 0},
    {.bitmap_index = 27702, .adv_w = 168, .box_w = 14, .box_h = 30, .ofs_x = -2, .ofs_y = 0},
    {.bitmap_index = 27912, .adv_w = 168, .box_w = 12, .box_h = 30, .ofs_x = -1, .ofs_y = 0},
    {.bitmap_index = 28092, .adv_w = 430, .box_w = 26, .box_h = 23, .ofs_x = 0, .ofs_y = 0},
    {.bitmap_index = 28391, .adv_w = 414, .box_w = 22, .box_h = 30, .ofs_x = 2, .ofs_y = 0},
    {.bitmap_index = 28721, .adv_w = 432, .box_w = 25, .box_h = 30, .ofs_x = 1, .ofs_y = 0},
    {.bitmap_index = 29096, .adv_w = 432, .box_w = 25, .box_h = 30, .ofs_x = 1, .ofs_y = 0},
    {.bitmap_index = 29471, .adv_w = 432, .box_w = 25, .box_h = 30, .ofs_x = 1, .ofs_y = 0},
    {.bitmap_index = 29846, .adv_w = 432, .box_w = 25, .box_h = 31, .ofs_x = 1, .ofs_y = 0},
    {.bitmap_index = 30234, .adv_w = 432, .box_w = 25, .box_h = 30, .ofs_x = 1, .ofs_y = 0},
    {.bitmap_index = 30609, .adv_w = 307, .box_w = 15, .box_h = 15, .ofs_x = 2, .ofs_y = 4},
    {.bitmap_index = 30722, .adv_w = 432, .box_w = 25, .box_h = 28, .ofs_x = 1, .ofs_y = -2},
    {.bitmap_index = 31072, .adv_w = 403, .box_w = 21, .box_h = 30, .ofs_x = 2, .ofs_y = 0},
    {.bitmap_index = 31387, .adv_w = 403, .box_w = 21, .box_h = 30, .ofs_x = 2, .ofs_y = 0},
    {.bitmap_index = 31702, .adv_w = 403, .box_w = 21, .box_h = 30, .ofs_x = 2, .ofs_y = 0},
    {.bitmap_index = 32017, .adv_w = 403, .box_w = 21, .box_h = 30, .ofs_x = 2, .ofs_y = 0},
    {.bitmap_index = 32332, .adv_w = 346, .box_w = 24, .box_h = 30, .ofs_x = -1, .ofs_y = 0},
    {.bitmap_index = 32692, .adv_w = 375, .box_w = 21, .box_h = 23, .ofs_x = 2, .ofs_y = 0},
    {.bitmap_index = 32934, .adv_w = 355, .box_w = 20, .box_h = 25, .ofs_x = 2, .ofs_y = 0},
    {.bitmap_index = 33184, .adv_w = 316, .box_w = 17, .box_h = 25, .ofs_x = 1, .ofs_y = 0},
    {.bitmap_index = 33397, .adv_w = 316, .box_w = 17, .box_h = 25, .ofs_x = 1, .ofs_y = 0},
    {.bitmap_index = 33610, .adv_w = 316, .box_w = 17, .box_h = 25, .ofs_x = 1, .ofs_y = 0},
    {.bitmap_index = 33823, .adv_w = 316, .box_w = 17, .box_h = 25, .ofs_x = 1, .ofs_y = 0},
    {.bitmap_index = 34036, .adv_w = 316, .box_w = 17, .box_h = 25, .ofs_x = 1, .ofs_y = 0},
    {.bitmap_index = 34249, .adv_w = 316, .box_w = 17, .box_h = 28, .ofs_x = 1, .ofs_y = 0},
    {.bitmap_index = 34487, .adv_w = 510, .box_w = 30, .box_h = 18, .ofs_x = 1, .ofs_y = 0},
    {.bitmap_index = 34757, .adv_w = 303, .box_w = 18, .box_h = 26, .ofs_x = 1, .ofs_y = -8},
    {.bitmap_index = 34991, .adv_w = 323, .box_w = 19, .box_h = 25, .ofs_x = 1, .ofs_y = 0},
    {.bitmap_index = 35229, .adv_w = 323, .box_w = 19, .box_h = 25, .ofs_x = 1, .ofs_y = 0},
    {.bitmap_index = 35467, .adv_w = 323, .box_w = 19, .box_h = 25, .ofs_x = 1, .ofs_y = 0},
    {.bitmap_index = 35705, .adv_w = 323, .box_w = 19, .box_h = 25, .ofs_x = 1, .ofs_y = 0},
    {.bitmap_index = 35943, .adv_w = 154, .box_w = 10, .box_h = 25, .ofs_x = -2, .ofs_y = 0},
    {.bitmap_index = 36068, .adv_w = 154, .box_w = 11, .box_h = 25, .ofs_x = 1, .ofs_y = 0},
    {.bitmap_index = 36206, .adv_w = 154, .box_w = 12, .box_h = 25, .ofs_x = -1, .ofs_y = 0},
    {.bitmap_index = 36356, .adv_w = 154, .box_w = 10, .box_h = 25, .ofs_x = 0, .ofs_y = 0},
    {.bitmap_index = 36481, .adv_w = 314, .box_w = 19, .box_h = 26, .ofs_x = 0, .ofs_y = 0},
    {.bitmap_index = 36728, .adv_w = 354, .box_w = 18, .box_h = 25, .ofs_x = 2, .ofs_y = 0},
    {.bitmap_index = 36953, .adv_w = 335, .box_w = 19, .box_h = 25, .ofs_x = 1, .ofs_y = 0},
    {.bitmap_index = 37191, .adv_w = 335, .box_w = 19, .box_h = 25, .ofs_x = 1, .ofs_y = 0},
    {.bitmap_index = 37429, .adv_w = 335, .box_w = 19, .box_h = 25, .ofs_x = 1, .ofs_y = 0},
    {.bitmap_index = 37667, .adv_w = 335, .box_w = 19, .box_h = 25, .ofs_x = 1, .ofs_y = 0},
    {.bitmap_index = 37905, .adv_w = 335, .box_w = 19, .box_h = 25, .ofs_x = 1, .ofs_y = 0},
    {.bitmap_index = 38143, .adv_w = 307, .box_w = 17, .box_h = 19, .ofs_x = 1, .ofs_y = 2},
    {.bitmap_index = 38305, .adv_w = 335, .box_w = 19, .box_h = 22, .ofs_x = 1, .ofs_y = -2},
    {.bitmap_index = 38514, .adv_w = 352, .box_w = 18, .box_h = 25, .ofs_x = 2, .ofs_y = 0},
    {.bitmap_index = 38739, .adv_w = 352, .box_w = 18, .box_h = 25, .ofs_x = 2, .ofs_y = 0},
    {.bitmap_index = 38964, .adv_w = 352, .box_w = 18, .box_h = 25, .ofs_x = 2, .ofs_y = 0},
    {.bitmap_index = 39189, .adv_w = 352, .box_w = 18, .box_h = 25, .ofs_x = 2, .ofs_y = 0},
    {.bitmap_index = 39414, .adv_w = 306, .box_w = 21, .box_h = 32, .ofs_x = -1, .ofs_y = -6},
    {.bitmap_index = 39750, .adv_w = 353, .box_w = 20, .box_h = 31, .ofs_x = 2, .ofs_y = -6},
    {.bitmap_index = 40060, .adv_w = 306, .box_w = 21, .box_h = 32, .ofs_x = -1, .ofs_y = -6}
};

/*---------------------
 *  CHARACTER MAPPING
 *--------------------*/



/*Collect the unicode lists and glyph_id offsets*/
static const lv_font_fmt_txt_cmap_t cmaps[] =
{
    {
        .range_start = 32, .range_length = 95, .glyph_id_start = 1,
        .unicode_list = NULL, .glyph_id_ofs_list = NULL, .list_length = 0, .type = LV_FONT_FMT_TXT_CMAP_FORMAT0_TINY
    },
    {
        .range_start = 161, .range_length = 12, .glyph_id_start = 96,
        .unicode_list = NULL, .glyph_id_ofs_list = NULL, .list_length = 0, .type = LV_FONT_FMT_TXT_CMAP_FORMAT0_TINY
    },
    {
        .range_start = 174, .range_length = 82, .glyph_id_start = 108,
        .unicode_list = NULL, .glyph_id_ofs_list = NULL, .list_length = 0, .type = LV_FONT_FMT_TXT_CMAP_FORMAT0_TINY
    }
};

/*-----------------
 *    KERNING
 *----------------*/


/*Map glyph_ids to kern left classes*/
static const uint8_t kern_left_class_mapping[] =
{
    0, 0, 1, 2, 0, 3, 4, 5,
    2, 6, 0, 7, 8, 9, 8, 9,
    10, 11, 0, 12, 13, 14, 15, 16,
    17, 18, 11, 19, 19, 0, 0, 0,
    20, 21, 0, 0, 0, 0, 0, 0,
    0, 0, 0, 0, 0, 0, 0, 0,
    0, 0, 0, 0, 0, 0, 0, 0,
    0, 0, 0, 0, 22, 23, 0, 0,
    24, 0, 0, 0, 0, 0, 0, 0,
    0, 0, 0, 0, 0, 0, 0, 0,
    0, 0, 0, 0, 0, 0, 0, 0,
    0, 0, 0, 0, 22, 0, 0, 8,
    25, 26, 27, 28, 29, 0, 30, 0,
    21, 0, 31, 0, 21, 0, 32, 8,
    0, 0, 0, 33, 0, 8, 0, 0,
    0, 8, 0, 0, 0, 34, 0, 0,
    0, 0, 0, 0, 0, 0, 0, 0,
    0, 0, 0, 0, 0, 0, 0, 0,
    0, 0, 0, 0, 0, 0, 0, 0,
    0, 0, 0, 0, 0, 0, 0, 0,
    0, 0, 0, 0, 0, 0, 0, 0,
    0, 0, 0, 0, 0, 0, 0, 0,
    0, 0, 0, 0, 0, 8, 0, 0,
    0, 0, 0, 0, 0, 0
};

/*Map glyph_ids to kern right classes*/
static const uint8_t kern_right_class_mapping[] =
{
    0, 0, 1, 2, 0, 3, 4, 5,
    2, 0, 6, 7, 8, 9, 8, 9,
    10, 11, 12, 13, 14, 15, 16, 11,
    17, 18, 19, 20, 20, 0, 0, 0,
    21, 22, 0, 0, 0, 0, 0, 0,
    0, 0, 0, 0, 0, 0, 0, 0,
    0, 0, 0, 0, 0, 0, 0, 0,
    0, 0, 0, 0, 23, 24, 25, 0,
    26, 0, 0, 0, 0, 0, 0, 0,
    0, 0, 0, 0, 0, 0, 0, 0,
    0, 0, 0, 0, 0, 0, 0, 0,
    0, 0, 0, 0, 0, 0, 25, 8,
    27, 28, 29, 30, 31, 0, 32, 0,
    22, 0, 8, 8, 22, 0, 33, 8,
    0, 0, 0, 34, 35, 8, 0, 0,
    0, 36, 0, 0, 0, 37, 0, 0,
    0, 0, 0, 0, 0, 0, 0, 0,
    0, 0, 0, 0, 0, 0, 0, 0,
    0, 0, 0, 0, 0, 0, 0, 0,
    0, 0, 0, 0, 0, 0, 0, 0,
    0, 0, 0, 0, 0, 0, 0, 0,
    0, 0, 0, 0, 0, 0, 0, 0,
    0, 0, 0, 0, 0, 8, 0, 0,
    0, 0, 0, 0, 0, 0
};

/*Kern values between classes*/
static const int8_t kern_class_values[] =
{
    0, 2, 0, 0, 0, 0, 4, 0,
    2, 0, 0, 5, 0, 0, 0, 0,
    2, 0, 0, 0, 0, 0, 0, 0,
    2, 0, 0, 0, 0, 0, 10, 0,
    0, 0, 0, 0, 0, 2, 23, 0,
    12, -9, 0, 10, 0, -28, -31, 2,
    23, 9, 7, -20, 2, 20, 0, 19,
    5, 14, -8, 0, 31, 7, -2, 0,
    -8, 0, -10, 10, 0, 10, 0, 17,
    0, -15, 0, -15, 0, 0, 0, 0,
    -10, 7, 10, 0, 0, -5, 0, -2,
    5, 0, -5, 0, -5, -3, -10, 0,
    0, -5, 0, -10, -1, 0, 0, 0,
    0, 0, -8, 0, 0, 0, -5, 0,
    -12, 0, -64, 0, -10, -26, 10, 15,
    0, 0, -10, 5, 5, 16, 10, -7,
    10, 0, 0, -28, 0, 0, -17, 0,
    0, 0, 13, 0, 0, 0, 0, -12,
    0, 0, 0, 0, -7, -20, 0, -20,
    -2, 0, -15, 0, -2, 15, 0, -15,
    -7, -2, 2, 0, -7, 0, 0, -4,
    -33, 0, 0, -41, -7, 11, -5, 0,
    0, 0, 0, 0, -26, 0, -29, 0,
    -2, 0, 0, 0, 0, 0, 0, 0,
    0, 0, 18, 0, 5, 0, 0, -10,
    0, 0, 0, 0, 0, 0, 0, 0,
    22, 7, 2, 0, 0, 0, 0, 13,
    0, 0, 0, 0, 0, 0, 4, 10,
    5, 15, -5, 0, 10, -5, -18, -68,
    2, 12, 10, -1, -6, 0, 12, 0,
    14, 0, 14, 0, 0, 0, 2, -5,
    0, -7, 0, 2, 0, 0, 15, 0,
    17, 8, -39, 0, 0, -7, -17, 0,
    0, -5, 2, -4, 0, 2, -11, -8,
    -10, 2, 0, -5, 0, 0, 0, -20,
    2, 0, -33, 0, 0, 0, 5, 0,
    2, -13, 5, 0, 0, -43, -5, 0,
    2, -28, 5, -34, 0, 0, -18, -4,
    0, 46, -7, -8, 5, 5, 0, 0,
    -8, 5, 0, 0, -29, -10, 0, -48,
    0, 5, 2, -4, 0, -5, -15, 0,
    -34, 0, -73, 2, 5, 0, 31, -10,
    0, -17, 18, 0, -36, -48, -37, -10,
    15, 0, 0, -33, 0, 4, -13, 0,
    -8, 0, -10, 0, 7, 15, -60, -33,
    -33, -5, 0, 20, -10, 23, -33, 0,
    -20, -38, 0, 2, 0, 0, 0, 0,
    2, 2, -7, -10, 0, -2, -2, -5,
    0, 0, -2, 0, 0, 0, -10, 0,
    0, -10, 0, -10, 0, 0, 0, 0,
    -7, 0, 0, 0, 0, 0, -15, 0,
    0, 0, 5, -2, 0, 0, -2, 5,
    5, 0, 0, 0, 0, -5, 0, 0,
    0, 0, 0, 0, 0, 0, -2, 0,
    15, 0, -5, 0, 0, 0, 0, 0,
    0, 0, 0, 0, 0, -5, 0, -5,
    0, 0, 0, 0, 0, 0, 0, 0,
    -3, -3, 0, -5, -5, 0, 0, 0,
    0, 0, 0, 0, 0, 0, 0, 0,
    0, 0, 0, 0, -8, 0, 0, 0,
    0, 0, -15, -2, -15, 10, 0, -10,
    5, 10, 12, 0, -13, 0, -4, 0,
    0, -22, 5, -2, 4, -29, 5, 0,
    -26, 0, 10, 0, 8, 5, 5, -5,
    13, -15, 0, -12, 0, 5, 0, 0,
    0, -5, 0, 0, -5, 0, 0, 0,
    0, 0, -3, -3, 0, -3, -6, 0,
    0, 0, 0, 0, 0, -5, 0, 0,
    0, 0, 0, 0, 0, 0, -4, 0,
    0, 0, 0, 0, -2, 0, -10, 5,
    0, -4, 3, 5, 5, 0, 0, 0,
    0, 0, 0, -2, 0, 0, 0, 0,
    0, 0, 0, 0, 0, 0, 4, 0,
    5, 0, 10, -8, 0, 0, 0, 0,
    0, 15, -2, 2, -14, 0, 12, -26,
    -25, -20, -10, 5, 0, -4, -33, -9,
    0, -9, 0, -10, 8, -9, 0, 5,
    4, -15, -12, -26, -6, -10, 8, -5,
    5, -10, 12, -7, -29, 0, 0, 0,
    -5, 0, 0, 2, 0, 5, 0, 0,
    0, 0, 0, 0, 0, 0, 0, 0,
    0, -5, 0, 0, -15, 0, 0, 0,
    0, 0, 0, -5, 5, 0, 0, 0,
    0, -10, 0, 5, 0, 0, 0, 0,
    0, 0, 0, 27, 0, 0, 0, 0,
    0, 0, 2, 0, 0, 0, -5, 0,
    0, -11, 0, 5, 0, 0, 0, 0,
    -20, 0, 0, 0, 0, 0, 0, -2,
    0, 0, 0, -5, 0, 4, 0, -26,
    -15, 0, 0, 0, -8, -26, 0, 0,
    -5, 5, 0, -15, -2, -4, 0, 0,
    -8, -2, -5, 0, 0, -8, 0, 5,
    0, 0, 5, -52, 0, -8, 0, 0,
    0, 4, 0, 2, -10, -10, 0, -5,
    -5, -7, 0, 0, 0, 0, 0, 0,
    -15, 0, 0, -10, 7, -15, 0, 0,
    0, 0, 0, 0, 5, 0, 0, 0,
    -10, 2, 7, 0, 0, 0, 7, 2,
    -2, 0, 22, 0, 12, 2, 2, -8,
    0, 10, 0, 0, 0, 7, 0, 0,
    15, 0, 17, 2, 0, 0, 0, 13,
    0, 0, 0, 2, 0, 0, 0, -31,
    0, -5, 7, 15, -68, 0, 46, 4,
    -10, -10, 5, 5, -2, 2, -26, 0,
    0, 27, -31, -10, 0, -37, 22, 72,
    20, 0, 0, 0, 0, 15, -31, 0,
    -15, 3, 15, 0, -2, 10, -12, 0,
    2, -5, 0, 5, 61, -10, -4, 14,
    12, -12, 5, 0, 0, 5, 5, -9,
    -15, 0, -67, 17, 0, 10, -12, 7,
    -2, -5, 12, 0, 0, -27, 5, 0,
    0, 0, 0, 0, 0, 0, 0, 0,
    2, 20, 0, -10, 0, 0, 0, 0,
    0, 0, 0, 0, -2, 0, 0, -28,
    2, 10, 0, 0, 0, 0, -10, 0,
    0, 0, 0, 0, 0, 0, 0, 0,
    0, -9, -12, 8, -10, 10, 0, -2,
    -11, -2, -7, -5, 0, -4, -3, -2,
    4, -10, -2, -2, -23, -3, 0, 0,
    -4, 0, 0, 0, -3, 9, 0, 0,
    0, -2, 0, 0, -5, 0, -16, 0,
    7, -15, -2, 7, -17, 7, -5, -5,
    -13, -8, 2, -16, -10, -15, 0, -6,
    0, 7, 2, 7, -13, -15, 0, 0,
    0, -5, 0, -10, 4, -8, -10, 0,
    0, 0, 0, 0, 0, 2, 2, -5,
    0, 0, 0, -4, 0, 0, 0, -4,
    0, 0, 0, 0, 0, 0, 0, 0,
    -2, 0, 0, 0, 0, 0, 0, 0,
    0, 0, 0, -2, 10, 10, 0, 0,
    0, 13, 0, -13, -15, -15, -7, 15,
    0, 5, -5, 0, 12, -5, 0, -20,
    0, 0, 0, 26, 13, -5, -10, 0,
    0, 0, 0, 0, 0, 0, 0, 0,
    -20, 0, 0, 0, 0, 0, 0, 0,
    10, 0, 9, 0, 0, 0, 0, 7,
    0, 2, 5, 0, 0, 0, 0, 0,
    0, 0, 2, 0, 2, 0, 0, 0,
    0, 0, 2, 0, 0, 0, 0, 0,
    0, 0, 0, 0, 8, -5, 2, 3,
    0, -2, 0, 0, 2, 2, 0, 0,
    0, 0, -5, 0, 0, -28, 0, 5,
    0, 0, 0, 0, 0, 0, 0, 0,
    0, 0, 2, 0, 10, 10, 13, 0,
    0, 15, 0, -34, -28, 0, 24, 15,
    9, -20, 2, 19, 0, 17, 0, 10,
    5, 0, 29, 0, 0, 0, -9, 0,
    0, 0, 0, 0, 0, 0, 0, -29,
    0, 0, -4, 0, 0, 0, 0, 0,
    0, 0, 0, -2, 0, 0, 0, 0,
    0, 0, 0, 0, 13, 0, 0, -33,
    0, 0, 0, 0, 0, 0, 0, 0,
    0, 0, 0, 0, 0, -2, -24, 0,
    -31, -7, 0, -44, -20, 2, 20, -27,
    -24, 0, 0, -24, 0, -24, -24, 0,
    -2, -70, -29, 0, -44, 7, 26, 0,
    -24, 7, -5, -26, 2, -32, -4, -47,
    -5, -7
};


/*Collect the kern class' data in one place*/
static const lv_font_fmt_txt_kern_classes_t kern_classes =
{
    .class_pair_values   = kern_class_values,
    .left_class_mapping  = kern_left_class_mapping,
    .right_class_mapping = kern_right_class_mapping,
    .left_class_cnt      = 34,
    .right_class_cnt     = 37,
};

/*--------------------
 *  ALL CUSTOM DATA
 *--------------------*/

#if LVGL_VERSION_MAJOR == 8
/*Store all the custom data of the font*/
static  lv_font_fmt_txt_glyph_cache_t cache;
#endif

#if LVGL_VERSION_MAJOR >= 8
static const lv_font_fmt_txt_dsc_t font_dsc = {
#else
static lv_font_fmt_txt_dsc_t font_dsc = {
#endif
    .glyph_bitmap = glyph_bitmap,
    .glyph_dsc = glyph_dsc,
    .cmaps = cmaps,
    .kern_dsc = &kern_classes,
    .kern_scale = 16,
    .cmap_num = 3,
    .bpp = 4,
    .kern_classes = 1,
    .bitmap_format = 0,
#if LVGL_VERSION_MAJOR == 8
    .cache = &cache
#endif
};



/*-----------------
 *  PUBLIC FONT
 *----------------*/

/*Initialize a public general font descriptor*/
#if LVGL_VERSION_MAJOR >= 8
const lv_font_t ui_font_montserrat_bold_32 = {
#else
lv_font_t ui_font_montserrat_bold_32 = {
#endif
    .get_glyph_dsc = lv_font_get_glyph_dsc_fmt_txt,    /*Function pointer to get glyph's data*/
    .get_glyph_bitmap = lv_font_get_bitmap_fmt_txt,    /*Function pointer to get glyph's bitmap*/
    .line_height = 40,          /*The maximum line height required by the font*/
    .base_line = 8,             /*Baseline measured from the bottom of the line*/
#if !(LVGL_VERSION_MAJOR == 6 && LVGL_VERSION_MINOR == 0)
    .subpx = LV_FONT_SUBPX_NONE,
#endif
#if LV_VERSION_CHECK(7, 4, 0) || LVGL_VERSION_MAJOR >= 8
    .underline_position = -3,
    .underline_thickness = 2,
#endif
    .dsc = &font_dsc,          /*The custom font data. Will be accessed by `get_glyph_bitmap/dsc` */
#if LV_VERSION_CHECK(8, 2, 0) || LVGL_VERSION_MAJOR >= 9
    .fallback = NULL,
#endif
    .user_data = NULL,
};



#endif /*#if UI_FONT_MONTSERRAT_BOLD_32*/

